# Blender v2.79 (sub 0) OBJ File: 'Burg Test.blend'
# www.blender.org
mtllib BurgSpikes.mtl
o BurgTeil.001_Cylinder.007
v 1.625914 12.706617 -238.314972
v -3.199835 12.759745 -238.416122
v 1.625914 13.193319 -238.059326
v -3.199835 13.246447 -238.160477
v -3.199835 13.959751 -240.700729
v -3.199835 14.446453 -240.445084
v 1.625914 13.959751 -240.700729
v 1.625914 14.446453 -240.445084
v -2.915967 12.756620 -238.410172
v -2.632100 12.753494 -238.404221
v -2.348232 12.750370 -238.398270
v -2.064365 12.747244 -238.392319
v -1.780497 12.744120 -238.386368
v -1.496629 12.740993 -238.380417
v -1.212762 12.737869 -238.374466
v -0.928894 12.734744 -238.368515
v -0.645027 12.731619 -238.362564
v -0.361159 12.728494 -238.356628
v -0.077291 12.725368 -238.350677
v 0.206576 12.722243 -238.344727
v 0.490444 12.719118 -238.338776
v 0.774311 12.715993 -238.332825
v 1.058179 12.712868 -238.326874
v 1.342047 12.709743 -238.320923
v -2.915967 13.243321 -238.154526
v -2.632100 13.240196 -238.148575
v -2.348232 13.237072 -238.142624
v -2.064365 13.233946 -238.136673
v -1.780497 13.230822 -238.130722
v -1.496629 13.227695 -238.124771
v -1.212762 13.224571 -238.118835
v -0.928894 13.221446 -238.112885
v -0.645027 13.218321 -238.106934
v -0.361159 13.215196 -238.100983
v -0.077291 13.212070 -238.095032
v 0.206576 13.208945 -238.089081
v 0.490444 13.205820 -238.083130
v 0.774311 13.202695 -238.077179
v 1.058179 13.199570 -238.071228
v 1.342047 13.196445 -238.065277
v 1.342047 14.446453 -240.445084
v 1.058179 14.446453 -240.445084
v 0.774312 14.446453 -240.445084
v 0.490444 14.446453 -240.445084
v 0.206576 14.446453 -240.445084
v -0.077291 14.446453 -240.445084
v -0.361159 14.446453 -240.445084
v -0.645026 14.446453 -240.445084
v -0.928894 14.446453 -240.445084
v -1.212762 14.446453 -240.445084
v -1.496629 14.446453 -240.445084
v -1.780497 14.446453 -240.445084
v -2.064364 14.446453 -240.445084
v -2.348232 14.446453 -240.445084
v -2.632100 14.446453 -240.445084
v -2.915967 14.446453 -240.445084
v -2.915967 13.959751 -240.700729
v -2.632100 13.959751 -240.700729
v -2.348232 13.959751 -240.700729
v -2.064365 13.959751 -240.700729
v -1.780497 13.959751 -240.700729
v -1.496629 13.959751 -240.700729
v -1.212762 13.959751 -240.700729
v -0.928894 13.959751 -240.700729
v -0.645027 13.959751 -240.700729
v -0.361159 13.959751 -240.700729
v -0.077291 13.959751 -240.700729
v 0.206576 13.959751 -240.700729
v 0.490444 13.959751 -240.700729
v 0.774311 13.959751 -240.700729
v 1.058179 13.959751 -240.700729
v 1.342047 13.959751 -240.700729
v -3.199835 14.346453 -240.254700
v -3.199835 14.246451 -240.064316
v -3.199835 14.146451 -239.873932
v -3.199835 14.046451 -239.683548
v -3.199835 13.946450 -239.493164
v -3.199835 13.846450 -239.302780
v -3.199835 13.746449 -239.112396
v -3.199835 13.646448 -238.922012
v -3.199835 13.546448 -238.731628
v -3.199835 13.446447 -238.541245
v -3.199835 13.346447 -238.350861
v -3.199835 12.859745 -238.606506
v -3.199835 12.959745 -238.796890
v -3.199835 13.059747 -238.987274
v -3.199835 13.159747 -239.177658
v -3.199835 13.259748 -239.368042
v -3.199835 13.359748 -239.558426
v -3.199835 13.459748 -239.748810
v -3.199835 13.559750 -239.939194
v -3.199835 13.659750 -240.129578
v -3.199835 13.759750 -240.319962
v -3.199835 13.859751 -240.510345
v 1.625914 13.297747 -238.258148
v 1.625914 13.402175 -238.456955
v 1.625914 13.506603 -238.655762
v 1.625914 13.611031 -238.854584
v 1.625914 13.715458 -239.053391
v 1.625914 13.819886 -239.252213
v 1.625914 13.924314 -239.451019
v 1.625914 14.028742 -239.649841
v 1.625914 14.133169 -239.848648
v 1.625914 14.237597 -240.047455
v 1.625914 14.342025 -240.246277
v 1.625914 12.811046 -238.513794
v 1.625914 12.915473 -238.712601
v 1.625914 13.019901 -238.911407
v 1.625914 13.124329 -239.110229
v 1.625914 13.228756 -239.309036
v 1.625914 13.333184 -239.507858
v 1.625914 13.437613 -239.706665
v 1.625914 13.542040 -239.905472
v 1.625914 13.646467 -240.104294
v 1.625914 13.750896 -240.303101
v 1.625914 13.855323 -240.501923
v 1.342047 12.813910 -238.519241
v 1.342047 12.918077 -238.717560
v 1.342047 13.022244 -238.915878
v 1.342047 13.126412 -239.114197
v 1.342047 13.230579 -239.312515
v 1.342047 13.334747 -239.510834
v 1.342047 13.438914 -239.709137
v 1.342047 13.543081 -239.907455
v 1.342047 13.647249 -240.105774
v 1.342047 13.751416 -240.304092
v 1.342047 13.855583 -240.502411
v 1.058179 12.816774 -238.524689
v 1.058179 12.920682 -238.722519
v 1.058179 13.024589 -238.920334
v 1.058179 13.128496 -239.118164
v 1.058179 13.232403 -239.315979
v 1.058179 13.336309 -239.513809
v 1.058179 13.440216 -239.711624
v 1.058179 13.544123 -239.909439
v 1.058179 13.648030 -240.107269
v 1.058179 13.751937 -240.305084
v 1.058179 13.855844 -240.502914
v 0.774311 12.819639 -238.530151
v 0.774311 12.923286 -238.727478
v 0.774311 13.026933 -238.924805
v 0.774311 13.130579 -239.122131
v 0.774311 13.234225 -239.319458
v 0.774311 13.337872 -239.516769
v 0.774311 13.441519 -239.714096
v 0.774311 13.545165 -239.911423
v 0.774311 13.648811 -240.108749
v 0.774311 13.752459 -240.306076
v 0.774311 13.856104 -240.503403
v 0.490444 12.822504 -238.535599
v 0.490444 12.925890 -238.732437
v 0.490444 13.029276 -238.929260
v 0.490444 13.132662 -239.126099
v 0.490444 13.236049 -239.322922
v 0.490444 13.339435 -239.519745
v 0.490444 13.442821 -239.716583
v 0.490444 13.546206 -239.913406
v 0.490444 13.649592 -240.110245
v 0.490444 13.752979 -240.307068
v 0.490444 13.856365 -240.503906
v 0.206576 12.825369 -238.541061
v 0.206576 12.928494 -238.737396
v 0.206576 13.031620 -238.933716
v 0.206576 13.237871 -239.326385
v 0.206576 13.340998 -239.522720
v 0.206576 13.444122 -239.719055
v 0.206576 13.547249 -239.915390
v 0.206576 13.650373 -240.111725
v 0.206576 13.753500 -240.308060
v 0.206576 13.856626 -240.504395
v -0.077291 12.828234 -238.546509
v -0.077291 12.931099 -238.742355
v -0.077291 13.033964 -238.938187
v -0.077291 13.136829 -239.134033
v -0.077291 13.239695 -239.329865
v -0.077291 13.342560 -239.525696
v -0.077291 13.445425 -239.721542
v -0.077291 13.548290 -239.917374
v -0.077291 13.651155 -240.113220
v -0.077291 13.754021 -240.309052
v -0.077291 13.856886 -240.504898
v -0.361159 12.831099 -238.551971
v -0.361159 12.933703 -238.747299
v -0.361159 13.036308 -238.942642
v -0.361159 13.138912 -239.137985
v -0.361159 13.241518 -239.333328
v -0.361159 13.344122 -239.528671
v -0.361159 13.446727 -239.724014
v -0.361159 13.549332 -239.919357
v -0.361159 13.651937 -240.114700
v -0.361159 13.754541 -240.310043
v -0.361159 13.857146 -240.505386
v -0.645027 12.833963 -238.557419
v -0.645027 12.936308 -238.752258
v -0.645027 13.038651 -238.947113
v -0.645027 13.140996 -239.141953
v -0.645027 13.243340 -239.336807
v -0.645027 13.345685 -239.531647
v -0.645027 13.448029 -239.726501
v -0.645027 13.550373 -239.921341
v -0.645027 13.652718 -240.116196
v -0.645027 13.755062 -240.311035
v -0.645027 13.857407 -240.505890
v -0.928894 12.836828 -238.562866
v -0.928894 12.938911 -238.757217
v -0.928894 13.040996 -238.951569
v -0.928894 13.143080 -239.145920
v -0.928894 13.245163 -239.340271
v -0.928894 13.347247 -239.534622
v -0.928894 13.449331 -239.728973
v -0.928894 13.551415 -239.923325
v -0.928894 13.653500 -240.117676
v -0.928894 13.755583 -240.312027
v -0.928894 13.857667 -240.506378
v -1.212762 12.839693 -238.568329
v -1.212762 12.941516 -238.762177
v -1.212762 13.043340 -238.956039
v -1.212762 13.145163 -239.149887
v -1.212762 13.246986 -239.343750
v -1.212762 13.348810 -239.537598
v -1.212762 13.450634 -239.731461
v -1.212762 13.552457 -239.925308
v -1.212762 13.654281 -240.119171
v -1.212762 13.756104 -240.313019
v -1.212762 13.857927 -240.506882
v -1.496629 12.842557 -238.573776
v -1.496629 12.944120 -238.767136
v -1.496629 13.045683 -238.960495
v -1.496629 13.147246 -239.153854
v -1.496629 13.248810 -239.347214
v -1.496629 13.350372 -239.540573
v -1.496629 13.451936 -239.733932
v -1.496629 13.553499 -239.927292
v -1.496629 13.655062 -240.120651
v -1.496629 13.756624 -240.314011
v -1.496629 13.858188 -240.507370
v -1.780497 12.845422 -238.579239
v -1.780497 12.946724 -238.772095
v -1.780497 13.048027 -238.964966
v -1.780497 13.149330 -239.157822
v -1.780497 13.250632 -239.350693
v -1.780497 13.351934 -239.543549
v -1.780497 13.453238 -239.736420
v -1.780497 13.554541 -239.929276
v -1.780497 13.655843 -240.122147
v -1.780497 13.757145 -240.315002
v -1.780497 13.858448 -240.507874
v -2.064365 12.848287 -238.584686
v -2.064365 12.949329 -238.777054
v -2.064365 13.050371 -238.969421
v -2.064365 13.151413 -239.161789
v -2.064365 13.252456 -239.354156
v -2.064365 13.353498 -239.546524
v -2.064365 13.454540 -239.738892
v -2.064365 13.555582 -239.931259
v -2.064365 13.656624 -240.123627
v -2.064365 13.757667 -240.315994
v -2.064365 13.858708 -240.508362
v -2.348232 12.851151 -238.590149
v -2.348232 12.951933 -238.782013
v -2.348232 13.052715 -238.973877
v -2.348232 13.153497 -239.165756
v -2.348232 13.254278 -239.357635
v -2.348232 13.355061 -239.549500
v -2.348232 13.455842 -239.741364
v -2.348232 13.556623 -239.933243
v -2.348232 13.657406 -240.125122
v -2.348232 13.758187 -240.316986
v -2.348232 13.858969 -240.508865
v -2.632100 12.854016 -238.595596
v -2.632100 12.954537 -238.786972
v -2.632100 13.055058 -238.978348
v -2.632100 13.155581 -239.169724
v -2.632100 13.256102 -239.361099
v -2.632100 13.356623 -239.552475
v -2.632100 13.457144 -239.743851
v -2.632100 13.557665 -239.935226
v -2.632100 13.658187 -240.126602
v -2.632100 13.758708 -240.317978
v -2.632100 13.859230 -240.509354
v -2.915967 12.856880 -238.601044
v -2.915967 12.957142 -238.791931
v -2.915967 13.057403 -238.982803
v -2.915967 13.157663 -239.173691
v -2.915967 13.257925 -239.364563
v -2.915967 13.358185 -239.555450
v -2.915967 13.458447 -239.746338
v -2.915967 13.558707 -239.937210
v -2.915967 13.658968 -240.128098
v -2.915967 13.759230 -240.318970
v -2.915967 13.859489 -240.509857
v -2.915967 13.343582 -238.345413
v -2.915967 13.443844 -238.536285
v -2.915967 13.544105 -238.727173
v -2.915967 13.644365 -238.918045
v -2.915967 13.744626 -239.108932
v -2.915967 13.844887 -239.299805
v -2.915967 13.945148 -239.490692
v -2.915967 14.045409 -239.681564
v -2.915967 14.145670 -239.872452
v -2.915967 14.245931 -240.063324
v -2.915967 14.346191 -240.254211
v -2.632100 13.340717 -238.339951
v -2.632100 13.441239 -238.531326
v -2.632100 13.541760 -238.722702
v -2.632100 13.642282 -238.914078
v -2.632100 13.742804 -239.105453
v -2.632100 13.843325 -239.296829
v -2.632100 13.943846 -239.488205
v -2.632100 14.044367 -239.679581
v -2.632100 14.144889 -239.870956
v -2.632100 14.245410 -240.062332
v -2.632100 14.345931 -240.253708
v -2.348232 13.337853 -238.334503
v -2.348232 13.438635 -238.526367
v -2.348232 13.539417 -238.718246
v -2.348232 13.640199 -238.910110
v -2.348232 13.740980 -239.101990
v -2.348232 13.841763 -239.293854
v -2.348232 13.942544 -239.485733
v -2.348232 14.043325 -239.677597
v -2.348232 14.144108 -239.869476
v -2.348232 14.244889 -240.061340
v -2.348232 14.345671 -240.253220
v -2.064365 13.334989 -238.329041
v -2.064365 13.436031 -238.521408
v -2.064365 13.537073 -238.713776
v -2.064365 13.638115 -238.906143
v -2.064365 13.739157 -239.098511
v -2.064365 13.840199 -239.290878
v -2.064365 13.941242 -239.483246
v -2.064365 14.042284 -239.675613
v -2.064365 14.143326 -239.867981
v -2.064365 14.244369 -240.060349
v -2.064365 14.345410 -240.252716
v -1.780497 13.332124 -238.323593
v -1.780497 13.433426 -238.516449
v -1.780497 13.534729 -238.709320
v -1.780497 13.636032 -238.902176
v -1.780497 13.737334 -239.095047
v -1.780497 13.838636 -239.287903
v -1.780497 13.939939 -239.480774
v -1.780497 14.041243 -239.673630
v -1.780497 14.142545 -239.866501
v -1.780497 14.243848 -240.059357
v -1.780497 14.345150 -240.252228
v -1.496629 13.329259 -238.318130
v -1.496629 13.430822 -238.511490
v -1.496629 13.532385 -238.704849
v -1.496629 13.633948 -238.898209
v -1.496629 13.735512 -239.091568
v -1.496629 13.837074 -239.284927
v -1.496629 13.938638 -239.478287
v -1.496629 14.040200 -239.671646
v -1.496629 14.141764 -239.865005
v -1.496629 14.243326 -240.058365
v -1.496629 14.344890 -240.251724
v -1.212762 13.326395 -238.312683
v -1.212762 13.428218 -238.506531
v -1.212762 13.530042 -238.700394
v -1.212762 13.631865 -238.894241
v -1.212762 13.733688 -239.088104
v -1.212762 13.835512 -239.281952
v -1.212762 13.937335 -239.475815
v -1.212762 14.039159 -239.669662
v -1.212762 14.140982 -239.863525
v -1.212762 14.242805 -240.057373
v -1.212762 14.344629 -240.251236
v -0.928894 13.323530 -238.307236
v -0.928894 13.425613 -238.501587
v -0.928894 13.527698 -238.695923
v -0.928894 13.629782 -238.890274
v -0.928894 13.731865 -239.084625
v -0.928894 13.833949 -239.278976
v -0.928894 13.936033 -239.473328
v -0.928894 14.038117 -239.667679
v -0.928894 14.140202 -239.862030
v -0.928894 14.242285 -240.056381
v -0.928894 14.344369 -240.250732
v -0.645027 13.320665 -238.301773
v -0.645027 13.423010 -238.496628
v -0.645027 13.525353 -238.691467
v -0.645027 13.627698 -238.886322
v -0.645027 13.730042 -239.081161
v -0.645027 13.832387 -239.276001
v -0.645027 13.934731 -239.470856
v -0.645027 14.037075 -239.665695
v -0.645026 14.139420 -239.860550
v -0.645026 14.241764 -240.055389
v -0.645026 14.344109 -240.250244
v -0.361159 13.317801 -238.296326
v -0.361159 13.420404 -238.491669
v -0.361159 13.523010 -238.687012
v -0.361159 13.625614 -238.882355
v -0.361159 13.728219 -239.077698
v -0.361159 13.830824 -239.273041
v -0.361159 13.933429 -239.468384
v -0.361159 14.036034 -239.663712
v -0.361159 14.138638 -239.859055
v -0.361159 14.241243 -240.054398
v -0.361159 14.343848 -240.249741
v -0.077291 13.314936 -238.290863
v -0.077291 13.417801 -238.486710
v -0.077291 13.520666 -238.682541
v -0.077291 13.623531 -238.878387
v -0.077291 13.726397 -239.074219
v -0.077291 13.829262 -239.270065
v -0.077291 13.932127 -239.465897
v -0.077291 14.034992 -239.661743
v -0.077291 14.137857 -239.857574
v -0.077291 14.240723 -240.053406
v -0.077291 14.343588 -240.249252
v 0.206576 13.312071 -238.285416
v 0.206576 13.415196 -238.481750
v 0.206576 13.518322 -238.678085
v 0.206576 13.621448 -238.874420
v 0.206576 13.724573 -239.070755
v 0.206576 13.827699 -239.267090
v 0.206576 13.930824 -239.463409
v 0.206576 14.033950 -239.659760
v 0.206576 14.137075 -239.856079
v 0.206576 14.240202 -240.052414
v 0.206576 14.343327 -240.248749
v 0.490444 13.309206 -238.279953
v 0.490444 13.412592 -238.476791
v 0.490444 13.515978 -238.673615
v 0.490444 13.619364 -238.870453
v 0.490444 13.722750 -239.067276
v 0.490444 13.826137 -239.264114
v 0.490444 13.929523 -239.460938
v 0.490444 14.032908 -239.657776
v 0.490444 14.136294 -239.854599
v 0.490444 14.239680 -240.051422
v 0.490444 14.343067 -240.248260
v 0.774311 13.306341 -238.274506
v 0.774311 13.409988 -238.471832
v 0.774311 13.513635 -238.669159
v 0.774311 13.617281 -238.866486
v 0.774311 13.720927 -239.063812
v 0.774311 13.824574 -239.261139
v 0.774311 13.928221 -239.458466
v 0.774311 14.031867 -239.655792
v 0.774311 14.135513 -239.853104
v 0.774311 14.239160 -240.050430
v 0.774312 14.342806 -240.247757
v 1.058179 13.303476 -238.269058
v 1.058179 13.407384 -238.466873
v 1.058179 13.511291 -238.664688
v 1.058179 13.615197 -238.862518
v 1.058179 13.719105 -239.060333
v 1.058179 13.823011 -239.258163
v 1.058179 13.926918 -239.455978
v 1.058179 14.030825 -239.653809
v 1.058179 14.134732 -239.851624
v 1.058179 14.238639 -240.049438
v 1.058179 14.342546 -240.247269
v 1.342047 13.300611 -238.263596
v 1.342047 13.404779 -238.461914
v 1.342047 13.508946 -238.660233
v 1.342047 13.613113 -238.858551
v 1.342047 13.717281 -239.056870
v 1.342047 13.821449 -239.255188
v 1.342047 13.925616 -239.453506
v 1.342047 14.029783 -239.651825
v 1.342047 14.133951 -239.850128
v 1.342047 14.238118 -240.048447
v 1.342047 14.342285 -240.246765
v -2.875772 13.503707 -238.549362
v -2.875772 13.566615 -238.669128
v -2.875772 13.704302 -238.931259
v -2.875772 13.767212 -239.051025
v -2.875772 13.904896 -239.313156
v -2.875772 13.967809 -239.432922
v -2.875772 14.105491 -239.695053
v -2.875772 14.168405 -239.814835
v -2.875772 14.306086 -240.076950
v -2.875772 14.369000 -240.196732
v -2.591904 13.400545 -238.352951
v -2.672296 13.501841 -238.545807
v -2.591904 13.601661 -238.735840
v -2.672296 13.702808 -238.928406
v -2.591904 13.802775 -239.118729
v -2.672296 13.903776 -239.311020
v -2.591904 14.003891 -239.501617
v -2.672296 14.104744 -239.693634
v -2.591904 14.205008 -239.884521
v -2.672296 14.305713 -240.076248
v -2.672296 14.368814 -240.196381
v -2.388428 13.398492 -238.349045
v -2.308036 13.498499 -238.539444
v -2.388428 13.599980 -238.732651
v -2.308036 13.700134 -238.923325
v -2.388428 13.801469 -239.116241
v -2.308036 13.901772 -239.307205
v -2.388428 14.002958 -239.499847
v -2.308036 14.103408 -239.691086
v -2.388428 14.204447 -239.883453
v -2.308036 14.305044 -240.074966
v -2.308036 14.368480 -240.195740
v -2.024169 13.394815 -238.342041
v -2.104560 13.496632 -238.535889
v -2.024169 13.596973 -238.726913
v -2.104560 13.698641 -238.920471
v -2.024169 13.799129 -239.111786
v -2.104560 13.900651 -239.305069
v -2.024169 14.001287 -239.496674
v -2.104560 14.102661 -239.689667
v -2.024169 14.203444 -239.881546
v -2.104560 14.304671 -240.074265
v -2.104560 14.368293 -240.195389
v -1.820693 13.392763 -238.338135
v -1.740301 13.493290 -238.529526
v -1.820693 13.595293 -238.723724
v -1.740301 13.695968 -238.915390
v -1.820693 13.797823 -239.109299
v -1.740301 13.898645 -239.301254
v -1.820693 14.000354 -239.494888
v -1.740301 14.101324 -239.687119
v -1.820693 14.202885 -239.880478
v -1.740301 14.304003 -240.072983
v -1.740301 14.367959 -240.194748
v -1.456434 13.389087 -238.331131
v -1.536825 13.491424 -238.525970
v -1.456434 13.592285 -238.717987
v -1.536825 13.694474 -238.912552
v -1.456434 13.795484 -239.104858
v -1.536825 13.897526 -239.299118
v -1.456434 13.998683 -239.491714
v -1.536825 14.100577 -239.685699
v -1.456434 14.201882 -239.878571
v -1.536825 14.303629 -240.072281
v -1.536825 14.367772 -240.194397
v -1.252958 13.387033 -238.327225
v -1.172566 13.488081 -238.519608
v -1.252958 13.590605 -238.714798
v -1.172566 13.691801 -238.907455
v -1.252958 13.794177 -239.102356
v -1.172566 13.895521 -239.295303
v -1.252958 13.997749 -239.489929
v -1.172566 14.099240 -239.683151
v -1.252958 14.201322 -239.877502
v -1.172566 14.302961 -240.070999
v -1.172566 14.367438 -240.193756
v -0.888698 13.383357 -238.320236
v -0.969090 13.486215 -238.516052
v -0.888698 13.587597 -238.709076
v -0.969090 13.690308 -238.904617
v -0.888698 13.791838 -239.097916
v -0.969090 13.894401 -239.293167
v -0.888698 13.996078 -239.486755
v -0.969090 14.098494 -239.681732
v -0.888698 14.200319 -239.875595
v -0.969090 14.302588 -240.070297
v -0.969090 14.367251 -240.193405
v -0.685222 13.381304 -238.316315
v -0.604831 13.482873 -238.509689
v -0.685222 13.585917 -238.705872
v -0.604831 13.687634 -238.899521
v -0.685222 13.790531 -239.095428
v -0.604831 13.892395 -239.289352
v -0.685222 13.995145 -239.484970
v -0.604831 14.097157 -239.679184
v -0.685222 14.199759 -239.874527
v -0.604831 14.301919 -240.069016
v -0.604831 14.366917 -240.192764
v -0.320963 13.377628 -238.309326
v -0.401355 13.481007 -238.506134
v -0.320963 13.582910 -238.700150
v -0.401355 13.686140 -238.896683
v -0.320963 13.788192 -239.090973
v -0.401355 13.891275 -239.287216
v -0.320963 13.993474 -239.481796
v -0.401355 14.096411 -239.677765
v -0.320963 14.198757 -239.872620
v -0.401355 14.301546 -240.068314
v -0.401355 14.366731 -240.192413
v -0.117487 13.375574 -238.305420
v -0.037096 13.477665 -238.499771
v -0.117487 13.581230 -238.696945
v -0.037096 13.683468 -238.891586
v -0.117487 13.786885 -239.088486
v -0.037096 13.889271 -239.283401
v -0.117487 13.992541 -239.480011
v -0.037096 14.095074 -239.675217
v -0.117487 14.198197 -239.871552
v -0.037096 14.300878 -240.067032
v -0.037096 14.366396 -240.191772
v 0.246772 13.371899 -238.298416
v 0.166380 13.475798 -238.496216
v 0.246772 13.578222 -238.691223
v 0.166380 13.681974 -238.888748
v 0.246772 13.784546 -239.084030
v 0.166380 13.888150 -239.281265
v 0.246772 13.990870 -239.476837
v 0.166380 14.094327 -239.673798
v 0.246772 14.197194 -239.869644
v 0.166380 14.300505 -240.066330
v 0.166380 14.366210 -240.191422
v 0.450248 13.369844 -238.294510
v 0.530640 13.472456 -238.489853
v 0.450248 13.576542 -238.688019
v 0.530640 13.679300 -238.883652
v 0.450248 13.783239 -239.081543
v 0.530640 13.886145 -239.277451
v 0.450248 13.989937 -239.475052
v 0.530640 14.092990 -239.671249
v 0.450248 14.196634 -239.868576
v 0.530640 14.299835 -240.065048
v 0.530640 14.365875 -240.190781
v 0.814507 13.366169 -238.287506
v 0.734116 13.470589 -238.486298
v 0.814507 13.573534 -238.682297
v 0.734116 13.677807 -238.880814
v 0.814507 13.780900 -239.077087
v 0.734116 13.885025 -239.275330
v 0.814507 13.988266 -239.471878
v 0.734116 14.092244 -239.669830
v 0.814507 14.195632 -239.866669
v 0.734116 14.299462 -240.064346
v 0.734116 14.365689 -240.190430
v 1.017983 13.364116 -238.283600
v 1.098375 13.467247 -238.479950
v 1.017983 13.571854 -238.679092
v 1.098375 13.675134 -238.875732
v 1.017983 13.779593 -239.074600
v 1.098375 13.883020 -239.271500
v 1.017983 13.987332 -239.470093
v 1.098375 14.090907 -239.667282
v 1.017983 14.195072 -239.865601
v 1.098375 14.298794 -240.063065
v 1.098375 14.365355 -240.189789
v 1.301851 13.465381 -238.476395
v 1.301851 13.532122 -238.603455
v 1.301851 13.673640 -238.872879
v 1.301851 13.740383 -238.999954
v 1.301851 13.881900 -239.269379
v 1.301851 13.948645 -239.396439
v 1.301851 14.090160 -239.665863
v 1.301851 14.156907 -239.792938
v 1.301851 14.298421 -240.062363
v 1.301851 14.365168 -240.189438
v -2.915967 13.485381 -238.514465
v -2.915967 13.585642 -238.705353
v -2.915967 13.685903 -238.896225
v -2.915967 13.786163 -239.087112
v -2.915967 13.886425 -239.277985
v -2.915967 13.986686 -239.468872
v -2.915967 14.086946 -239.659744
v -2.915967 14.187207 -239.850632
v -2.915967 14.287468 -240.041504
v -2.915967 14.387730 -240.232391
v -2.632100 13.382256 -238.318130
v -2.632100 13.482777 -238.509506
v -2.591904 13.463713 -238.473221
v -2.632100 13.583298 -238.700882
v -2.672296 13.564936 -238.665924
v -2.632100 13.683819 -238.892258
v -2.591904 13.664830 -238.856110
v -2.632100 13.784340 -239.083633
v -2.672296 13.765905 -239.048538
v -2.632100 13.884862 -239.275009
v -2.591904 13.865948 -239.238998
v -2.632100 13.985383 -239.466385
v -2.672296 13.966875 -239.431152
v -2.632100 14.085904 -239.657761
v -2.591904 14.067065 -239.621902
v -2.632100 14.186426 -239.849136
v -2.672296 14.167845 -239.813766
v -2.632100 14.286947 -240.040512
v -2.591904 14.268182 -240.004791
v -2.632100 14.387468 -240.231888
v -2.348232 13.379391 -238.312683
v -2.348232 13.480172 -238.504547
v -2.388428 13.461845 -238.469666
v -2.348232 13.580954 -238.696426
v -2.308036 13.561928 -238.660202
v -2.348232 13.681736 -238.888290
v -2.388428 13.663338 -238.853271
v -2.348232 13.782517 -239.080170
v -2.308036 13.763566 -239.044083
v -2.348232 13.883299 -239.272034
v -2.388428 13.864828 -239.236877
v -2.348232 13.984081 -239.463913
v -2.308036 13.965204 -239.427963
v -2.348232 14.084863 -239.655777
v -2.388428 14.066319 -239.620468
v -2.348232 14.185645 -239.847656
v -2.308036 14.166842 -239.811859
v -2.348232 14.286427 -240.039520
v -2.388428 14.267809 -240.004074
v -2.348232 14.387208 -240.231400
v -2.064365 13.376526 -238.307220
v -2.064365 13.477568 -238.499588
v -2.024169 13.458504 -238.463303
v -2.064365 13.578610 -238.691956
v -2.104560 13.560247 -238.656998
v -2.064365 13.679652 -238.884323
v -2.024169 13.660664 -238.848175
v -2.064365 13.780695 -239.076691
v -2.104560 13.762259 -239.041595
v -2.064365 13.881737 -239.269058
v -2.024169 13.862823 -239.233047
v -2.064365 13.982779 -239.461426
v -2.104560 13.964272 -239.426193
v -2.064365 14.083821 -239.653793
v -2.024169 14.064981 -239.617935
v -2.064365 14.184863 -239.846161
v -2.104560 14.166283 -239.810791
v -2.064365 14.285906 -240.038528
v -2.024169 14.267140 -240.002808
v -2.064365 14.386948 -240.230896
v -1.780497 13.373661 -238.301773
v -1.780497 13.474964 -238.494629
v -1.820693 13.456637 -238.459747
v -1.780497 13.576266 -238.687500
v -1.740301 13.557240 -238.651276
v -1.780497 13.677568 -238.880356
v -1.820693 13.659170 -238.845337
v -1.780497 13.778872 -239.073227
v -1.740301 13.759920 -239.037140
v -1.780497 13.880175 -239.266083
v -1.820693 13.861703 -239.230927
v -1.780497 13.981477 -239.458954
v -1.740301 13.962601 -239.423019
v -1.780497 14.082780 -239.651810
v -1.820693 14.064235 -239.616516
v -1.780497 14.184082 -239.844681
v -1.740301 14.165279 -239.808884
v -1.780497 14.285385 -240.037537
v -1.820693 14.266767 -240.002090
v -1.780497 14.386687 -240.230408
v -1.496629 13.370796 -238.296310
v -1.496629 13.472360 -238.489670
v -1.456434 13.453296 -238.453384
v -1.496629 13.573922 -238.683029
v -1.536825 13.555560 -238.648071
v -1.496629 13.675486 -238.876389
v -1.456434 13.656496 -238.840240
v -1.496629 13.777048 -239.069748
v -1.536825 13.758614 -239.034653
v -1.496629 13.878612 -239.263107
v -1.456434 13.859697 -239.227097
v -1.496629 13.980175 -239.456467
v -1.536825 13.961666 -239.421234
v -1.496629 14.081738 -239.649826
v -1.456434 14.062899 -239.613968
v -1.496629 14.183301 -239.843185
v -1.536825 14.164720 -239.807816
v -1.496629 14.284864 -240.036545
v -1.456434 14.266098 -240.000824
v -1.496629 14.386427 -240.229904
v -1.212762 13.367931 -238.290863
v -1.212762 13.469755 -238.484711
v -1.252958 13.451429 -238.449829
v -1.212762 13.571579 -238.678574
v -1.172566 13.552552 -238.642349
v -1.212762 13.673403 -238.872421
v -1.252958 13.655004 -238.837402
v -1.212762 13.775226 -239.066284
v -1.172566 13.756274 -239.030197
v -1.212762 13.877048 -239.260132
v -1.252958 13.858578 -239.224976
v -1.212762 13.978872 -239.453995
v -1.172566 13.959995 -239.418060
v -1.212762 14.080696 -239.647842
v -1.252958 14.062151 -239.612549
v -1.212762 14.182520 -239.841705
v -1.172566 14.163717 -239.805908
v -1.212762 14.284343 -240.035553
v -1.252958 14.265725 -240.000107
v -1.212762 14.386167 -240.229416
v -0.928894 13.365067 -238.285416
v -0.928894 13.467151 -238.479767
v -0.888698 13.448087 -238.443466
v -0.928894 13.569235 -238.674103
v -0.969090 13.550873 -238.639145
v -0.928894 13.671319 -238.868454
v -0.888698 13.652330 -238.832306
v -0.928894 13.773403 -239.062805
v -0.969090 13.754968 -239.027710
v -0.928894 13.875486 -239.257156
v -0.888698 13.856573 -239.221146
v -0.928894 13.977571 -239.451508
v -0.969090 13.959063 -239.416275
v -0.928894 14.079655 -239.645859
v -0.888698 14.060815 -239.610001
v -0.928894 14.181738 -239.840210
v -0.969090 14.163157 -239.804840
v -0.928894 14.283822 -240.034561
v -0.888698 14.265057 -239.998840
v -0.928894 14.385906 -240.228912
v -0.645027 13.362202 -238.279953
v -0.645027 13.464546 -238.474808
v -0.685222 13.446220 -238.439911
v -0.645027 13.566891 -238.669647
v -0.604831 13.547865 -238.633423
v -0.645027 13.669235 -238.864502
v -0.685222 13.650837 -238.829468
v -0.645027 13.771580 -239.059341
v -0.604831 13.752628 -239.023254
v -0.645027 13.873924 -239.254181
v -0.685222 13.855453 -239.219025
v -0.645027 13.976269 -239.449036
v -0.604831 13.957392 -239.413101
v -0.645027 14.078612 -239.643875
v -0.685222 14.060068 -239.608582
v -0.645026 14.180957 -239.838730
v -0.604831 14.162155 -239.802933
v -0.645026 14.283301 -240.033569
v -0.685222 14.264684 -239.998123
v -0.645026 14.385646 -240.228424
v -0.361159 13.359338 -238.274506
v -0.361159 13.461943 -238.469849
v -0.320963 13.442879 -238.433548
v -0.361159 13.564547 -238.665192
v -0.401355 13.546185 -238.630234
v -0.361159 13.667152 -238.860535
v -0.320963 13.648163 -238.824371
v -0.361159 13.769756 -239.055878
v -0.401355 13.751322 -239.020767
v -0.361159 13.872361 -239.251221
v -0.320963 13.853447 -239.215210
v -0.361159 13.974966 -239.446564
v -0.401355 13.956458 -239.411316
v -0.361159 14.077571 -239.641891
v -0.320963 14.058731 -239.606033
v -0.361159 14.180176 -239.837234
v -0.401355 14.161594 -239.801865
v -0.361159 14.282781 -240.032578
v -0.320963 14.264015 -239.996857
v -0.361159 14.385386 -240.227921
v -0.077291 13.356473 -238.269043
v -0.077291 13.459338 -238.464890
v -0.117487 13.441011 -238.429993
v -0.077291 13.562203 -238.660721
v -0.037096 13.543177 -238.624496
v -0.077291 13.665069 -238.856567
v -0.117487 13.646669 -238.821533
v -0.077291 13.767934 -239.052399
v -0.037096 13.748982 -239.016327
v -0.077291 13.870799 -239.248245
v -0.117487 13.852327 -239.213074
v -0.077291 13.973664 -239.444077
v -0.037096 13.954787 -239.408142
v -0.077291 14.076530 -239.639923
v -0.117487 14.057984 -239.604614
v -0.077291 14.179395 -239.835754
v -0.037096 14.160592 -239.799957
v -0.077291 14.282260 -240.031586
v -0.117487 14.263641 -239.996140
v -0.077291 14.385125 -240.227432
v 0.206576 13.353608 -238.263596
v 0.206576 13.456734 -238.459930
v 0.246772 13.437670 -238.423630
v 0.206576 13.559859 -238.656265
v 0.166380 13.541496 -238.621307
v 0.206576 13.662985 -238.852600
v 0.246772 13.643996 -238.816437
v 0.206576 13.766110 -239.048935
v 0.166380 13.747675 -239.013824
v 0.206576 13.869236 -239.245270
v 0.246772 13.850323 -239.209259
v 0.206576 13.972362 -239.441589
v 0.166380 13.953854 -239.406357
v 0.206576 14.075487 -239.637939
v 0.246772 14.056648 -239.602066
v 0.206576 14.178614 -239.834259
v 0.166380 14.160032 -239.798889
v 0.206576 14.281738 -240.030594
v 0.246772 14.262974 -239.994873
v 0.206576 14.384865 -240.226929
v 0.490444 13.350743 -238.258133
v 0.490444 13.454129 -238.454971
v 0.450248 13.435802 -238.420074
v 0.490444 13.557516 -238.651794
v 0.530640 13.538489 -238.615570
v 0.490444 13.660902 -238.848633
v 0.450248 13.642503 -238.813599
v 0.490444 13.764288 -239.045456
v 0.530640 13.745337 -239.009384
v 0.490444 13.867674 -239.242294
v 0.450248 13.849202 -239.207123
v 0.490444 13.971060 -239.439117
v 0.530640 13.952183 -239.403183
v 0.490444 14.074446 -239.635956
v 0.450248 14.055902 -239.600647
v 0.490444 14.177832 -239.832779
v 0.530640 14.159029 -239.796982
v 0.490444 14.281218 -240.029602
v 0.450248 14.262600 -239.994156
v 0.490444 14.384604 -240.226440
v 0.774311 13.347878 -238.252686
v 0.774311 13.451525 -238.450012
v 0.814507 13.432461 -238.413712
v 0.774311 13.555172 -238.647339
v 0.734116 13.536809 -238.612381
v 0.774311 13.658818 -238.844666
v 0.814507 13.639830 -238.808517
v 0.774311 13.762465 -239.041992
v 0.734116 13.744030 -239.006897
v 0.774311 13.866112 -239.239319
v 0.814507 13.847197 -239.203308
v 0.774311 13.969758 -239.436646
v 0.734116 13.951250 -239.401398
v 0.774311 14.073404 -239.633972
v 0.814507 14.054564 -239.598099
v 0.774311 14.177051 -239.831284
v 0.734116 14.158469 -239.795914
v 0.774311 14.280697 -240.028610
v 0.814507 14.261931 -239.992889
v 0.774312 14.384344 -240.225937
v 1.058179 13.345015 -238.247238
v 1.058179 13.448921 -238.445053
v 1.017983 13.430594 -238.410156
v 1.058179 13.552828 -238.642868
v 1.098375 13.533802 -238.606659
v 1.058179 13.656734 -238.840698
v 1.017983 13.638336 -238.805664
v 1.058179 13.760641 -239.038513
v 1.098375 13.741690 -239.002441
v 1.058179 13.864549 -239.236343
v 1.017983 13.846077 -239.201172
v 1.058179 13.968455 -239.434158
v 1.098375 13.949578 -239.398224
v 1.058179 14.072362 -239.631989
v 1.017983 14.053818 -239.596680
v 1.058179 14.176270 -239.829803
v 1.098375 14.157467 -239.794006
v 1.058179 14.280176 -240.027618
v 1.017983 14.261559 -239.992172
v 1.058179 14.384083 -240.225449
v 1.342047 13.446317 -238.440094
v 1.342047 13.550484 -238.638412
v 1.342047 13.654652 -238.836731
v 1.342047 13.758819 -239.035049
v 1.342047 13.862986 -239.233368
v 1.342047 13.967154 -239.431686
v 1.342047 14.071321 -239.630005
v 1.342047 14.175488 -239.828308
v 1.342047 14.279655 -240.026627
v 1.342047 14.383822 -240.224945
v -2.802886 14.751029 -237.947388
v -2.802886 14.768868 -237.981354
v -2.802885 14.951758 -238.329544
v -2.802885 14.969599 -238.363510
v -2.802885 15.152487 -238.711700
v -2.802885 15.170328 -238.745667
v -2.802885 15.353216 -239.093857
v -2.802885 15.371057 -239.127823
v -2.802884 15.553946 -239.476013
v -2.802884 15.571787 -239.509979
v -2.519018 14.647894 -237.751038
v -2.519018 14.665807 -237.785141
v -2.745184 14.750500 -237.946381
v -2.745184 14.768393 -237.980438
v -2.519018 14.849144 -238.134186
v -2.519018 14.867058 -238.168289
v -2.745183 14.951334 -238.328735
v -2.745183 14.969228 -238.362808
v -2.519020 15.050393 -238.517334
v -2.519020 15.068308 -238.551437
v -2.745183 15.152169 -238.711090
v -2.745183 15.170063 -238.745163
v -2.519020 15.251643 -238.900467
v -2.519020 15.269558 -238.934586
v -2.745183 15.353004 -239.093445
v -2.745183 15.370898 -239.127518
v -2.519019 15.452893 -239.283615
v -2.519019 15.470808 -239.317734
v -2.745182 15.553840 -239.475800
v -2.745182 15.571734 -239.509872
v -2.461316 14.647311 -237.749924
v -2.461316 14.665277 -237.784134
v -2.235150 14.746008 -237.937820
v -2.235150 14.763995 -237.972076
v -2.461316 14.848667 -238.133270
v -2.461316 14.866634 -238.167480
v -2.235150 14.947778 -238.321960
v -2.235150 14.965766 -238.356216
v -2.461318 15.050022 -238.516617
v -2.461318 15.067990 -238.550827
v -2.235147 15.149549 -238.706100
v -2.235147 15.167538 -238.740356
v -2.461318 15.251379 -238.899963
v -2.461318 15.269346 -238.934174
v -2.235150 15.351319 -239.090240
v -2.235150 15.369308 -239.124481
v -2.461317 15.452734 -239.283325
v -2.461317 15.470702 -239.317520
v -2.235150 15.553091 -239.474380
v -2.235150 15.571080 -239.508621
v -1.951281 14.642350 -237.740479
v -1.951281 14.660412 -237.774872
v -2.177448 14.745479 -237.936813
v -2.177448 14.763518 -237.971161
v -1.951282 14.844643 -238.125610
v -1.951282 14.862703 -238.160004
v -2.177448 14.947354 -238.321152
v -2.177448 14.965395 -238.355499
v -1.951282 15.046934 -238.510742
v -1.951282 15.064996 -238.545135
v -2.177445 15.149231 -238.705490
v -2.177445 15.167273 -238.739838
v -1.951282 15.249226 -238.895874
v -1.951282 15.267288 -238.930252
v -2.177448 15.351108 -239.089844
v -2.177448 15.369149 -239.124191
v -1.951281 15.451516 -239.281006
v -1.951281 15.469580 -239.315384
v -2.177447 15.552984 -239.474182
v -2.177447 15.571027 -239.508530
v -1.893579 14.641768 -237.739380
v -1.893579 14.659882 -237.773865
v -1.667415 14.740986 -237.928268
v -1.667415 14.759121 -237.962799
v -1.893580 14.844166 -238.124710
v -1.893580 14.862280 -238.159195
v -1.667414 14.943798 -238.314392
v -1.667414 14.961933 -238.348907
v -1.893579 15.046563 -238.510040
v -1.893579 15.064678 -238.544525
v -1.667413 15.146610 -238.700516
v -1.667413 15.164747 -238.735031
v -1.893579 15.248960 -238.895370
v -1.893579 15.267076 -238.929855
v -1.667415 15.349422 -239.086624
v -1.667415 15.367559 -239.121155
v -1.893579 15.451358 -239.280701
v -1.893579 15.469474 -239.315186
v -1.667414 15.552236 -239.472748
v -1.667414 15.570373 -239.507278
v -1.383547 14.636808 -237.729935
v -1.383547 14.655017 -237.764603
v -1.609712 14.740456 -237.927261
v -1.609712 14.758644 -237.961884
v -1.383548 14.840141 -238.117035
v -1.383548 14.858351 -238.151703
v -1.609712 14.943375 -238.313583
v -1.609712 14.961563 -238.348206
v -1.383549 15.043474 -238.504150
v -1.383549 15.061685 -238.538818
v -1.609711 15.146293 -238.699905
v -1.609711 15.164482 -238.734528
v -1.383548 15.246807 -238.891266
v -1.383548 15.265018 -238.925934
v -1.609713 15.349211 -239.086227
v -1.609713 15.367400 -239.120850
v -1.383547 15.450142 -239.278381
v -1.383547 15.468352 -239.313049
v -1.609712 15.552130 -239.472549
v -1.609712 15.570320 -239.507187
v -1.325845 14.636226 -237.728821
v -1.325845 14.654488 -237.763580
v -1.099679 14.735964 -237.918701
v -1.099679 14.754247 -237.953506
v -1.325846 14.839664 -238.116135
v -1.325846 14.857927 -238.150909
v -1.099679 14.939817 -238.306808
v -1.099679 14.958100 -238.341614
v -1.325847 15.043104 -238.503448
v -1.325847 15.061367 -238.538223
v -1.099681 15.143672 -238.694916
v -1.099681 15.161956 -238.729721
v -1.325845 15.246543 -238.890762
v -1.325845 15.264806 -238.925537
v -1.099681 15.347525 -239.083023
v -1.099681 15.365809 -239.117828
v -1.325845 15.449984 -239.278076
v -1.325845 15.468246 -239.312851
v -1.099679 15.551380 -239.471130
v -1.099679 15.569665 -239.505936
v -0.815811 14.631266 -237.719376
v -0.815811 14.649622 -237.754318
v -1.041977 14.735435 -237.917694
v -1.041977 14.753770 -237.952606
v -0.815812 14.835639 -238.108475
v -0.815812 14.853996 -238.143417
v -1.041977 14.939394 -238.306000
v -1.041977 14.957730 -238.340912
v -0.815810 15.040014 -238.497559
v -0.815810 15.058372 -238.532516
v -1.041979 15.143354 -238.694305
v -1.041979 15.161692 -238.729218
v -0.815811 15.244390 -238.886658
v -0.815811 15.262747 -238.921616
v -1.041978 15.347313 -239.082611
v -1.041978 15.365651 -239.117523
v -0.815811 15.448766 -239.275757
v -0.815811 15.467124 -239.310715
v -1.041977 15.551275 -239.470917
v -1.041977 15.569613 -239.505829
v -0.758109 14.630683 -237.718262
v -0.758109 14.649092 -237.753311
v -0.531944 14.730942 -237.909149
v -0.531944 14.749372 -237.944229
v -0.758109 14.835163 -238.107559
v -0.758109 14.853573 -238.142609
v -0.531943 14.935838 -238.299240
v -0.531943 14.954269 -238.334320
v -0.758108 15.039643 -238.496857
v -0.758108 15.058054 -238.531906
v -0.531942 15.140734 -238.689316
v -0.531942 15.159166 -238.724411
v -0.758109 15.244124 -238.886154
v -0.758109 15.262535 -238.921204
v -0.531942 15.345630 -239.079407
v -0.531942 15.364062 -239.114502
v -0.758108 15.448606 -239.275452
v -0.758108 15.467018 -239.310516
v -0.531943 15.550525 -239.469498
v -0.531943 15.568957 -239.504593
v -0.248075 14.625722 -237.708832
v -0.248075 14.644226 -237.744049
v -0.474242 14.730412 -237.908142
v -0.474242 14.748896 -237.943329
v -0.248075 14.831139 -238.099899
v -0.248075 14.849644 -238.135132
v -0.474241 14.935414 -238.298431
v -0.474241 14.953898 -238.333618
v -0.248076 15.036554 -238.490982
v -0.248076 15.055060 -238.526215
v -0.474240 15.140416 -238.688721
v -0.474240 15.158901 -238.723907
v -0.248078 15.241972 -238.882065
v -0.248078 15.260478 -238.917297
v -0.474239 15.345418 -239.079010
v -0.474239 15.363903 -239.114197
v -0.248078 15.447389 -239.273148
v -0.248078 15.465895 -239.308380
v -0.474241 15.550419 -239.469299
v -0.474241 15.568904 -239.504486
v -0.190373 14.625140 -237.707718
v -0.190373 14.643697 -237.743042
v 0.035789 14.725920 -237.899582
v 0.035789 14.744497 -237.934952
v -0.190373 14.830663 -238.098999
v -0.190373 14.849220 -238.134323
v 0.035791 14.931857 -238.291656
v 0.035791 14.950436 -238.327026
v -0.190374 15.036184 -238.490280
v -0.190374 15.054743 -238.525604
v 0.035790 15.137794 -238.683716
v 0.035790 15.156374 -238.719101
v -0.190376 15.241708 -238.881561
v -0.190376 15.260266 -238.916885
v 0.035791 15.343732 -239.075790
v 0.035791 15.362311 -239.111176
v -0.190376 15.447230 -239.272842
v -0.190376 15.465789 -239.308167
v 0.035792 15.549670 -239.467865
v 0.035792 15.568250 -239.503235
v 0.319659 14.620179 -237.698273
v 0.319659 14.638831 -237.733780
v 0.093492 14.725389 -237.898575
v 0.093492 14.744021 -237.934052
v 0.319659 14.826638 -238.091339
v 0.319659 14.845291 -238.126846
v 0.093493 14.931434 -238.290848
v 0.093493 14.950066 -238.326324
v 0.319658 15.033096 -238.484390
v 0.319658 15.051749 -238.519913
v 0.093493 15.137476 -238.683121
v 0.093493 15.156109 -238.718597
v 0.319657 15.239555 -238.877457
v 0.319657 15.258209 -238.912979
v 0.093493 15.343520 -239.075394
v 0.093493 15.362153 -239.110870
v 0.319658 15.446013 -239.270523
v 0.319658 15.464667 -239.306030
v 0.093494 15.549564 -239.467667
v 0.093494 15.568197 -239.503143
v 0.377362 14.619597 -237.697159
v 0.377362 14.638302 -237.732773
v 0.603526 14.720898 -237.890015
v 0.603526 14.739623 -237.925674
v 0.377362 14.826161 -238.090424
v 0.377362 14.844867 -238.126038
v 0.603526 14.927876 -238.284073
v 0.603526 14.946603 -238.319733
v 0.377360 15.032725 -238.483688
v 0.377360 15.051432 -238.519302
v 0.603527 15.134856 -238.678131
v 0.603527 15.153584 -238.713776
v 0.377360 15.239290 -238.876953
v 0.377360 15.257998 -238.912567
v 0.603525 15.341835 -239.072189
v 0.603525 15.360563 -239.107834
v 0.377360 15.445854 -239.270218
v 0.377360 15.464561 -239.305832
v 0.603526 15.548815 -239.466232
v 0.603526 15.567543 -239.501892
v 0.887395 14.614636 -237.687714
v 0.887395 14.633436 -237.723511
v 0.661228 14.720367 -237.889008
v 0.661228 14.739147 -237.924759
v 0.887396 14.822137 -238.082764
v 0.887396 14.840937 -238.118561
v 0.661228 14.927453 -238.283264
v 0.661228 14.946233 -238.319016
v 0.887398 15.029637 -238.477814
v 0.887398 15.048438 -238.513611
v 0.661229 15.134539 -238.677521
v 0.661229 15.153318 -238.713272
v 0.887398 15.237137 -238.872849
v 0.887398 15.255938 -238.908646
v 0.661227 15.341623 -239.071777
v 0.661227 15.360404 -239.107529
v 0.887395 15.444637 -239.267899
v 0.887395 15.463438 -239.303696
v 0.661228 15.548709 -239.466034
v 0.661228 15.567490 -239.501785
v 0.945097 14.614054 -237.686615
v 0.945097 14.632906 -237.722504
v 1.171262 14.715876 -237.880463
v 1.171262 14.734749 -237.916397
v 0.945099 14.821660 -238.081863
v 0.945099 14.840513 -238.117752
v 1.171260 14.923896 -238.276505
v 1.171260 14.942770 -238.312439
v 0.945100 15.029266 -238.477112
v 0.945100 15.048120 -238.513000
v 1.171259 15.131918 -238.672531
v 1.171259 15.150793 -238.708466
v 0.945101 15.236872 -238.872345
v 0.945101 15.255726 -238.908249
v 1.171261 15.339937 -239.068573
v 1.171261 15.358812 -239.104507
v 0.945097 15.444478 -239.267593
v 0.945097 15.463332 -239.303497
v 1.171262 15.547960 -239.464615
v 1.171262 15.566835 -239.500549
v 1.228965 14.715346 -237.879456
v 1.228965 14.734273 -237.915482
v 1.228962 14.923472 -238.275696
v 1.228962 14.942400 -238.311722
v 1.228962 15.131600 -238.671936
v 1.228962 15.150528 -238.707962
v 1.228964 15.339725 -239.068176
v 1.228964 15.358654 -239.104202
v 1.228964 15.547854 -239.464417
v 1.228964 15.566782 -239.500443
v 1.625914 18.201424 -234.272934
v -3.199835 18.156828 -234.378113
v 1.625914 18.707571 -234.487518
v -3.199835 18.662977 -234.592697
v -3.199835 17.149569 -236.754013
v -3.199835 17.655716 -236.968597
v 1.625914 17.149569 -236.754013
v 1.625914 17.655716 -236.968597
v -2.915967 18.159452 -234.371933
v -2.632100 18.162075 -234.365738
v -2.348232 18.164698 -234.359558
v -2.064365 18.167322 -234.353363
v -1.780497 18.169945 -234.347183
v -1.496629 18.172569 -234.340988
v -1.212762 18.175192 -234.334808
v -0.928894 18.177814 -234.328613
v -0.645027 18.180437 -234.322433
v -0.361159 18.183062 -234.316238
v -0.077291 18.185684 -234.310059
v 0.206576 18.188307 -234.303864
v 0.490444 18.190931 -234.297684
v 0.774311 18.193554 -234.291489
v 1.058179 18.196177 -234.285309
v 1.342047 18.198799 -234.279114
v -2.915967 18.665600 -234.586517
v -2.632100 18.668224 -234.580322
v -2.348232 18.670847 -234.574142
v -2.064365 18.673471 -234.567947
v -1.780497 18.676094 -234.561768
v -1.496629 18.678717 -234.555573
v -1.212762 18.681339 -234.549393
v -0.928894 18.683964 -234.543198
v -0.645027 18.686586 -234.537018
v -0.361159 18.689209 -234.530823
v -0.077291 18.691832 -234.524643
v 0.206576 18.694456 -234.518448
v 0.490444 18.697079 -234.512268
v 0.774311 18.699703 -234.506073
v 1.058179 18.702326 -234.499893
v 1.342047 18.704948 -234.493698
v 1.342047 17.655716 -236.968597
v 1.058179 17.655716 -236.968597
v 0.774312 17.655716 -236.968597
v 0.490444 17.655716 -236.968597
v 0.206576 17.655716 -236.968597
v -0.077291 17.655716 -236.968597
v -0.361159 17.655716 -236.968597
v -0.645026 17.655716 -236.968597
v -0.928894 17.655716 -236.968597
v -1.212762 17.655716 -236.968597
v -1.496629 17.655716 -236.968597
v -1.780497 17.655716 -236.968597
v -2.064365 17.655716 -236.968597
v -2.348232 17.655716 -236.968597
v -2.632100 17.655716 -236.968597
v -2.915967 17.655716 -236.968597
v -2.915967 17.149569 -236.754013
v -2.632100 17.149569 -236.754013
v -2.348232 17.149569 -236.754013
v -2.064365 17.149569 -236.754013
v -1.780497 17.149569 -236.754013
v -1.496629 17.149569 -236.754013
v -1.212762 17.149569 -236.754013
v -0.928894 17.149569 -236.754013
v -0.645027 17.149569 -236.754013
v -0.361159 17.149569 -236.754013
v -0.077291 17.149569 -236.754013
v 0.206576 17.149569 -236.754013
v 0.490444 17.149569 -236.754013
v 0.774311 17.149569 -236.754013
v 1.058179 17.149569 -236.754013
v 1.342047 17.149569 -236.754013
v -3.199835 17.739656 -236.770615
v -3.199835 17.823593 -236.572617
v -3.199835 17.907532 -236.374619
v -3.199835 17.991470 -236.176636
v -3.199835 18.075409 -235.978638
v -3.199835 18.159348 -235.780655
v -3.199835 18.243286 -235.582657
v -3.199835 18.327225 -235.384674
v -3.199835 18.411163 -235.186676
v -3.199835 18.495102 -234.988678
v -3.199835 18.579039 -234.790695
v -3.199835 18.072889 -234.576111
v -3.199835 17.988951 -234.774109
v -3.199835 17.905014 -234.972092
v -3.199835 17.821074 -235.170090
v -3.199835 17.737137 -235.368073
v -3.199835 17.653198 -235.566071
v -3.199835 17.569260 -235.764069
v -3.199835 17.485321 -235.962051
v -3.199835 17.401382 -236.160049
v -3.199835 17.317446 -236.358032
v -3.199835 17.233507 -236.556030
v 1.625914 18.619917 -234.694275
v 1.625914 18.532263 -234.901031
v 1.625914 18.444609 -235.107788
v 1.625914 18.356955 -235.314545
v 1.625914 18.269299 -235.521301
v 1.625914 18.181644 -235.728058
v 1.625914 18.093990 -235.934814
v 1.625914 18.006334 -236.141571
v 1.625914 17.918682 -236.348328
v 1.625914 17.831026 -236.555084
v 1.625914 17.743372 -236.761841
v 1.625914 18.113768 -234.479691
v 1.625914 18.026114 -234.686447
v 1.625914 17.938459 -234.893204
v 1.625914 17.850805 -235.099960
v 1.625914 17.763151 -235.306717
v 1.625914 17.675495 -235.513474
v 1.625914 17.587841 -235.720230
v 1.625914 17.500187 -235.926987
v 1.625914 17.412533 -236.133743
v 1.625914 17.324877 -236.340500
v 1.625914 17.237223 -236.547256
v 1.342047 18.111364 -234.485367
v 1.342047 18.023928 -234.691605
v 1.342047 17.936491 -234.897842
v 1.342047 17.849054 -235.104080
v 1.342047 17.761620 -235.310333
v 1.342047 17.674183 -235.516571
v 1.342047 17.586748 -235.722809
v 1.342047 17.499311 -235.929047
v 1.342047 17.411877 -236.135300
v 1.342047 17.324440 -236.341537
v 1.342047 17.237003 -236.547775
v 1.058179 18.108959 -234.491028
v 1.058179 18.021742 -234.696762
v 1.058179 17.934525 -234.902481
v 1.058179 17.847307 -235.108215
v 1.058179 17.760090 -235.313934
v 1.058179 17.672873 -235.519669
v 1.058179 17.585655 -235.725388
v 1.058179 17.498438 -235.931122
v 1.058179 17.411221 -236.136841
v 1.058179 17.324003 -236.342560
v 1.058179 17.236786 -236.548294
v 0.774311 18.106554 -234.496704
v 0.774311 18.019556 -234.701920
v 0.774311 17.932558 -234.907120
v 0.774311 17.845558 -235.112335
v 0.774311 17.758560 -235.317551
v 0.774311 17.671562 -235.522751
v 0.774311 17.584562 -235.727966
v 0.774311 17.497564 -235.933182
v 0.774311 17.410564 -236.138382
v 0.774311 17.323566 -236.343597
v 0.774311 17.236568 -236.548813
v 0.490444 18.104151 -234.502380
v 0.490444 18.017370 -234.707077
v 0.490444 17.930590 -234.911774
v 0.490444 17.843809 -235.116455
v 0.490444 17.757030 -235.321152
v 0.490444 17.670250 -235.525848
v 0.490444 17.583469 -235.730545
v 0.490444 17.496689 -235.935242
v 0.490444 17.409908 -236.139938
v 0.490444 17.323128 -236.344635
v 0.490444 17.236349 -236.549316
v 0.206576 18.101746 -234.508041
v 0.206576 18.015184 -234.712234
v 0.206576 17.928623 -234.916412
v 0.206576 17.842060 -235.120590
v 0.206576 17.755499 -235.324768
v 0.206576 17.668938 -235.528946
v 0.206576 17.582376 -235.733124
v 0.206576 17.495815 -235.937302
v 0.206576 17.409252 -236.141479
v 0.206576 17.322691 -236.345657
v 0.206576 17.236130 -236.549835
v -0.077291 18.099340 -234.513718
v -0.077291 18.012997 -234.717377
v -0.077291 17.926655 -234.921051
v -0.077291 17.840311 -235.124710
v -0.077291 17.753969 -235.328369
v -0.077291 17.667625 -235.532043
v -0.077291 17.494940 -235.939362
v -0.077291 17.408596 -236.143036
v -0.077291 17.322254 -236.346695
v -0.077291 17.235912 -236.550354
v -0.361159 18.096935 -234.519394
v -0.361159 18.010813 -234.722534
v -0.361159 17.924688 -234.925690
v -0.361159 17.838564 -235.128830
v -0.361159 17.752439 -235.331985
v -0.361159 17.666315 -235.535126
v -0.361159 17.580189 -235.738281
v -0.361159 17.494066 -235.941422
v -0.361159 17.407940 -236.144577
v -0.361159 17.321817 -236.347717
v -0.361159 17.235693 -236.550873
v -0.645027 18.094532 -234.525070
v -0.645027 18.008625 -234.727692
v -0.645027 17.922720 -234.930328
v -0.645027 17.836815 -235.132965
v -0.645027 17.750908 -235.335587
v -0.645027 17.665003 -235.538223
v -0.645027 17.579098 -235.740860
v -0.645027 17.493191 -235.943481
v -0.645027 17.407286 -236.146118
v -0.645027 17.321381 -236.348755
v -0.645027 17.235474 -236.551392
v -0.928894 18.092127 -234.530731
v -0.928894 18.006439 -234.732849
v -0.928894 17.920753 -234.934967
v -0.928894 17.835066 -235.137085
v -0.928894 17.749378 -235.339203
v -0.928894 17.663692 -235.541321
v -0.928894 17.578005 -235.743439
v -0.928894 17.492317 -235.945557
v -0.928894 17.406631 -236.147675
v -0.928894 17.320942 -236.349792
v -0.928894 17.235256 -236.551895
v -1.212762 18.089724 -234.536407
v -1.212762 18.004253 -234.738007
v -1.212762 17.918785 -234.939606
v -1.212762 17.833317 -235.141205
v -1.212762 17.747849 -235.342804
v -1.212762 17.662380 -235.544418
v -1.212762 17.576912 -235.746017
v -1.212762 17.491442 -235.947617
v -1.212762 17.405975 -236.149216
v -1.212762 17.320505 -236.350815
v -1.212762 17.235037 -236.552414
v -1.496629 18.087318 -234.542084
v -1.496629 18.002068 -234.743164
v -1.496629 17.916819 -234.944244
v -1.496629 17.831568 -235.145340
v -1.496629 17.746317 -235.346420
v -1.496629 17.661068 -235.547501
v -1.496629 17.575817 -235.748596
v -1.496629 17.490568 -235.949677
v -1.496629 17.405317 -236.150757
v -1.496629 17.320068 -236.351852
v -1.496629 17.234818 -236.552933
v -1.780497 18.084913 -234.547745
v -1.780497 17.999882 -234.748322
v -1.780497 17.914850 -234.948898
v -1.780497 17.829819 -235.149460
v -1.780497 17.744787 -235.350037
v -1.780497 17.659756 -235.550598
v -1.780497 17.574726 -235.751175
v -1.780497 17.489693 -235.951736
v -1.780497 17.404663 -236.152313
v -1.780497 17.319632 -236.352875
v -1.780497 17.234600 -236.553452
v -2.064365 18.082508 -234.553421
v -2.064365 17.997696 -234.753479
v -2.064365 17.912884 -234.953537
v -2.064365 17.828070 -235.153580
v -2.064365 17.743258 -235.353638
v -2.064365 17.658445 -235.553696
v -2.064365 17.573633 -235.753754
v -2.064365 17.488819 -235.953796
v -2.064365 17.404007 -236.153854
v -2.064365 17.319195 -236.353912
v -2.064365 17.234381 -236.553970
v -2.348232 18.080105 -234.559097
v -2.348232 17.995510 -234.758636
v -2.348232 17.910915 -234.958176
v -2.348232 17.826323 -235.157715
v -2.348232 17.741728 -235.357254
v -2.348232 17.657133 -235.556793
v -2.348232 17.572540 -235.756332
v -2.348232 17.487946 -235.955872
v -2.348232 17.403351 -236.155396
v -2.348232 17.318756 -236.354935
v -2.348232 17.234163 -236.554474
v -2.632100 18.077700 -234.564774
v -2.632100 17.993324 -234.763794
v -2.632100 17.908949 -234.962814
v -2.632100 17.824572 -235.161835
v -2.632100 17.740196 -235.360855
v -2.632100 17.655823 -235.559875
v -2.632100 17.571445 -235.758911
v -2.632100 17.487070 -235.957932
v -2.632100 17.402695 -236.156952
v -2.632100 17.318319 -236.355972
v -2.632100 17.233944 -236.554993
v -2.915967 18.075294 -234.570435
v -2.915967 17.991137 -234.768951
v -2.915967 17.906981 -234.967453
v -2.915967 17.822823 -235.165955
v -2.915967 17.738667 -235.364471
v -2.915967 17.654510 -235.562973
v -2.915967 17.570353 -235.761490
v -2.915967 17.486195 -235.959991
v -2.915967 17.402039 -236.158493
v -2.915967 17.317883 -236.357010
v -2.915967 17.233727 -236.555511
v -2.915967 18.581444 -234.785019
v -2.915967 18.497286 -234.983536
v -2.915967 18.413130 -235.182037
v -2.915967 18.328972 -235.380539
v -2.915967 18.244816 -235.579056
v -2.915967 18.160658 -235.777557
v -2.915967 18.076502 -235.976059
v -2.915967 17.992344 -236.174576
v -2.915967 17.908188 -236.373077
v -2.915967 17.824032 -236.571579
v -2.915967 17.739874 -236.770096
v -2.632100 18.583849 -234.779343
v -2.632100 18.499474 -234.978378
v -2.632100 18.415098 -235.177399
v -2.632100 18.330721 -235.376419
v -2.632100 18.246346 -235.575439
v -2.632100 18.161970 -235.774460
v -2.632100 18.077595 -235.973480
v -2.632100 17.993219 -236.172516
v -2.632100 17.908844 -236.371536
v -2.632100 17.824469 -236.570557
v -2.632100 17.740093 -236.769577
v -2.348232 18.586254 -234.773682
v -2.348232 18.501659 -234.973221
v -2.348232 18.417065 -235.172760
v -2.348232 18.332470 -235.372299
v -2.348232 18.247877 -235.571823
v -2.348232 18.163282 -235.771362
v -2.348232 18.078690 -235.970901
v -2.348232 17.994095 -236.170441
v -2.348232 17.909500 -236.369980
v -2.348232 17.824905 -236.569519
v -2.348232 17.740311 -236.769058
v -2.064365 18.588657 -234.768005
v -2.064365 18.503845 -234.968063
v -2.064365 18.419033 -235.168121
v -2.064365 18.334219 -235.368164
v -2.064365 18.249407 -235.568222
v -2.064365 18.164595 -235.768280
v -2.064365 18.079781 -235.968323
v -2.064365 17.994968 -236.168381
v -2.064365 17.910156 -236.368439
v -2.064365 17.825344 -236.568497
v -2.064365 17.740530 -236.768539
v -1.780497 18.591063 -234.762329
v -1.780497 18.506031 -234.962906
v -1.780497 18.421000 -235.163467
v -1.780497 18.335968 -235.364044
v -1.780497 18.250937 -235.564606
v -1.780497 18.165905 -235.765182
v -1.780497 18.080873 -235.965744
v -1.780497 17.995842 -236.166321
v -1.780497 17.910810 -236.366898
v -1.780497 17.825781 -236.567459
v -1.780497 17.740747 -236.768036
v -1.496629 18.593468 -234.756668
v -1.496629 18.508217 -234.957748
v -1.496629 18.422966 -235.158829
v -1.496629 18.337717 -235.359924
v -1.496629 18.252466 -235.561005
v -1.496629 18.167217 -235.762085
v -1.496629 18.081966 -235.963181
v -1.496629 17.996717 -236.164261
v -1.496629 17.911467 -236.365341
v -1.496629 17.826218 -236.566437
v -1.496629 17.740967 -236.767517
v -1.212762 18.595871 -234.750992
v -1.212762 18.510403 -234.952591
v -1.212762 18.424934 -235.154190
v -1.212762 18.339466 -235.355789
v -1.212762 18.253998 -235.557388
v -1.212762 18.168530 -235.758987
v -1.212762 18.083059 -235.960602
v -1.212762 17.997591 -236.162201
v -1.212762 17.912123 -236.363800
v -1.212762 17.826654 -236.565399
v -1.212762 17.741186 -236.766998
v -0.928894 18.598276 -234.745316
v -0.928894 18.512589 -234.947433
v -0.928894 18.426901 -235.149551
v -0.928894 18.341215 -235.351669
v -0.928894 18.255527 -235.553787
v -0.928894 18.169840 -235.755905
v -0.928894 18.084154 -235.958023
v -0.928894 17.998466 -236.160141
v -0.928894 17.912779 -236.362244
v -0.928894 17.827091 -236.564362
v -0.928894 17.741404 -236.766479
v -0.645027 18.600681 -234.739639
v -0.645027 18.514774 -234.942276
v -0.645027 18.428869 -235.144913
v -0.645027 18.342964 -235.347549
v -0.645027 18.257057 -235.550171
v -0.645027 18.171152 -235.752808
v -0.645027 18.085247 -235.955444
v -0.645027 17.999340 -236.158066
v -0.645026 17.913435 -236.360703
v -0.645026 17.827528 -236.563339
v -0.645026 17.741623 -236.765961
v -0.361159 18.603085 -234.733978
v -0.361159 18.516962 -234.937119
v -0.361159 18.430836 -235.140274
v -0.361159 18.344713 -235.343414
v -0.361159 18.258587 -235.546570
v -0.361159 18.172462 -235.749710
v -0.361159 18.086338 -235.952866
v -0.361159 18.000214 -236.156006
v -0.361159 17.914089 -236.359161
v -0.361159 17.827967 -236.562302
v -0.361159 17.741842 -236.765457
v -0.077291 18.605490 -234.728302
v -0.077291 18.519146 -234.931961
v -0.077291 18.432804 -235.135635
v -0.077291 18.346460 -235.339294
v -0.077291 18.260117 -235.542953
v -0.077291 18.173775 -235.746613
v -0.077291 18.087433 -235.950287
v -0.077291 18.001089 -236.153946
v -0.077291 17.914745 -236.357605
v -0.077291 17.828403 -236.561279
v -0.077291 17.742060 -236.764938
v 0.206576 18.607895 -234.722626
v 0.206576 18.521334 -234.926804
v 0.206576 18.434772 -235.130981
v 0.206576 18.348209 -235.335175
v 0.206576 18.261648 -235.539352
v 0.206576 18.175087 -235.743530
v 0.206576 18.088526 -235.947708
v 0.206576 18.001963 -236.151886
v 0.206576 17.915401 -236.356064
v 0.206576 17.828840 -236.560242
v 0.206576 17.742279 -236.764420
v 0.490444 18.610300 -234.716965
v 0.490444 18.523520 -234.921646
v 0.490444 18.436739 -235.126343
v 0.490444 18.349958 -235.331039
v 0.490444 18.263178 -235.535736
v 0.490444 18.176399 -235.740433
v 0.490444 18.089619 -235.945129
v 0.490444 18.002838 -236.149826
v 0.490444 17.916058 -236.354523
v 0.490444 17.829277 -236.559204
v 0.490444 17.742498 -236.763901
v 0.774311 18.612703 -234.711288
v 0.774311 18.525705 -234.916504
v 0.774311 18.438705 -235.121704
v 0.774311 18.351707 -235.326920
v 0.774311 18.264709 -235.532135
v 0.774311 18.177710 -235.737335
v 0.774311 18.090712 -235.942551
v 0.774311 18.003714 -236.147751
v 0.774311 17.916714 -236.352966
v 0.774311 17.829716 -236.558182
v 0.774312 17.742716 -236.763382
v 1.058179 18.615108 -234.705612
v 1.058179 18.527891 -234.911346
v 1.058179 18.440674 -235.117065
v 1.058179 18.353456 -235.322800
v 1.058179 18.266239 -235.528519
v 1.058179 18.179020 -235.734238
v 1.058179 18.091803 -235.939972
v 1.058179 18.004585 -236.145691
v 1.058179 17.917370 -236.351425
v 1.058179 17.830153 -236.557144
v 1.058179 17.742933 -236.762878
v 1.342047 18.617514 -234.699951
v 1.342047 18.530077 -234.906189
v 1.342047 18.442640 -235.112427
v 1.342047 18.355204 -235.318665
v 1.342047 18.267769 -235.524902
v 1.342047 18.180332 -235.731155
v 1.342047 18.092897 -235.937393
v 1.342047 18.005461 -236.143631
v 1.342047 17.918026 -236.349869
v 1.342047 17.830589 -236.556122
v 1.342047 17.743153 -236.762360
v -2.875772 18.525103 -235.038132
v -2.875772 18.472300 -235.162674
v -2.875772 18.356728 -235.435287
v -2.875772 18.303923 -235.559845
v -2.875772 18.188353 -235.832443
v -2.875772 18.135546 -235.957001
v -2.875772 18.019978 -236.229599
v -2.875772 17.967169 -236.354156
v -2.875772 17.851603 -236.626755
v -2.875772 17.798794 -236.751328
v -2.591904 18.611694 -234.833878
v -2.672296 18.526670 -235.034424
v -2.591904 18.442883 -235.232056
v -2.672296 18.357981 -235.432327
v -2.591904 18.274071 -235.630249
v -2.672296 18.189293 -235.830215
v -2.591904 18.105259 -236.028442
v -2.672296 18.020605 -236.228119
v -2.591904 17.936445 -236.426636
v -2.672296 17.851915 -236.626022
v -2.672296 17.798950 -236.750961
v -2.388428 18.613419 -234.829803
v -2.308037 18.529476 -235.027817
v -2.388428 18.444294 -235.228729
v -2.308037 18.360226 -235.427032
v -2.388428 18.275167 -235.627670
v -2.308037 18.190977 -235.826248
v -2.388428 18.106043 -236.026596
v -2.308037 18.021727 -236.225479
v -2.388428 17.936916 -236.425522
v -2.308037 17.852478 -236.624695
v -2.308037 17.799231 -236.750290
v -2.024169 18.616505 -234.822525
v -2.104561 18.531042 -235.024109
v -2.024169 18.446817 -235.222778
v -2.104561 18.361481 -235.424072
v -2.024169 18.277132 -235.623032
v -2.104560 18.191917 -235.824036
v -2.024169 18.107445 -236.023285
v -2.104561 18.022354 -236.223999
v -2.024169 17.937757 -236.423538
v -2.104561 17.852791 -236.623962
v -2.104561 17.799387 -236.749924
v -1.820693 18.618227 -234.818466
v -1.740301 18.533848 -235.017502
v -1.820693 18.448229 -235.219452
v -1.740301 18.363724 -235.418777
v -1.820693 18.278229 -235.620453
v -1.740301 18.193600 -235.820068
v -1.820693 18.108229 -236.021439
v -1.740301 18.023476 -236.221344
v -1.820693 17.938229 -236.422424
v -1.740301 17.853352 -236.622635
v -1.740301 17.799667 -236.749268
v -1.456434 18.621313 -234.811188
v -1.536825 18.535414 -235.013809
v -1.456434 18.450752 -235.213501
v -1.536825 18.364977 -235.415833
v -1.456434 18.280191 -235.615814
v -1.536825 18.194540 -235.817841
v -1.456434 18.109631 -236.018127
v -1.536825 18.024103 -236.219879
v -1.456434 17.939070 -236.420441
v -1.536825 17.853664 -236.621887
v -1.536825 17.799824 -236.748886
v -1.252958 18.623037 -234.807114
v -1.172566 18.538219 -235.007187
v -1.252958 18.452164 -235.210175
v -1.172566 18.367220 -235.410538
v -1.252958 18.281288 -235.613220
v -1.172566 18.196222 -235.813873
v -1.252958 18.110415 -236.016281
v -1.172566 18.025225 -236.217224
v -1.252958 17.939539 -236.419342
v -1.172566 17.854225 -236.620575
v -1.172566 17.800104 -236.748230
v -0.888698 18.626122 -234.799835
v -0.969090 18.539785 -235.003494
v -0.888698 18.454687 -235.204224
v -0.969090 18.368475 -235.407578
v -0.888698 18.283253 -235.608597
v -0.969090 18.197163 -235.811661
v -0.888698 18.111816 -236.012970
v -0.969090 18.025852 -236.215744
v -0.888698 17.940382 -236.417343
v -0.969090 17.854540 -236.619827
v -0.969090 17.800261 -236.747864
v -0.685222 18.627846 -234.795776
v -0.604831 18.542591 -234.996872
v -0.685222 18.456097 -235.200897
v -0.604831 18.370718 -235.402283
v -0.685222 18.284349 -235.606003
v -0.604831 18.198847 -235.807693
v -0.685222 18.112600 -236.011124
v -0.604831 18.026974 -236.213104
v -0.685222 17.940851 -236.416245
v -0.604831 17.855101 -236.618515
v -0.604831 17.800543 -236.747192
v -0.320963 18.630932 -234.788498
v -0.401355 18.544157 -234.993179
v -0.320963 18.458622 -235.194931
v -0.401355 18.371973 -235.399323
v -0.320963 18.286312 -235.601379
v -0.401355 18.199785 -235.805466
v -0.320963 18.114002 -236.007812
v -0.401355 18.027599 -236.211624
v -0.320963 17.941692 -236.414261
v -0.401355 17.855413 -236.617767
v -0.401355 17.800699 -236.746826
v -0.117487 18.632656 -234.784439
v -0.037096 18.546963 -234.986557
v -0.117487 18.460032 -235.191605
v -0.037096 18.374216 -235.394028
v -0.117487 18.287409 -235.598785
v -0.037096 18.201469 -235.801498
v -0.117487 18.114786 -236.005966
v -0.037096 18.028723 -236.208969
v -0.117487 17.942163 -236.413147
v -0.037096 17.855974 -236.616440
v -0.037096 17.800980 -236.746170
v 0.246772 18.635740 -234.777161
v 0.166380 18.548531 -234.982864
v 0.246772 18.462557 -235.185654
v 0.166380 18.375469 -235.391083
v 0.246772 18.289373 -235.594162
v 0.166380 18.202410 -235.799286
v 0.246772 18.116188 -236.002655
v 0.166380 18.029348 -236.207489
v 0.246772 17.943005 -236.411163
v 0.166380 17.856289 -236.615707
v 0.166380 17.801136 -236.745804
v 0.450248 18.637465 -234.773087
v 0.530640 18.551334 -234.976257
v 0.450248 18.463968 -235.182327
v 0.530640 18.377714 -235.385788
v 0.450248 18.290470 -235.591568
v 0.530640 18.204092 -235.795319
v 0.450248 18.116974 -236.000809
v 0.530640 18.030470 -236.204849
v 0.450248 17.943474 -236.410049
v 0.530640 17.856850 -236.614380
v 0.530640 17.801416 -236.745132
v 0.814507 18.640551 -234.765808
v 0.734116 18.552902 -234.972549
v 0.814507 18.466492 -235.176376
v 0.734116 18.378967 -235.382828
v 0.814507 18.292433 -235.586945
v 0.734116 18.205032 -235.793091
v 0.814507 18.118376 -235.997498
v 0.734116 18.031097 -236.203369
v 0.814507 17.944317 -236.408066
v 0.734116 17.857162 -236.613647
v 0.734116 17.801573 -236.744766
v 1.017983 18.642273 -234.761749
v 1.098375 18.555706 -234.965942
v 1.017983 18.467901 -235.173050
v 1.098375 18.381210 -235.377533
v 1.017983 18.293530 -235.584351
v 1.098375 18.206715 -235.789124
v 1.017983 18.119158 -235.995651
v 1.098375 18.032219 -236.200729
v 1.017983 17.944786 -236.406967
v 1.098375 17.857723 -236.612320
v 1.098375 17.801853 -236.744110
v 1.301851 18.557274 -234.962234
v 1.301851 18.501253 -235.094376
v 1.301851 18.382463 -235.374573
v 1.301851 18.326441 -235.506714
v 1.301851 18.207655 -235.786911
v 1.301851 18.151630 -235.919067
v 1.301851 18.032846 -236.199249
v 1.301851 17.976820 -236.331390
v 1.301851 17.858036 -236.611588
v 1.301851 17.802010 -236.743729
v -2.915967 18.540485 -235.001846
v -2.915967 18.456327 -235.200348
v -2.915967 18.372171 -235.398849
v -2.915967 18.288013 -235.597366
v -2.915967 18.203857 -235.795868
v -2.915967 18.119701 -235.994370
v -2.915967 18.035543 -236.192886
v -2.915967 17.951387 -236.391388
v -2.915967 17.867229 -236.589905
v -2.915967 17.783073 -236.788406
v -2.632100 18.627047 -234.797668
v -2.632100 18.542671 -234.996689
v -2.591904 18.558674 -234.958939
v -2.632100 18.458296 -235.195709
v -2.672296 18.473709 -235.159348
v -2.632100 18.373920 -235.394730
v -2.591904 18.389860 -235.357132
v -2.632100 18.289545 -235.593750
v -2.672296 18.305019 -235.557251
v -2.632100 18.205170 -235.792770
v -2.591904 18.221045 -235.755325
v -2.632100 18.120794 -235.991791
v -2.672296 18.136330 -235.955154
v -2.632100 18.036417 -236.190826
v -2.591904 18.052231 -236.153519
v -2.632100 17.952042 -236.389847
v -2.672296 17.967640 -236.353058
v -2.632100 17.867666 -236.588867
v -2.591904 17.883419 -236.551712
v -2.632100 17.783293 -236.787888
v -2.348232 18.629452 -234.791992
v -2.348232 18.544859 -234.991531
v -2.388428 18.560240 -234.955246
v -2.348232 18.460264 -235.191071
v -2.308037 18.476234 -235.153397
v -2.348232 18.375669 -235.390610
v -2.388428 18.391113 -235.354172
v -2.348232 18.291075 -235.590149
v -2.308037 18.306984 -235.552628
v -2.348232 18.206482 -235.789688
v -2.388428 18.221987 -235.753113
v -2.348232 18.121887 -235.989212
v -2.308037 18.137732 -235.951843
v -2.348232 18.037292 -236.188751
v -2.388428 18.052858 -236.152039
v -2.348232 17.952700 -236.388290
v -2.308037 17.968481 -236.351074
v -2.348232 17.868105 -236.587830
v -2.388428 17.883732 -236.550980
v -2.348232 17.783510 -236.787369
v -2.064365 18.631857 -234.786316
v -2.064365 18.547045 -234.986374
v -2.024169 18.563046 -234.948624
v -2.064365 18.462231 -235.186432
v -2.104560 18.477644 -235.150070
v -2.064365 18.377419 -235.386475
v -2.024169 18.393356 -235.348877
v -2.064365 18.292606 -235.586533
v -2.104560 18.308079 -235.550034
v -2.064365 18.207792 -235.786591
v -2.024169 18.223669 -235.749146
v -2.064365 18.122980 -235.986649
v -2.104561 18.138515 -235.949997
v -2.064365 18.038168 -236.186691
v -2.024169 18.053982 -236.149399
v -2.064365 17.953354 -236.386749
v -2.104560 17.968952 -236.349960
v -2.064365 17.868542 -236.586807
v -2.024169 17.884293 -236.549652
v -2.064365 17.783730 -236.786850
v -1.780497 18.634262 -234.780640
v -1.780497 18.549231 -234.981216
v -1.820693 18.564611 -234.944931
v -1.780497 18.464199 -235.181778
v -1.740301 18.480169 -235.144119
v -1.780497 18.379168 -235.382355
v -1.820693 18.394611 -235.345932
v -1.780497 18.294136 -235.582932
v -1.740301 18.310043 -235.545395
v -1.780497 18.209105 -235.783493
v -1.820693 18.224609 -235.746918
v -1.780497 18.124073 -235.984070
v -1.740301 18.139917 -235.946686
v -1.780497 18.039042 -236.184631
v -1.820693 18.054607 -236.147919
v -1.780497 17.954010 -236.385208
v -1.740301 17.969791 -236.347977
v -1.780497 17.868979 -236.585770
v -1.820693 17.884605 -236.548904
v -1.780497 17.783947 -236.786346
v -1.496629 18.636665 -234.774979
v -1.496629 18.551416 -234.976059
v -1.456434 18.567417 -234.938309
v -1.496629 18.466166 -235.177139
v -1.536825 18.481579 -235.140793
v -1.496629 18.380915 -235.378235
v -1.456434 18.396854 -235.340637
v -1.496629 18.295666 -235.579315
v -1.536825 18.311140 -235.542816
v -1.496629 18.210415 -235.780396
v -1.456434 18.226292 -235.742950
v -1.496629 18.125166 -235.981491
v -1.536825 18.140701 -235.944839
v -1.496629 18.039915 -236.182571
v -1.456434 18.055729 -236.145264
v -1.496629 17.954666 -236.383652
v -1.536825 17.970263 -236.346863
v -1.496629 17.869417 -236.584747
v -1.456434 17.885168 -236.547592
v -1.496629 17.784166 -236.785828
v -1.212762 18.639071 -234.769302
v -1.212762 18.553602 -234.970901
v -1.252958 18.568985 -234.934616
v -1.212762 18.468134 -235.172501
v -1.172566 18.484104 -235.134827
v -1.212762 18.382664 -235.374100
v -1.252958 18.398108 -235.337677
v -1.212762 18.297195 -235.575699
v -1.172566 18.313105 -235.538177
v -1.212762 18.211727 -235.777313
v -1.252958 18.227232 -235.740738
v -1.212762 18.126259 -235.978912
v -1.172566 18.142103 -235.941528
v -1.212762 18.040791 -236.180511
v -1.252958 18.056356 -236.143799
v -1.212762 17.955322 -236.382111
v -1.172566 17.971104 -236.344879
v -1.212762 17.869852 -236.583710
v -1.252958 17.885481 -236.546844
v -1.212762 17.784384 -236.785309
v -0.928894 18.641474 -234.763626
v -0.928894 18.555788 -234.965744
v -0.888698 18.571789 -234.928009
v -0.928894 18.470100 -235.167862
v -0.969090 18.485514 -235.131500
v -0.928894 18.384413 -235.369980
v -0.888698 18.400352 -235.332382
v -0.928894 18.298727 -235.572098
v -0.969090 18.314201 -235.535599
v -0.928894 18.213039 -235.774216
v -0.888698 18.228916 -235.736771
v -0.928894 18.127352 -235.976334
v -0.969090 18.142887 -235.939682
v -0.928894 18.041664 -236.178452
v -0.888698 18.057478 -236.141144
v -0.928894 17.955978 -236.380569
v -0.969090 17.971575 -236.343765
v -0.928894 17.870291 -236.582672
v -0.888698 17.886042 -236.545532
v -0.928894 17.784603 -236.784790
v -0.645027 18.643879 -234.757965
v -0.645027 18.557974 -234.960587
v -0.685222 18.573357 -234.924301
v -0.645027 18.472069 -235.163223
v -0.604831 18.488039 -235.125549
v -0.645027 18.386162 -235.365860
v -0.685222 18.401606 -235.329422
v -0.645027 18.300257 -235.568481
v -0.604831 18.316164 -235.530960
v -0.645027 18.214352 -235.771118
v -0.685222 18.229856 -235.734543
v -0.645027 18.128445 -235.973755
v -0.604831 18.144289 -235.936371
v -0.645027 18.042540 -236.176376
v -0.685222 18.058105 -236.139664
v -0.645026 17.956633 -236.379013
v -0.604831 17.972416 -236.341782
v -0.645026 17.870728 -236.581650
v -0.685222 17.886354 -236.544785
v -0.645026 17.784822 -236.784286
v -0.361159 18.646284 -234.752289
v -0.361159 18.560160 -234.955429
v -0.320963 18.576160 -234.917694
v -0.361159 18.474035 -235.158585
v -0.401355 18.489449 -235.122223
v -0.361159 18.387911 -235.361725
v -0.320963 18.403851 -235.324127
v -0.361159 18.301786 -235.564880
v -0.401355 18.317261 -235.528381
v -0.361159 18.215662 -235.768021
v -0.320963 18.231539 -235.730576
v -0.361159 18.129538 -235.971176
v -0.401355 18.145073 -235.934525
v -0.361159 18.043413 -236.174316
v -0.320963 18.059227 -236.137024
v -0.361159 17.957289 -236.377472
v -0.401355 17.972885 -236.340683
v -0.361159 17.871164 -236.580612
v -0.320963 17.886915 -236.543457
v -0.361159 17.785040 -236.783768
v -0.077291 18.648689 -234.746613
v -0.077291 18.562346 -234.950272
v -0.117487 18.577728 -234.913986
v -0.077291 18.476002 -235.153946
v -0.037096 18.491972 -235.116272
v -0.077291 18.389660 -235.357605
v -0.117487 18.405104 -235.321182
v -0.077291 18.303316 -235.561264
v -0.037096 18.319223 -235.523743
v -0.077291 18.216974 -235.764938
v -0.117487 18.232477 -235.728363
v -0.077291 18.130630 -235.968597
v -0.037096 18.146475 -235.931213
v -0.077291 18.044287 -236.172256
v -0.117487 18.059853 -236.135544
v -0.077291 17.957945 -236.375916
v -0.037096 17.973726 -236.338699
v -0.077291 17.871603 -236.579590
v -0.117487 17.887230 -236.542725
v -0.077291 17.785259 -236.783249
v 0.206576 18.651093 -234.740936
v 0.206576 18.564531 -234.945114
v 0.246772 18.580534 -234.907379
v 0.206576 18.477970 -235.149307
v 0.166380 18.493383 -235.112946
v 0.206576 18.391409 -235.353485
v 0.246772 18.407347 -235.315887
v 0.206576 18.304848 -235.557663
v 0.166380 18.320320 -235.521164
v 0.206576 18.218285 -235.761841
v 0.246772 18.234161 -235.724396
v 0.206576 18.131723 -235.966019
v 0.166380 18.147259 -235.929367
v 0.206576 18.045162 -236.170197
v 0.246772 18.060976 -236.132889
v 0.206576 17.958601 -236.374374
v 0.166380 17.974197 -236.337585
v 0.206576 17.872040 -236.578552
v 0.246772 17.887791 -236.541397
v 0.206576 17.785479 -236.782730
v 0.490444 18.653498 -234.735275
v 0.490444 18.566717 -234.939972
v 0.450248 18.582100 -234.903687
v 0.490444 18.479939 -235.144653
v 0.530640 18.495909 -235.106995
v 0.490444 18.393158 -235.349350
v 0.450248 18.408602 -235.312927
v 0.490444 18.306377 -235.554047
v 0.530640 18.322285 -235.516525
v 0.490444 18.219597 -235.758743
v 0.450248 18.235102 -235.722168
v 0.490444 18.132818 -235.963440
v 0.530640 18.148663 -235.926056
v 0.490444 18.046036 -236.168137
v 0.450248 18.061604 -236.131409
v 0.490444 17.959257 -236.372833
v 0.530640 17.975039 -236.335602
v 0.490444 17.872477 -236.577515
v 0.450248 17.888103 -236.540665
v 0.490444 17.785696 -236.782211
v 0.774311 18.655903 -234.729599
v 0.774311 18.568905 -234.934814
v 0.814507 18.584906 -234.897064
v 0.774311 18.481905 -235.140015
v 0.734116 18.497318 -235.103668
v 0.774311 18.394907 -235.345230
v 0.814507 18.410845 -235.307632
v 0.774311 18.307907 -235.550446
v 0.734116 18.323381 -235.513947
v 0.774311 18.220909 -235.755646
v 0.814507 18.236786 -235.718201
v 0.774311 18.133911 -235.960861
v 0.734116 18.149445 -235.924210
v 0.774311 18.046911 -236.166077
v 0.814507 18.062725 -236.128769
v 0.774311 17.959913 -236.371277
v 0.734116 17.975510 -236.334488
v 0.774311 17.872913 -236.576492
v 0.814507 17.888666 -236.539337
v 0.774312 17.785915 -236.781708
v 1.058179 18.658306 -234.723923
v 1.058179 18.571089 -234.929657
v 1.017983 18.586473 -234.893372
v 1.058179 18.483871 -235.135376
v 1.098375 18.499842 -235.097702
v 1.058179 18.396654 -235.341110
v 1.017983 18.412098 -235.304672
v 1.058179 18.309437 -235.546829
v 1.098375 18.325344 -235.509308
v 1.058179 18.222219 -235.752563
v 1.017983 18.237724 -235.715988
v 1.058179 18.135002 -235.958282
v 1.098375 18.150846 -235.920914
v 1.058179 18.047785 -236.164001
v 1.017983 18.063351 -236.127289
v 1.058179 17.960567 -236.369736
v 1.098375 17.976351 -236.332504
v 1.058179 17.873350 -236.575455
v 1.017983 17.888979 -236.538605
v 1.058179 17.786133 -236.781189
v 1.342047 18.573275 -234.924500
v 1.342047 18.485840 -235.130737
v 1.342047 18.398403 -235.336975
v 1.342047 18.310968 -235.543228
v 1.342047 18.223532 -235.749466
v 1.342047 18.136095 -235.955704
v 1.342047 18.048660 -236.161942
v 1.342047 17.961224 -236.368195
v 1.342047 17.873789 -236.574432
v 1.342047 17.786352 -236.780670
v -2.802886 19.781109 -235.621765
v -2.802886 19.766134 -235.657074
v -2.802885 19.612621 -236.019180
v -2.802885 19.597645 -236.054504
v -2.802885 19.444134 -236.416611
v -2.802885 19.429159 -236.451935
v -2.802885 19.275646 -236.814026
v -2.802885 19.260670 -236.849350
v -2.802884 19.107159 -237.211456
v -2.802884 19.092182 -237.246780
v -2.519018 19.867680 -235.417557
v -2.519018 19.852644 -235.453018
v -2.745184 19.781553 -235.620712
v -2.745184 19.766535 -235.656128
v -2.519018 19.698753 -235.816010
v -2.519018 19.683718 -235.851486
v -2.745183 19.612976 -236.018341
v -2.745183 19.597958 -236.053772
v -2.519020 19.529829 -236.214478
v -2.519020 19.514791 -236.249939
v -2.745183 19.444401 -236.415970
v -2.745183 19.429380 -236.451401
v -2.519020 19.360905 -236.612930
v -2.519020 19.345865 -236.648392
v -2.745183 19.275824 -236.813614
v -2.745183 19.260803 -236.849045
v -2.519019 19.191978 -237.011383
v -2.519019 19.176941 -237.046860
v -2.745182 19.107246 -237.211243
v -2.745182 19.092226 -237.246674
v -2.461316 19.868168 -235.416412
v -2.461316 19.853086 -235.451981
v -2.235150 19.785324 -235.611816
v -2.235150 19.770226 -235.647430
v -2.461316 19.699154 -235.815079
v -2.461316 19.684072 -235.850647
v -2.235150 19.615963 -236.011307
v -2.235150 19.600864 -236.046921
v -2.461318 19.530140 -236.213730
v -2.461318 19.515059 -236.249313
v -2.235147 19.446600 -236.410782
v -2.235147 19.431501 -236.446411
v -2.461318 19.361126 -236.612396
v -2.461318 19.346045 -236.647980
v -2.235150 19.277239 -236.810272
v -2.235150 19.262138 -236.845886
v -2.461317 19.192112 -237.011063
v -2.461317 19.177031 -237.046646
v -2.235150 19.107876 -237.209763
v -2.235150 19.092775 -237.245377
v -1.951281 19.872332 -235.406586
v -1.951281 19.857172 -235.442337
v -2.177448 19.785769 -235.610764
v -2.177448 19.770626 -235.646484
v -1.951283 19.702534 -235.807098
v -1.951283 19.687372 -235.842865
v -2.177448 19.616318 -236.010468
v -2.177448 19.601175 -236.046188
v -1.951282 19.532732 -236.207626
v -1.951282 19.517572 -236.243378
v -2.177445 19.446867 -236.410156
v -2.177445 19.431725 -236.445877
v -1.951282 19.362934 -236.608139
v -1.951282 19.347773 -236.643906
v -2.177448 19.277416 -236.809860
v -2.177448 19.262272 -236.845581
v -1.951281 19.193134 -237.008652
v -1.951281 19.177973 -237.044418
v -2.177447 19.107964 -237.209549
v -2.177447 19.092821 -237.245270
v -1.893579 19.872820 -235.405426
v -1.893579 19.857616 -235.441299
v -1.667415 19.789539 -235.601868
v -1.667415 19.774319 -235.637772
v -1.893580 19.702932 -235.806152
v -1.893580 19.687727 -235.842026
v -1.667414 19.619303 -236.003418
v -1.667414 19.604080 -236.039322
v -1.893579 19.533043 -236.206894
v -1.893579 19.517838 -236.242752
v -1.667413 19.449066 -236.404968
v -1.667413 19.433844 -236.440887
v -1.893579 19.363155 -236.607620
v -1.893579 19.347950 -236.643478
v -1.667415 19.278830 -236.806519
v -1.667415 19.263605 -236.842422
v -1.893579 19.193268 -237.008347
v -1.893579 19.178062 -237.044205
v -1.667414 19.108593 -237.208069
v -1.667414 19.093369 -237.243988
v -1.383547 19.876984 -235.395615
v -1.383547 19.861700 -235.431656
v -1.609712 19.789984 -235.600830
v -1.609712 19.774717 -235.636841
v -1.383548 19.706310 -235.798187
v -1.383548 19.691025 -235.834244
v -1.609712 19.619659 -236.002579
v -1.609712 19.604391 -236.038589
v -1.383549 19.535637 -236.200775
v -1.383549 19.520351 -236.236832
v -1.609711 19.449333 -236.404343
v -1.609711 19.434065 -236.440353
v -1.383548 19.364964 -236.603348
v -1.383548 19.349678 -236.639404
v -1.609713 19.279007 -236.806107
v -1.609713 19.263741 -236.842117
v -1.383547 19.194288 -237.005936
v -1.383547 19.179003 -237.041992
v -1.609712 19.108681 -237.207855
v -1.609712 19.093412 -237.243881
v -1.325845 19.877472 -235.394455
v -1.325845 19.862144 -235.430618
v -1.099679 19.793755 -235.591934
v -1.099679 19.778408 -235.628128
v -1.325846 19.706711 -235.797241
v -1.325846 19.691381 -235.833405
v -1.099679 19.622644 -235.995544
v -1.099679 19.607298 -236.031738
v -1.325847 19.535948 -236.200043
v -1.325847 19.520618 -236.236191
v -1.099681 19.451532 -236.399155
v -1.099681 19.436186 -236.435349
v -1.325845 19.365185 -236.602829
v -1.325845 19.349855 -236.638992
v -1.099681 19.280422 -236.802765
v -1.099681 19.265076 -236.838959
v -1.325845 19.194422 -237.005615
v -1.325845 19.179090 -237.041779
v -1.099679 19.109310 -237.206375
v -1.099679 19.093964 -237.242584
v -0.815811 19.881638 -235.384644
v -0.815811 19.866228 -235.420975
v -1.041977 19.794199 -235.590881
v -1.041977 19.778809 -235.627182
v -0.815812 19.710089 -235.789276
v -0.815812 19.694681 -235.825623
v -1.041977 19.622999 -235.994705
v -1.041977 19.607609 -236.031006
v -0.815810 19.538542 -236.193924
v -0.815810 19.523132 -236.230270
v -1.041979 19.451799 -236.398529
v -1.041979 19.436407 -236.434830
v -0.815811 19.366993 -236.598557
v -0.815811 19.351583 -236.634918
v -1.041978 19.280602 -236.802338
v -1.041978 19.265209 -236.838654
v -0.815811 19.195444 -237.003204
v -0.815811 19.180035 -237.039551
v -1.041977 19.109400 -237.206161
v -1.041977 19.094007 -237.242477
v -0.758109 19.882124 -235.383484
v -0.758109 19.866673 -235.419937
v -0.531944 19.797970 -235.581985
v -0.531944 19.782499 -235.618484
v -0.758109 19.710489 -235.788330
v -0.758109 19.695038 -235.824783
v -0.531943 19.625984 -235.987656
v -0.531943 19.610514 -236.024155
v -0.758108 19.538853 -236.193192
v -0.758108 19.523399 -236.229645
v -0.531942 19.453999 -236.393341
v -0.531942 19.438528 -236.429825
v -0.758109 19.367214 -236.598038
v -0.758109 19.351763 -236.634491
v -0.531942 19.282013 -236.799011
v -0.531942 19.266542 -236.835510
v -0.758108 19.195578 -237.002899
v -0.758108 19.180122 -237.039352
v -0.531943 19.110029 -237.204681
v -0.531943 19.094559 -237.241180
v -0.248075 19.886290 -235.373657
v -0.248075 19.870756 -235.410294
v -0.474242 19.798414 -235.580933
v -0.474242 19.782900 -235.617538
v -0.248075 19.713865 -235.780365
v -0.248075 19.698334 -235.817001
v -0.474241 19.626339 -235.986816
v -0.474241 19.610825 -236.023422
v -0.248076 19.541445 -236.187073
v -0.248076 19.525911 -236.223709
v -0.474240 19.454266 -236.392700
v -0.474240 19.438749 -236.429306
v -0.248078 19.369020 -236.593781
v -0.248078 19.353487 -236.630417
v -0.474239 19.282190 -236.798584
v -0.474239 19.266674 -236.835190
v -0.248078 19.196598 -237.000488
v -0.248078 19.181065 -237.037125
v -0.474241 19.110117 -237.204468
v -0.474241 19.094603 -237.241074
v -0.190373 19.886778 -235.372513
v -0.190373 19.871202 -235.409256
v 0.035789 19.802185 -235.572037
v 0.035789 19.786591 -235.608826
v -0.190373 19.714266 -235.779419
v -0.190373 19.698689 -235.816162
v 0.035791 19.629326 -235.979782
v 0.035791 19.613731 -236.016571
v -0.190374 19.541756 -236.186340
v -0.190374 19.526178 -236.223083
v 0.035790 19.456467 -236.387512
v 0.035790 19.440872 -236.424301
v -0.190376 19.369244 -236.593262
v -0.190376 19.353664 -236.630005
v 0.035791 19.283607 -236.795258
v 0.035791 19.268011 -236.832047
v -0.190376 19.196732 -237.000168
v -0.190376 19.181154 -237.036911
v 0.035792 19.110746 -237.202988
v 0.035792 19.095150 -237.239777
v 0.319659 19.890942 -235.362686
v 0.319659 19.875286 -235.399612
v 0.093492 19.802631 -235.570999
v 0.093492 19.786991 -235.607880
v 0.319659 19.717646 -235.771454
v 0.319659 19.701988 -235.808380
v 0.093493 19.629681 -235.978943
v 0.093493 19.614042 -236.015823
v 0.319658 19.544348 -236.180222
v 0.319658 19.528690 -236.217148
v 0.093493 19.456734 -236.386887
v 0.093493 19.441093 -236.423782
v 0.319657 19.371050 -236.588989
v 0.319657 19.355394 -236.625931
v 0.093493 19.283785 -236.794830
v 0.093493 19.268145 -236.831726
v 0.319658 19.197754 -236.997757
v 0.319658 19.182096 -237.034698
v 0.093494 19.110836 -237.202774
v 0.093494 19.095196 -237.239670
v 0.377362 19.891430 -235.361542
v 0.377362 19.875731 -235.398575
v 0.603526 19.806402 -235.562103
v 0.603526 19.790684 -235.599182
v 0.377362 19.718044 -235.770508
v 0.377362 19.702343 -235.807541
v 0.603526 19.632668 -235.971893
v 0.603526 19.616949 -236.008972
v 0.377360 19.544659 -236.179489
v 0.377360 19.528957 -236.216522
v 0.603527 19.458933 -236.381699
v 0.603527 19.443214 -236.418777
v 0.377360 19.371273 -236.588470
v 0.377360 19.355572 -236.625504
v 0.603525 19.285200 -236.791504
v 0.603525 19.269480 -236.828583
v 0.377360 19.197887 -236.997452
v 0.377360 19.182184 -237.034485
v 0.603526 19.111464 -237.201294
v 0.603526 19.095745 -237.238373
v 0.887395 19.895596 -235.351715
v 0.887395 19.879816 -235.388931
v 0.661228 19.806847 -235.561050
v 0.661228 19.791082 -235.598236
v 0.887396 19.721424 -235.762543
v 0.887396 19.705643 -235.799759
v 0.661228 19.633024 -235.971054
v 0.661228 19.617260 -236.008240
v 0.887398 19.547251 -236.173370
v 0.887398 19.531471 -236.210602
v 0.661229 19.459200 -236.381073
v 0.661229 19.443436 -236.418259
v 0.887398 19.373081 -236.584198
v 0.887398 19.357300 -236.621429
v 0.661227 19.285378 -236.791077
v 0.661227 19.269613 -236.828262
v 0.887395 19.198910 -236.995041
v 0.887395 19.183126 -237.032257
v 0.661228 19.111553 -237.201080
v 0.661228 19.095789 -237.238266
v 0.945097 19.896084 -235.350555
v 0.945097 19.880259 -235.387878
v 1.171262 19.810616 -235.552155
v 1.171262 19.794773 -235.589523
v 0.945099 19.721823 -235.761597
v 0.945099 19.705997 -235.798920
v 1.171260 19.636007 -235.964020
v 1.171260 19.620165 -236.001389
v 0.945100 19.547562 -236.172638
v 0.945100 19.531736 -236.209976
v 1.171259 19.461399 -236.375885
v 1.171259 19.445557 -236.413254
v 0.945101 19.373302 -236.583679
v 0.945101 19.357475 -236.621002
v 1.171261 19.286791 -236.787735
v 1.171261 19.270948 -236.825119
v 0.945097 19.199041 -236.994720
v 0.945097 19.183216 -237.032043
v 1.171262 19.112181 -237.199600
v 1.171262 19.096338 -237.236969
v 1.228965 19.811060 -235.551102
v 1.228965 19.795174 -235.588577
v 1.228962 19.636364 -235.963181
v 1.228962 19.620476 -236.000656
v 1.228962 19.461666 -236.375259
v 1.228962 19.445778 -236.412735
v 1.228964 19.286968 -236.787323
v 1.228964 19.271082 -236.824799
v 1.228964 19.112270 -237.199402
v 1.228964 19.096382 -237.236877
v 0.490445 12.038877 -240.317963
v 0.490445 12.260915 -240.306549
v 0.490445 12.482951 -240.295120
v 0.206577 12.043911 -240.317703
v 0.206577 12.265389 -240.306305
v 0.206577 12.486867 -240.294922
v -0.077290 12.048946 -240.317444
v -0.077290 12.269865 -240.306076
v -0.077290 12.490783 -240.294724
v 0.206577 16.457228 -234.736099
v 0.206577 16.235464 -234.734451
v 0.206577 16.013699 -234.732819
v -0.077291 16.453867 -234.736069
v -0.077291 16.232662 -234.734436
v -0.077291 16.011459 -234.732803
v -0.361158 16.450508 -234.736053
v -0.361158 16.229862 -234.734421
v -0.361158 16.009220 -234.732788
vt 0.534533 0.018066
vt 0.501858 0.018259
vt 0.501858 0.000193
vt 0.534533 0.000000
vt 0.239494 0.320867
vt 0.239494 0.307183
vt 0.274515 0.307177
vt 0.274515 0.320861
vt 0.534533 0.325239
vt 0.534533 0.307176
vt 0.564861 0.307131
vt 0.564861 0.325195
vt 0.169451 0.321466
vt 0.169451 0.307177
vt 0.204472 0.307183
vt 0.204472 0.321473
vt 0.324670 0.018158
vt 0.324635 0.000095
vt 0.338742 0.000103
vt 0.338742 0.018166
vt 0.150011 0.325229
vt 0.150044 0.307165
vt 0.163056 0.307145
vt 0.163056 0.325208
vt 0.149468 0.614239
vt 0.149502 0.596176
vt 0.163057 0.596155
vt 0.163057 0.614218
vt 0.149536 0.578112
vt 0.163056 0.578092
vt 0.149570 0.560049
vt 0.163057 0.560028
vt 0.149604 0.541986
vt 0.163056 0.541965
vt 0.149638 0.523923
vt 0.163057 0.523902
vt 0.149672 0.505860
vt 0.163056 0.505839
vt 0.149706 0.487797
vt 0.163056 0.487776
vt 0.149740 0.469734
vt 0.163056 0.469713
vt 0.149773 0.451671
vt 0.163056 0.451650
vt 0.149807 0.433607
vt 0.163056 0.433587
vt 0.149841 0.415544
vt 0.163056 0.415524
vt 0.149875 0.397481
vt 0.163056 0.397461
vt 0.149909 0.379418
vt 0.163056 0.379398
vt 0.149943 0.361355
vt 0.163056 0.361335
vt 0.149977 0.343292
vt 0.163056 0.343271
vt 0.325233 0.307169
vt 0.325198 0.289106
vt 0.338742 0.289114
vt 0.338742 0.307177
vt 0.325162 0.271042
vt 0.338742 0.271051
vt 0.325127 0.252979
vt 0.338742 0.252988
vt 0.325092 0.234916
vt 0.338742 0.234924
vt 0.325057 0.216853
vt 0.338742 0.216861
vt 0.325022 0.198790
vt 0.338742 0.198798
vt 0.324986 0.180726
vt 0.338742 0.180735
vt 0.324951 0.162663
vt 0.338742 0.162672
vt 0.324916 0.144600
vt 0.338742 0.144609
vt 0.324881 0.126537
vt 0.338742 0.126545
vt 0.324846 0.108474
vt 0.338742 0.108482
vt 0.324811 0.090411
vt 0.338742 0.090419
vt 0.324775 0.072347
vt 0.338742 0.072356
vt 0.324740 0.054284
vt 0.338742 0.054293
vt 0.324705 0.036221
vt 0.338742 0.036230
vt 0.534533 0.614251
vt 0.534533 0.596188
vt 0.564861 0.596143
vt 0.564861 0.614206
vt 0.534533 0.578124
vt 0.564861 0.578080
vt 0.534533 0.560061
vt 0.564861 0.560017
vt 0.534533 0.541998
vt 0.564861 0.541953
vt 0.534533 0.523935
vt 0.564861 0.523890
vt 0.534533 0.505871
vt 0.564861 0.505827
vt 0.534533 0.487808
vt 0.564861 0.487764
vt 0.534533 0.469745
vt 0.564861 0.469701
vt 0.534533 0.451682
vt 0.564861 0.451637
vt 0.534533 0.433619
vt 0.564861 0.433574
vt 0.534533 0.415555
vt 0.564861 0.415511
vt 0.534533 0.397492
vt 0.564861 0.397448
vt 0.534533 0.379429
vt 0.564861 0.379384
vt 0.534533 0.361366
vt 0.564861 0.361321
vt 0.534533 0.343302
vt 0.564861 0.343258
vt 0.534533 0.307126
vt 0.501858 0.307319
vt 0.501858 0.289253
vt 0.534533 0.289060
vt 0.501858 0.271186
vt 0.534533 0.270993
vt 0.501858 0.253120
vt 0.534533 0.252927
vt 0.501858 0.235054
vt 0.534533 0.234861
vt 0.501858 0.216988
vt 0.534533 0.216795
vt 0.501858 0.198922
vt 0.534533 0.198728
vt 0.501858 0.180855
vt 0.534533 0.180662
vt 0.501858 0.162789
vt 0.534533 0.162596
vt 0.501858 0.144723
vt 0.534533 0.144530
vt 0.501858 0.126657
vt 0.534533 0.126464
vt 0.501858 0.108590
vt 0.534533 0.108397
vt 0.501858 0.090524
vt 0.534533 0.090331
vt 0.501858 0.072458
vt 0.534533 0.072265
vt 0.501858 0.054392
vt 0.534533 0.054199
vt 0.501858 0.036326
vt 0.534533 0.036132
vt 0.170295 0.036127
vt 0.169873 0.018063
vt 0.183946 0.018072
vt 0.184333 0.036135
vt 0.198018 0.018081
vt 0.198370 0.036144
vt 0.338456 0.854107
vt 0.338456 0.867862
vt 0.335467 0.867861
vt 0.335467 0.854107
vt 0.212407 0.036153
vt 0.212090 0.018089
vt 0.226163 0.018098
vt 0.226444 0.036161
vt 0.167657 0.809662
vt 0.167657 0.823774
vt 0.164668 0.823773
vt 0.164668 0.809662
vt 0.240482 0.036170
vt 0.240235 0.018106
vt 0.254308 0.018115
vt 0.254519 0.036178
vt 0.236705 0.694969
vt 0.236705 0.676906
vt 0.239493 0.676909
vt 0.239493 0.694972
vt 0.268556 0.036187
vt 0.268380 0.018123
vt 0.282453 0.018132
vt 0.282593 0.036195
vt 0.528923 0.560546
vt 0.528923 0.578611
vt 0.526134 0.578619
vt 0.526134 0.560555
vt 0.296631 0.036204
vt 0.296525 0.018141
vt 0.310597 0.018149
vt 0.310668 0.036212
vt 0.037968 0.851680
vt 0.037968 0.865435
vt 0.034979 0.865436
vt 0.034979 0.851681
vt 0.170717 0.054190
vt 0.184719 0.054199
vt 0.073876 0.823776
vt 0.073876 0.809665
vt 0.076865 0.809664
vt 0.076865 0.823776
vt 0.639814 0.270920
vt 0.639779 0.252853
vt 0.653814 0.253107
vt 0.653814 0.271173
vt 0.760328 0.805590
vt 0.760328 0.823653
vt 0.757740 0.823649
vt 0.757740 0.805586
vt 0.705788 0.289266
vt 0.705753 0.271201
vt 0.719789 0.271400
vt 0.719789 0.289465
vt 0.292583 0.807561
vt 0.292583 0.789496
vt 0.295171 0.789516
vt 0.295171 0.807580
vt 0.804072 0.289265
vt 0.804037 0.271201
vt 0.818074 0.271346
vt 0.818074 0.289410
vt 0.295572 0.853477
vt 0.295572 0.867232
vt 0.292583 0.867232
vt 0.292583 0.853477
vt 0.860038 0.054563
vt 0.860003 0.036499
vt 0.874040 0.036590
vt 0.874040 0.054653
vt 0.463017 0.808837
vt 0.463017 0.822948
vt 0.460028 0.822947
vt 0.460028 0.808836
vt 0.310738 0.054276
vt 0.171140 0.072254
vt 0.185107 0.072262
vt 0.198722 0.054207
vt 0.199073 0.072271
vt 0.233916 0.694973
vt 0.233916 0.713037
vt 0.231127 0.713038
vt 0.231127 0.694974
vt 0.737865 0.270919
vt 0.737830 0.252853
vt 0.751830 0.253079
vt 0.751830 0.271144
vt 0.534501 0.470174
vt 0.534501 0.488240
vt 0.531712 0.488252
vt 0.531712 0.470187
vt 0.821859 0.270918
vt 0.821824 0.252853
vt 0.835825 0.253025
vt 0.835825 0.271089
vt 0.308538 0.853471
vt 0.308538 0.867226
vt 0.305549 0.867227
vt 0.305549 0.853472
vt 0.887839 0.036218
vt 0.887804 0.018154
vt 0.901806 0.018271
vt 0.901806 0.036335
vt 0.099806 0.823777
vt 0.099806 0.809665
vt 0.102795 0.809665
vt 0.102795 0.823776
vt 0.916463 0.018063
vt 0.916428 0.000000
vt 0.930430 0.000063
vt 0.930430 0.018126
vt 0.225093 0.796730
vt 0.225093 0.814794
vt 0.222504 0.814785
vt 0.222504 0.796721
vt 0.171562 0.090317
vt 0.185494 0.090326
vt 0.867976 0.054764
vt 0.867976 0.068519
vt 0.864987 0.068518
vt 0.864987 0.054763
vt 0.765902 0.270920
vt 0.765867 0.252853
vt 0.779831 0.253105
vt 0.779831 0.271172
vt 0.233916 0.658839
vt 0.233916 0.676904
vt 0.231127 0.676908
vt 0.231127 0.658844
vt 0.846073 0.054511
vt 0.846038 0.036445
vt 0.860003 0.036644
vt 0.860003 0.054709
vt 0.025002 0.851681
vt 0.025002 0.865436
vt 0.022013 0.865437
vt 0.022013 0.851682
vt 0.902020 0.054564
vt 0.901985 0.036499
vt 0.915951 0.036643
vt 0.915951 0.054708
vt 0.827025 0.068700
vt 0.827025 0.054625
vt 0.830014 0.054624
vt 0.830014 0.068700
vt 0.930002 0.054563
vt 0.929966 0.036499
vt 0.943933 0.036589
vt 0.943933 0.054653
vt 0.543606 0.809458
vt 0.543606 0.791394
vt 0.546195 0.791408
vt 0.546195 0.809472
vt 0.310879 0.090402
vt 0.310808 0.072339
vt 0.171984 0.108381
vt 0.185881 0.108389
vt 0.199425 0.090334
vt 0.199777 0.108397
vt 0.734397 0.805629
vt 0.734397 0.823693
vt 0.731809 0.823692
vt 0.731809 0.805628
vt 0.863876 0.270919
vt 0.863841 0.252853
vt 0.877771 0.253078
vt 0.877771 0.271143
vt 0.240493 0.867235
vt 0.240493 0.853480
vt 0.243482 0.853481
vt 0.243482 0.867235
vt 0.915840 0.289266
vt 0.915805 0.271201
vt 0.929735 0.271372
vt 0.929735 0.289436
vt 0.212527 0.814793
vt 0.212527 0.828869
vt 0.209538 0.828868
vt 0.209538 0.814792
vt 0.322537 0.952144
vt 0.322501 0.934080
vt 0.336433 0.934196
vt 0.336433 0.952260
vt 0.528923 0.578619
vt 0.528923 0.596684
vt 0.526134 0.596693
vt 0.526134 0.578628
vt 0.351742 0.962612
vt 0.351707 0.944549
vt 0.365639 0.944611
vt 0.365639 0.962675
vt 0.531713 0.687025
vt 0.531713 0.705089
vt 0.528924 0.705087
vt 0.528924 0.687024
vt 0.172406 0.126444
vt 0.186268 0.126452
vt 0.138703 0.865435
vt 0.138703 0.851680
vt 0.141692 0.851680
vt 0.141692 0.865435
vt 0.887931 0.289268
vt 0.887896 0.271201
vt 0.901790 0.271452
vt 0.901790 0.289518
vt 0.222504 0.828870
vt 0.222504 0.814794
vt 0.225493 0.814794
vt 0.225493 0.828869
vt 0.907599 0.935466
vt 0.907564 0.917400
vt 0.921459 0.917598
vt 0.921459 0.935663
vt 0.282205 0.789519
vt 0.282205 0.807584
vt 0.279616 0.807565
vt 0.279616 0.789500
vt 0.921471 0.953752
vt 0.921436 0.935687
vt 0.935331 0.935831
vt 0.935331 0.953895
vt 0.399555 0.799545
vt 0.399555 0.817608
vt 0.396966 0.817602
vt 0.396966 0.799538
vt 0.025036 0.967891
vt 0.025000 0.949827
vt 0.038897 0.949917
vt 0.038897 0.967980
vt 0.048865 0.865436
vt 0.048865 0.851681
vt 0.051854 0.851682
vt 0.051854 0.865437
vt 0.311020 0.126528
vt 0.310949 0.108465
vt 0.172828 0.144507
vt 0.186655 0.144516
vt 0.200129 0.126461
vt 0.200481 0.144524
vt 0.826529 0.681091
vt 0.826529 0.667016
vt 0.829518 0.667017
vt 0.829518 0.681092
vt 0.337883 0.944437
vt 0.337848 0.926371
vt 0.351707 0.926594
vt 0.351707 0.944660
vt 0.528922 0.506323
vt 0.528922 0.524389
vt 0.526133 0.524401
vt 0.526133 0.506336
vt 0.513203 0.957645
vt 0.513168 0.939580
vt 0.527028 0.939750
vt 0.527028 0.957815
vt 0.231127 0.658839
vt 0.231127 0.676903
vt 0.228338 0.676906
vt 0.228338 0.658842
vt 0.957439 0.036218
vt 0.957403 0.018154
vt 0.971264 0.018270
vt 0.971264 0.036334
vt 0.279616 0.867236
vt 0.279616 0.853481
vt 0.282605 0.853480
vt 0.282605 0.867235
vt 0.387918 0.975951
vt 0.387883 0.957888
vt 0.401744 0.957950
vt 0.401744 0.976013
vt 0.826529 0.695168
vt 0.826529 0.681093
vt 0.829518 0.681092
vt 0.829518 0.695168
vt 0.173251 0.162571
vt 0.187042 0.162579
vt 0.115361 0.791601
vt 0.115361 0.809665
vt 0.112773 0.809653
vt 0.112773 0.791589
vt 0.935367 0.953591
vt 0.935331 0.935524
vt 0.949155 0.935774
vt 0.949155 0.953840
vt 0.181379 0.814795
vt 0.181379 0.828870
vt 0.178390 0.828869
vt 0.178390 0.814794
vt 0.465161 0.967060
vt 0.465126 0.948994
vt 0.478951 0.949191
vt 0.478951 0.967256
vt 0.231127 0.640768
vt 0.231127 0.658833
vt 0.228338 0.658839
vt 0.228338 0.640774
vt 0.935367 0.971905
vt 0.935331 0.953840
vt 0.949157 0.953983
vt 0.949157 0.972047
vt 0.486155 0.856897
vt 0.486155 0.870616
vt 0.483166 0.870617
vt 0.483166 0.856898
vt 0.735807 0.981891
vt 0.735772 0.963827
vt 0.749598 0.963916
vt 0.749598 0.981979
vt 0.826529 0.709245
vt 0.826529 0.695169
vt 0.829518 0.695168
vt 0.829518 0.709244
vt 0.311160 0.162655
vt 0.311090 0.144592
vt 0.173673 0.180634
vt 0.187429 0.180643
vt 0.200833 0.162588
vt 0.201184 0.180651
vt 0.591778 0.805722
vt 0.591778 0.823785
vt 0.589189 0.823784
vt 0.589189 0.805721
vt 0.102936 0.967895
vt 0.102901 0.949829
vt 0.116690 0.950052
vt 0.116690 0.968118
vt 0.708440 0.790446
vt 0.708440 0.808510
vt 0.705852 0.808494
vt 0.705852 0.790429
vt 0.962979 0.953589
vt 0.962944 0.935524
vt 0.976734 0.935693
vt 0.976734 0.953758
vt 0.531521 0.827625
vt 0.531521 0.813549
vt 0.534510 0.813550
vt 0.534510 0.827626
vt 0.238417 0.983871
vt 0.238382 0.965807
vt 0.252173 0.965922
vt 0.252173 0.983986
vt 0.335467 0.699745
vt 0.335467 0.681682
vt 0.338256 0.681683
vt 0.338256 0.699746
vt 0.401984 0.987289
vt 0.401948 0.969226
vt 0.415739 0.969288
vt 0.415739 0.987351
vt 0.534500 0.542477
vt 0.534500 0.560543
vt 0.531711 0.560553
vt 0.531711 0.542488
vt 0.174095 0.198698
vt 0.187816 0.198706
vt 0.181379 0.856701
vt 0.181379 0.870421
vt 0.178390 0.870421
vt 0.178390 0.856702
vt 0.322537 0.970327
vt 0.322501 0.952260
vt 0.336255 0.952509
vt 0.336255 0.970575
vt 0.238458 0.814792
vt 0.238458 0.828868
vt 0.235469 0.828869
vt 0.235469 0.814793
vt 0.424093 0.981320
vt 0.424058 0.963255
vt 0.437812 0.963450
vt 0.437812 0.981515
vt 0.235469 0.814786
vt 0.235469 0.796722
vt 0.238058 0.796729
vt 0.238058 0.814792
vt 0.534568 0.985901
vt 0.534533 0.967837
vt 0.548288 0.967979
vt 0.548288 0.986043
vt 0.721431 0.787568
vt 0.721431 0.805633
vt 0.718843 0.805611
vt 0.718843 0.787546
vt 0.977719 0.369854
vt 0.977684 0.351790
vt 0.991439 0.351879
vt 0.991439 0.369943
vt 0.829518 0.652940
vt 0.829518 0.667016
vt 0.826529 0.667015
vt 0.826529 0.652940
vt 0.311301 0.198781
vt 0.311231 0.180718
vt 0.174517 0.216761
vt 0.188203 0.216769
vt 0.201536 0.198714
vt 0.201888 0.216778
vt 0.233916 0.676906
vt 0.233916 0.658842
vt 0.236705 0.658839
vt 0.236705 0.676903
vt 0.579470 0.982013
vt 0.579435 0.963946
vt 0.593154 0.964168
vt 0.593154 0.982234
vt 0.198170 0.496737
vt 0.198170 0.514803
vt 0.195381 0.514817
vt 0.195381 0.496751
vt 0.155621 0.986119
vt 0.155586 0.968054
vt 0.169306 0.968222
vt 0.169306 0.986286
vt 0.222504 0.870421
vt 0.222504 0.856702
vt 0.225493 0.856701
vt 0.225493 0.870421
vt 0.962995 0.990162
vt 0.962960 0.972098
vt 0.976680 0.972213
vt 0.976680 0.990277
vt 0.076464 0.791600
vt 0.076464 0.809664
vt 0.073876 0.809653
vt 0.073876 0.791589
vt 0.513203 0.994083
vt 0.513168 0.976019
vt 0.526888 0.976081
vt 0.526888 0.994144
vt 0.240893 0.825648
vt 0.240893 0.807585
vt 0.243482 0.807583
vt 0.243482 0.825647
vt 0.174939 0.234824
vt 0.188590 0.234833
vt 0.360817 0.836385
vt 0.360817 0.822345
vt 0.363805 0.822346
vt 0.363805 0.836386
vt 0.657297 0.984832
vt 0.657262 0.966765
vt 0.670945 0.967013
vt 0.670945 0.985079
vt 0.531712 0.596693
vt 0.531712 0.614758
vt 0.528923 0.614764
vt 0.528923 0.596700
vt 0.322537 0.988641
vt 0.322501 0.970575
vt 0.336186 0.970770
vt 0.336186 0.988835
vt 0.231127 0.676909
vt 0.231127 0.694973
vt 0.228338 0.694969
vt 0.228338 0.676906
vt 0.978218 0.216742
vt 0.978183 0.198678
vt 0.991868 0.198819
vt 0.991868 0.216883
vt 0.496132 0.870615
vt 0.496132 0.856896
vt 0.499121 0.856896
vt 0.499121 0.870615
vt 0.986112 0.018064
vt 0.986076 0.000000
vt 0.999762 0.000088
vt 0.999762 0.018152
vt 0.628050 0.836753
vt 0.628050 0.822713
vt 0.631039 0.822712
vt 0.631039 0.836752
vt 0.311442 0.234908
vt 0.311371 0.216844
vt 0.175362 0.252888
vt 0.188977 0.252896
vt 0.202240 0.234841
vt 0.202592 0.252905
vt 0.656570 0.790479
vt 0.656570 0.808543
vt 0.653981 0.808526
vt 0.653981 0.790462
vt 0.876748 0.990114
vt 0.876713 0.972048
vt 0.890361 0.972268
vt 0.890361 0.990334
vt 0.773295 0.805420
vt 0.773295 0.823484
vt 0.770706 0.823480
vt 0.770706 0.805416
vt 0.208604 0.991093
vt 0.208569 0.973028
vt 0.222218 0.973195
vt 0.222218 0.991260
vt 0.835496 0.652940
vt 0.835496 0.666980
vt 0.832507 0.666980
vt 0.832507 0.652940
vt 0.986313 0.759157
vt 0.986278 0.741093
vt 0.999927 0.741208
vt 0.999927 0.759271
vt 0.528922 0.524401
vt 0.528922 0.542467
vt 0.526133 0.542477
vt 0.526133 0.524412
vt 0.986312 0.865488
vt 0.986277 0.847425
vt 0.999927 0.847486
vt 0.999927 0.865549
vt 0.609938 0.703910
vt 0.609938 0.721974
vt 0.607149 0.721975
vt 0.607149 0.703911
vt 0.175784 0.270951
vt 0.189364 0.270960
vt 0.509097 0.870646
vt 0.509097 0.856926
vt 0.512086 0.856926
vt 0.512086 0.870645
vt 0.978218 0.180173
vt 0.978183 0.162106
vt 0.991796 0.162353
vt 0.991796 0.180419
vt 0.347850 0.836382
vt 0.347850 0.822342
vt 0.350839 0.822341
vt 0.350839 0.836381
vt 0.985138 0.036220
vt 0.985103 0.018154
vt 0.998717 0.018348
vt 0.998717 0.036413
vt 0.731809 0.805606
vt 0.731809 0.787542
vt 0.734397 0.787563
vt 0.734397 0.805628
vt 0.986313 0.795461
vt 0.986278 0.777396
vt 0.999892 0.777537
vt 0.999892 0.795601
vt 0.526326 0.813544
vt 0.526326 0.795480
vt 0.528915 0.795489
vt 0.528915 0.813553
vt 0.986335 0.530996
vt 0.986300 0.512932
vt 0.999915 0.513020
vt 0.999915 0.531084
vt 0.832507 0.709208
vt 0.832507 0.695168
vt 0.835496 0.695169
vt 0.835496 0.709209
vt 0.311582 0.271034
vt 0.311512 0.252971
vt 0.176206 0.289015
vt 0.189751 0.289023
vt 0.202943 0.270968
vt 0.203295 0.289031
vt 0.198170 0.478656
vt 0.198170 0.496722
vt 0.195381 0.496737
vt 0.195381 0.478671
vt 0.216840 0.289040
vt 0.216523 0.270976
vt 0.230103 0.270984
vt 0.230385 0.289048
vt 0.563252 0.650380
vt 0.563252 0.668444
vt 0.560463 0.668449
vt 0.560463 0.650384
vt 0.243929 0.289056
vt 0.243683 0.270993
vt 0.257263 0.271001
vt 0.257474 0.289064
vt 0.682901 0.822687
vt 0.682901 0.836727
vt 0.679912 0.836727
vt 0.679912 0.822687
vt 0.271019 0.289073
vt 0.270843 0.271009
vt 0.284423 0.271018
vt 0.284564 0.289081
vt 0.825165 0.805323
vt 0.825165 0.823386
vt 0.822576 0.823387
vt 0.822576 0.805324
vt 0.298108 0.289089
vt 0.298003 0.271026
vt 0.311653 0.289097
vt 0.037568 0.791602
vt 0.037568 0.809666
vt 0.034979 0.809652
vt 0.034979 0.791588
vt 0.176628 0.307078
vt 0.190138 0.307086
vt 0.203647 0.307095
vt 0.217157 0.307103
vt 0.230666 0.307111
vt 0.244176 0.307119
vt 0.257685 0.307128
vt 0.271195 0.307136
vt 0.284704 0.307144
vt 0.298214 0.307152
vt 0.311723 0.307161
vt 0.006100 0.343515
vt 0.006506 0.325451
vt 0.019552 0.325431
vt 0.019179 0.343494
vt 0.032598 0.325410
vt 0.032259 0.343474
vt 0.045644 0.325390
vt 0.045339 0.343454
vt 0.058690 0.325370
vt 0.058419 0.343433
vt 0.071736 0.325350
vt 0.071498 0.343413
vt 0.084781 0.325330
vt 0.084578 0.343393
vt 0.097827 0.325309
vt 0.097658 0.343373
vt 0.110873 0.325289
vt 0.110737 0.343352
vt 0.123919 0.325269
vt 0.123817 0.343332
vt 0.136965 0.325249
vt 0.136897 0.343312
vt 0.005693 0.361578
vt 0.018807 0.361558
vt 0.031920 0.361538
vt 0.045034 0.361517
vt 0.058147 0.361497
vt 0.071261 0.361477
vt 0.084375 0.361456
vt 0.097488 0.361436
vt 0.110602 0.361416
vt 0.123716 0.361395
vt 0.136829 0.361375
vt 0.005286 0.379642
vt 0.018434 0.379622
vt 0.031581 0.379601
vt 0.044729 0.379581
vt 0.057876 0.379561
vt 0.071024 0.379540
vt 0.084171 0.379520
vt 0.097319 0.379499
vt 0.110466 0.379479
vt 0.123614 0.379459
vt 0.136761 0.379438
vt 0.004880 0.397706
vt 0.018061 0.397685
vt 0.031242 0.397665
vt 0.044424 0.397644
vt 0.057605 0.397624
vt 0.070787 0.397604
vt 0.083968 0.397583
vt 0.097149 0.397563
vt 0.110331 0.397542
vt 0.123512 0.397522
vt 0.136694 0.397502
vt 0.004473 0.415769
vt 0.017688 0.415749
vt 0.030904 0.415728
vt 0.044119 0.415708
vt 0.057334 0.415688
vt 0.070549 0.415667
vt 0.083765 0.415647
vt 0.096980 0.415626
vt 0.110195 0.415606
vt 0.123411 0.415585
vt 0.136626 0.415565
vt 0.004066 0.433833
vt 0.017316 0.433813
vt 0.030565 0.433792
vt 0.043814 0.433772
vt 0.057063 0.433751
vt 0.070312 0.433731
vt 0.083561 0.433710
vt 0.096811 0.433689
vt 0.110060 0.433669
vt 0.123309 0.433648
vt 0.136558 0.433628
vt 0.003660 0.451897
vt 0.016943 0.451876
vt 0.030226 0.451856
vt 0.043509 0.451835
vt 0.056792 0.451815
vt 0.070075 0.451794
vt 0.083358 0.451773
vt 0.096641 0.451753
vt 0.109924 0.451732
vt 0.123207 0.451712
vt 0.136490 0.451691
vt 0.003253 0.469961
vt 0.016570 0.469940
vt 0.029887 0.469919
vt 0.043204 0.469899
vt 0.056521 0.469878
vt 0.069838 0.469857
vt 0.083155 0.469837
vt 0.096472 0.469816
vt 0.109789 0.469796
vt 0.123106 0.469775
vt 0.136423 0.469754
vt 0.002846 0.488024
vt 0.016197 0.488004
vt 0.029548 0.487983
vt 0.042899 0.487962
vt 0.056250 0.487942
vt 0.069601 0.487921
vt 0.082951 0.487900
vt 0.096302 0.487880
vt 0.109653 0.487859
vt 0.123004 0.487838
vt 0.136355 0.487817
vt 0.002440 0.506088
vt 0.015825 0.506067
vt 0.029209 0.506047
vt 0.042594 0.506026
vt 0.055979 0.506005
vt 0.069363 0.505984
vt 0.082748 0.505964
vt 0.096133 0.505943
vt 0.109518 0.505922
vt 0.122902 0.505901
vt 0.136287 0.505881
vt 0.002033 0.524152
vt 0.015452 0.524131
vt 0.028870 0.524110
vt 0.042289 0.524089
vt 0.387500 0.516937
vt 0.374917 0.510598
vt 0.378019 0.432946
vt 0.389052 0.424191
vt 0.474271 0.320190
vt 0.486914 0.313811
vt 0.488463 0.407167
vt 0.477369 0.398375
vt 0.069126 0.524048
vt 0.082545 0.524027
vt 0.095963 0.524006
vt 0.109382 0.523985
vt 0.122801 0.523965
vt 0.136219 0.523944
vt 0.001627 0.542215
vt 0.015079 0.542195
vt 0.028532 0.542174
vt 0.041984 0.542153
vt 0.474271 0.472429
vt 0.456183 0.472549
vt 0.456183 0.394924
vt 0.474271 0.395072
vt 0.438096 0.472670
vt 0.438096 0.394776
vt 0.068889 0.542111
vt 0.082341 0.542090
vt 0.095794 0.542070
vt 0.109246 0.542049
vt 0.122699 0.542028
vt 0.136151 0.542007
vt 0.001220 0.560279
vt 0.014706 0.560258
vt 0.028193 0.560237
vt 0.041679 0.560216
vt 0.055436 0.542132
vt 0.055165 0.560196
vt 0.068652 0.560175
vt 0.082138 0.560154
vt 0.095625 0.560133
vt 0.109111 0.560112
vt 0.122597 0.560091
vt 0.136084 0.560070
vt 0.000813 0.578343
vt 0.014334 0.578322
vt 0.027854 0.578301
vt 0.041374 0.578280
vt 0.054894 0.578259
vt 0.068415 0.578238
vt 0.081935 0.578217
vt 0.095455 0.578196
vt 0.108975 0.578175
vt 0.122496 0.578154
vt 0.136016 0.578133
vt 0.000407 0.596407
vt 0.013961 0.596386
vt 0.027515 0.596365
vt 0.041069 0.596344
vt 0.054623 0.596323
vt 0.068177 0.596302
vt 0.081732 0.596281
vt 0.095286 0.596260
vt 0.108840 0.596239
vt 0.122394 0.596218
vt 0.135948 0.596197
vt 0.000000 0.614470
vt 0.013588 0.614449
vt 0.027176 0.614428
vt 0.040764 0.614407
vt 0.054352 0.614386
vt 0.067940 0.614365
vt 0.081528 0.614344
vt 0.095116 0.614323
vt 0.108704 0.614302
vt 0.122292 0.614281
vt 0.135880 0.614260
vt 0.006913 0.307387
vt 0.019925 0.307367
vt 0.032937 0.307347
vt 0.045949 0.307327
vt 0.058961 0.307306
vt 0.071973 0.307286
vt 0.084985 0.307266
vt 0.097997 0.307246
vt 0.111009 0.307226
vt 0.124021 0.307206
vt 0.137033 0.307186
vt 0.169451 0.000000
vt 0.183558 0.000009
vt 0.197666 0.000017
vt 0.211774 0.000026
vt 0.225881 0.000034
vt 0.239989 0.000043
vt 0.254097 0.000052
vt 0.268204 0.000060
vt 0.282312 0.000069
vt 0.296419 0.000077
vt 0.310527 0.000086
vt 0.169451 0.478650
vt 0.169451 0.464361
vt 0.204472 0.464367
vt 0.204472 0.478656
vt 0.169451 0.450071
vt 0.204472 0.450078
vt 0.169451 0.435782
vt 0.204472 0.435788
vt 0.169451 0.421492
vt 0.204472 0.421499
vt 0.169451 0.407203
vt 0.204472 0.407209
vt 0.169451 0.392914
vt 0.204472 0.392920
vt 0.169451 0.378624
vt 0.204472 0.378630
vt 0.169451 0.364335
vt 0.204472 0.364341
vt 0.169451 0.350045
vt 0.204472 0.350052
vt 0.169451 0.335756
vt 0.204472 0.335762
vt 0.239494 0.471387
vt 0.239494 0.457703
vt 0.274515 0.457697
vt 0.274515 0.471380
vt 0.239494 0.444019
vt 0.274515 0.444013
vt 0.239494 0.430336
vt 0.274515 0.430329
vt 0.239494 0.416652
vt 0.274515 0.416646
vt 0.239494 0.402969
vt 0.274515 0.402962
vt 0.239494 0.389285
vt 0.274515 0.389279
vt 0.239494 0.375601
vt 0.274515 0.375595
vt 0.239494 0.361918
vt 0.274515 0.361911
vt 0.239494 0.348234
vt 0.274515 0.348228
vt 0.239494 0.334551
vt 0.274515 0.334544
vt 0.609939 0.807950
vt 0.618869 0.807950
vt 0.615784 0.896103
vt 0.613251 0.896103
vt 0.051863 0.695476
vt 0.038897 0.695476
vt 0.043200 0.614470
vt 0.046877 0.614470
vt 0.610614 0.081053
vt 0.597649 0.081053
vt 0.602181 0.000000
vt 0.605858 0.000000
vt 0.200297 0.884881
vt 0.191357 0.884881
vt 0.194490 0.796727
vt 0.197025 0.796727
vt 0.709841 0.709669
vt 0.722805 0.709669
vt 0.718113 0.787546
vt 0.714436 0.787546
vt 0.826529 0.709374
vt 0.813564 0.709374
vt 0.818641 0.631569
vt 0.822318 0.631569
vt 0.898659 0.476633
vt 0.889754 0.476633
vt 0.892957 0.388479
vt 0.895482 0.388479
vt 0.701372 0.081002
vt 0.688407 0.081002
vt 0.693113 0.000000
vt 0.696790 0.000000
vt 0.400848 0.604329
vt 0.387883 0.604329
vt 0.392300 0.523277
vt 0.395977 0.523277
vt 0.509097 0.903207
vt 0.500202 0.903207
vt 0.503338 0.815054
vt 0.505861 0.815054
vt 0.735772 0.787542
vt 0.722807 0.787542
vt 0.727654 0.709665
vt 0.731330 0.709665
vt 0.813563 0.547377
vt 0.826528 0.547377
vt 0.821297 0.625181
vt 0.817620 0.625181
vt 0.898669 0.741093
vt 0.889764 0.741093
vt 0.892949 0.652940
vt 0.895474 0.652940
vt 0.696878 0.388414
vt 0.683913 0.388414
vt 0.688504 0.307412
vt 0.692180 0.307412
vt 0.580188 0.307412
vt 0.593154 0.307412
vt 0.588852 0.388464
vt 0.585175 0.388464
vt 0.483166 0.903214
vt 0.474271 0.903214
vt 0.477389 0.815060
vt 0.479911 0.815060
vt 0.748737 0.787520
vt 0.735772 0.787520
vt 0.740773 0.709644
vt 0.744449 0.709644
vt 0.826529 0.466292
vt 0.813565 0.466292
vt 0.818257 0.388479
vt 0.821934 0.388479
vt 0.898669 0.829247
vt 0.889764 0.829247
vt 0.892930 0.741093
vt 0.895456 0.741093
vt 0.168552 0.695472
vt 0.155586 0.695472
vt 0.160062 0.614470
vt 0.163739 0.614470
vt 0.252458 0.633516
vt 0.239494 0.633516
vt 0.244199 0.552468
vt 0.247876 0.552468
vt 0.907554 0.476633
vt 0.898659 0.476633
vt 0.901759 0.388479
vt 0.904282 0.388479
vt 0.761703 0.787499
vt 0.748738 0.787499
vt 0.753893 0.709624
vt 0.757570 0.709624
vt 0.826530 0.385224
vt 0.813566 0.385224
vt 0.818412 0.307412
vt 0.822089 0.307412
vt 0.889777 0.476633
vt 0.898682 0.476633
vt 0.895533 0.564786
vt 0.893008 0.564786
vt 0.142621 0.695472
vt 0.129655 0.695472
vt 0.134016 0.614470
vt 0.137693 0.614470
vt 0.632049 0.631638
vt 0.619083 0.631638
vt 0.623674 0.550590
vt 0.627350 0.550590
vt 0.907564 0.741093
vt 0.898669 0.741093
vt 0.901750 0.652940
vt 0.904273 0.652940
vt 0.774670 0.787330
vt 0.761704 0.787330
vt 0.767013 0.709456
vt 0.770690 0.709456
vt 0.826527 0.547354
vt 0.813562 0.547354
vt 0.818563 0.469541
vt 0.822239 0.469541
vt 0.522072 0.903194
vt 0.513168 0.903194
vt 0.516297 0.815041
vt 0.518823 0.815041
vt 0.103725 0.695471
vt 0.090759 0.695471
vt 0.095004 0.614470
vt 0.098682 0.614470
vt 0.610614 0.081049
vt 0.623580 0.081049
vt 0.619104 0.162096
vt 0.615428 0.162096
vt 0.898685 0.297071
vt 0.907580 0.297071
vt 0.904517 0.385224
vt 0.901995 0.385224
vt 0.787634 0.787335
vt 0.774670 0.787335
vt 0.779285 0.709452
vt 0.782962 0.709452
vt 0.818062 0.158860
vt 0.805097 0.158860
vt 0.810251 0.081049
vt 0.813928 0.081049
vt 0.309536 0.827757
vt 0.318396 0.827756
vt 0.315263 0.915910
vt 0.312751 0.915910
vt 0.709841 0.712566
vt 0.696876 0.712566
vt 0.701640 0.631569
vt 0.705317 0.631569
vt 0.619085 0.388459
vt 0.606119 0.388459
vt 0.610479 0.307412
vt 0.614156 0.307412
vt 0.899271 0.162106
vt 0.908141 0.162106
vt 0.904960 0.250260
vt 0.902445 0.250260
vt 0.774670 0.631569
vt 0.787634 0.631569
vt 0.782864 0.709452
vt 0.779188 0.709452
vt 0.805092 0.162106
vt 0.818058 0.162106
vt 0.812750 0.239916
vt 0.809073 0.239916
vt 0.844508 0.917400
vt 0.835649 0.917400
vt 0.838763 0.829247
vt 0.841275 0.829247
vt 0.709841 0.469476
vt 0.696876 0.469476
vt 0.701525 0.388479
vt 0.705202 0.388479
vt 0.593154 0.388479
vt 0.606120 0.388479
vt 0.601876 0.469526
vt 0.598198 0.469526
vt 0.907554 0.388479
vt 0.916424 0.388479
vt 0.913261 0.476633
vt 0.910746 0.476633
vt 0.774668 0.550581
vt 0.787633 0.550581
vt 0.782709 0.628464
vt 0.779032 0.628464
vt 0.818058 0.077819
vt 0.805094 0.077819
vt 0.809709 0.000000
vt 0.813386 0.000000
vt 0.871713 0.917400
vt 0.862854 0.917400
vt 0.865950 0.829247
vt 0.868462 0.829247
vt 0.688410 0.081049
vt 0.701375 0.081049
vt 0.696841 0.162046
vt 0.693165 0.162046
vt 0.226528 0.640771
vt 0.213564 0.640771
vt 0.218327 0.559728
vt 0.222003 0.559728
vt 0.916433 0.741093
vt 0.907564 0.741093
vt 0.910709 0.652940
vt 0.913224 0.652940
vt 0.787634 0.466361
vt 0.774669 0.466361
vt 0.779746 0.388479
vt 0.783423 0.388479
vt 0.487236 0.815060
vt 0.474271 0.815060
vt 0.479041 0.737241
vt 0.482717 0.737241
vt 0.880726 0.917400
vt 0.871866 0.917400
vt 0.874944 0.829247
vt 0.877456 0.829247
vt 0.696876 0.631578
vt 0.683910 0.631578
vt 0.688329 0.550581
vt 0.692006 0.550581
vt 0.464026 0.634790
vt 0.451061 0.634790
vt 0.455709 0.553746
vt 0.459386 0.553746
vt 0.907576 0.476633
vt 0.916445 0.476633
vt 0.913320 0.564786
vt 0.910804 0.564786
vt 0.787635 0.385293
vt 0.774669 0.385293
vt 0.779901 0.307412
vt 0.783578 0.307412
vt 0.487237 0.737240
vt 0.500202 0.737240
vt 0.495278 0.815059
vt 0.491601 0.815059
vt 0.898623 0.917400
vt 0.889764 0.917400
vt 0.892823 0.829247
vt 0.895335 0.829247
vt 0.683910 0.388479
vt 0.696876 0.388479
vt 0.692572 0.469476
vt 0.688895 0.469476
vt 0.270641 0.552468
vt 0.283606 0.552468
vt 0.279072 0.633511
vt 0.275396 0.633511
vt 0.917013 0.158860
vt 0.908144 0.158860
vt 0.911252 0.070706
vt 0.913767 0.070706
vt 0.787632 0.547431
vt 0.774667 0.547431
vt 0.779360 0.469541
vt 0.783037 0.469541
vt 0.513167 0.815054
vt 0.500202 0.815054
vt 0.505279 0.737236
vt 0.508956 0.737236
vt 0.916424 0.388479
vt 0.925258 0.388479
vt 0.922081 0.476633
vt 0.919575 0.476633
vt 0.683910 0.712594
vt 0.670945 0.712594
vt 0.675652 0.631601
vt 0.679329 0.631601
vt 0.580188 0.631652
vt 0.567222 0.631652
vt 0.571640 0.550609
vt 0.575317 0.550609
vt 0.347565 0.926366
vt 0.338741 0.926366
vt 0.341852 0.838213
vt 0.344354 0.838213
vt 0.779168 0.158938
vt 0.766203 0.158938
vt 0.771050 0.081049
vt 0.774726 0.081049
vt 0.526133 0.815041
vt 0.513168 0.815041
vt 0.518399 0.737224
vt 0.522076 0.737224
vt 0.925268 0.652940
vt 0.916434 0.652940
vt 0.919594 0.564786
vt 0.922099 0.564786
vt 0.696876 0.712571
vt 0.683910 0.712571
vt 0.688502 0.631578
vt 0.692179 0.631578
vt 0.632051 0.388454
vt 0.619085 0.388454
vt 0.623387 0.307412
vt 0.627064 0.307412
vt 0.462616 0.790772
vt 0.462616 0.808836
vt 0.460028 0.808822
vt 0.460028 0.790758
vt 0.338056 0.808210
vt 0.338056 0.826274
vt 0.335467 0.826275
vt 0.335467 0.808212
vt 0.543606 0.823584
vt 0.546595 0.809472
vt 0.546595 0.823583
vt 0.200596 0.650051
vt 0.200596 0.668116
vt 0.197807 0.668120
vt 0.197807 0.650056
vt 0.165846 0.524082
vt 0.165846 0.506016
vt 0.168635 0.506002
vt 0.168635 0.524067
vt 0.063925 0.809532
vt 0.063925 0.823643
vt 0.060936 0.823642
vt 0.060936 0.809531
vt 0.734798 0.851597
vt 0.734798 0.865387
vt 0.731809 0.865386
vt 0.731809 0.851596
vt 0.531521 0.795485
vt 0.531521 0.813549
vt 0.528933 0.813540
vt 0.528933 0.795476
vt 0.760328 0.787521
vt 0.760328 0.805586
vt 0.757740 0.805564
vt 0.757740 0.787499
vt 0.447062 0.822952
vt 0.447062 0.808841
vt 0.450051 0.808840
vt 0.450051 0.822951
vt 0.773695 0.851457
vt 0.773695 0.865248
vt 0.770706 0.865249
vt 0.770706 0.851458
vt 0.528923 0.687031
vt 0.528923 0.705095
vt 0.526134 0.705096
vt 0.526134 0.687032
vt 0.338256 0.537140
vt 0.338256 0.555205
vt 0.335467 0.555215
vt 0.335467 0.537150
vt 0.128735 0.809664
vt 0.128735 0.823776
vt 0.125746 0.823775
vt 0.125746 0.809664
vt 0.796637 0.865200
vt 0.796637 0.851410
vt 0.799626 0.851410
vt 0.799626 0.865201
vt 0.812191 0.805355
vt 0.812191 0.823418
vt 0.809603 0.823414
vt 0.809603 0.805351
vt 0.666956 0.808519
vt 0.666956 0.790454
vt 0.669544 0.790471
vt 0.669544 0.808535
vt 0.821047 0.068736
vt 0.821047 0.054625
vt 0.824036 0.054624
vt 0.824036 0.068735
vt 0.605144 0.851655
vt 0.605144 0.865446
vt 0.602155 0.865446
vt 0.602155 0.851656
vt 0.526134 0.687028
vt 0.526134 0.668964
vt 0.528923 0.668968
vt 0.528923 0.687031
vt 0.239493 0.640768
vt 0.239493 0.658833
vt 0.236705 0.658839
vt 0.236705 0.640775
vt 0.012037 0.809666
vt 0.012037 0.823777
vt 0.009048 0.823776
vt 0.009048 0.809665
vt 0.757740 0.865347
vt 0.757740 0.851556
vt 0.760729 0.851557
vt 0.760729 0.865347
vt 0.822576 0.805323
vt 0.822576 0.787260
vt 0.825165 0.787258
vt 0.825165 0.805322
vt 0.022013 0.809655
vt 0.022013 0.791591
vt 0.024601 0.791603
vt 0.024601 0.809667
vt 0.745748 0.865368
vt 0.745748 0.851578
vt 0.748737 0.851577
vt 0.748737 0.865367
vt 0.200596 0.668120
vt 0.200596 0.686184
vt 0.197807 0.686187
vt 0.197807 0.668123
vt 0.807690 0.289518
vt 0.807690 0.303665
vt 0.804701 0.303664
vt 0.804701 0.289517
vt 0.784645 0.865218
vt 0.784645 0.851428
vt 0.787634 0.851429
vt 0.787634 0.865219
vt 0.384000 0.817613
vt 0.384000 0.799550
vt 0.386589 0.799556
vt 0.386589 0.817620
vt 0.786767 0.289517
vt 0.786767 0.303664
vt 0.783778 0.303665
vt 0.783778 0.289518
vt 0.060936 0.865337
vt 0.060936 0.851547
vt 0.063925 0.851546
vt 0.063925 0.865337
vt 0.563252 0.704579
vt 0.563252 0.686516
vt 0.566041 0.686517
vt 0.566041 0.704580
vt 0.777800 0.303664
vt 0.777800 0.289517
vt 0.780789 0.289518
vt 0.780789 0.303665
vt 0.543606 0.865278
vt 0.543606 0.851487
vt 0.546595 0.851488
vt 0.546595 0.865278
vt 0.602155 0.823787
vt 0.602155 0.805723
vt 0.604744 0.805725
vt 0.604744 0.823788
vt 0.798723 0.289517
vt 0.798723 0.303664
vt 0.795734 0.303665
vt 0.795734 0.289518
vt 0.589189 0.865444
vt 0.589189 0.851653
vt 0.592178 0.851653
vt 0.592178 0.865443
vt 0.792745 0.289518
vt 0.792745 0.303665
vt 0.789756 0.303664
vt 0.789756 0.289517
vt 0.792745 0.303665
vt 0.792745 0.289518
vt 0.795734 0.289517
vt 0.795734 0.303664
vt 0.859009 0.054763
vt 0.859009 0.068590
vt 0.856020 0.068590
vt 0.856020 0.054764
vt 0.531712 0.524408
vt 0.531712 0.506343
vt 0.534501 0.506330
vt 0.534501 0.524396
vt 0.789756 0.289518
vt 0.789756 0.303665
vt 0.786767 0.303664
vt 0.786767 0.289517
vt 0.499121 0.843069
vt 0.499121 0.856896
vt 0.496132 0.856895
vt 0.496132 0.843069
vt 0.243482 0.789519
vt 0.243482 0.807584
vt 0.240893 0.807564
vt 0.240893 0.789500
vt 0.798723 0.303665
vt 0.798723 0.289518
vt 0.801712 0.289517
vt 0.801712 0.303664
vt 0.360817 0.864146
vt 0.360817 0.850320
vt 0.363805 0.850320
vt 0.363805 0.864146
vt 0.531712 0.596693
vt 0.531712 0.578628
vt 0.534501 0.578619
vt 0.534501 0.596684
vt 0.780789 0.303664
vt 0.780789 0.289517
vt 0.783778 0.289518
vt 0.783778 0.303665
vt 0.396966 0.859444
vt 0.396966 0.845618
vt 0.399955 0.845619
vt 0.399955 0.859445
vt 0.167256 0.791597
vt 0.167256 0.809662
vt 0.164668 0.809648
vt 0.164668 0.791583
vt 0.801712 0.303665
vt 0.801712 0.289518
vt 0.804701 0.289517
vt 0.804701 0.303664
vt 0.512086 0.843099
vt 0.512086 0.856925
vt 0.509097 0.856926
vt 0.509097 0.843100
vt 0.265426 0.669634
vt 0.265426 0.651569
vt 0.268215 0.651565
vt 0.268215 0.669629
vt 0.861998 0.054764
vt 0.861998 0.068590
vt 0.859009 0.068590
vt 0.859009 0.054763
vt 0.212126 0.796728
vt 0.212126 0.814792
vt 0.209538 0.814783
vt 0.209538 0.796719
vt 0.744286 0.289493
vt 0.744286 0.303675
vt 0.741297 0.303676
vt 0.741297 0.289494
vt 0.486155 0.843070
vt 0.486155 0.856896
vt 0.483166 0.856897
vt 0.483166 0.843071
vt 0.265426 0.705765
vt 0.265426 0.687701
vt 0.268215 0.687700
vt 0.268215 0.705764
vt 0.744286 0.303675
vt 0.744286 0.289493
vt 0.747275 0.289494
vt 0.747275 0.303676
vt 0.347850 0.864141
vt 0.347850 0.850315
vt 0.350839 0.850316
vt 0.350839 0.864142
vt 0.424050 0.804713
vt 0.424050 0.822776
vt 0.421461 0.822773
vt 0.421461 0.804709
vt 0.729341 0.303676
vt 0.729341 0.289494
vt 0.732330 0.289493
vt 0.732330 0.303675
vt 0.386989 0.845629
vt 0.386989 0.859456
vt 0.384000 0.859456
vt 0.384000 0.845630
vt 0.236705 0.676903
vt 0.236705 0.658839
vt 0.239493 0.658843
vt 0.239493 0.676906
vt 0.735319 0.289494
vt 0.735319 0.303676
vt 0.732330 0.303675
vt 0.732330 0.289493
vt 0.864987 0.054764
vt 0.864987 0.068590
vt 0.861998 0.068590
vt 0.861998 0.054763
vt 0.695475 0.808516
vt 0.695475 0.826579
vt 0.692886 0.826581
vt 0.692886 0.808517
vt 0.741297 0.289493
vt 0.741297 0.303675
vt 0.738308 0.303676
vt 0.738308 0.289494
vt 0.265425 0.525621
vt 0.265425 0.507555
vt 0.268213 0.507540
vt 0.268213 0.525606
vt 0.720374 0.303675
vt 0.720374 0.289493
vt 0.723363 0.289494
vt 0.723363 0.303676
vt 0.338456 0.840245
vt 0.338456 0.854107
vt 0.335467 0.854106
vt 0.335467 0.840244
vt 0.799225 0.787304
vt 0.799225 0.805369
vt 0.796637 0.805347
vt 0.796637 0.787282
vt 0.735319 0.303676
vt 0.735319 0.289494
vt 0.738308 0.289493
vt 0.738308 0.303675
vt 0.605144 0.837793
vt 0.605144 0.851655
vt 0.602155 0.851655
vt 0.602155 0.837793
vt 0.165845 0.542136
vt 0.165845 0.560202
vt 0.163056 0.560212
vt 0.163056 0.542147
vt 0.729341 0.289494
vt 0.729341 0.303676
vt 0.726352 0.303675
vt 0.726352 0.289493
vt 0.853031 0.054764
vt 0.853031 0.068626
vt 0.850042 0.068625
vt 0.850042 0.054763
vt 0.682501 0.790475
vt 0.682501 0.808539
vt 0.679912 0.808523
vt 0.679912 0.790458
vt 0.723363 0.303676
vt 0.723363 0.289494
vt 0.726352 0.289493
vt 0.726352 0.303676
vt 0.589189 0.851653
vt 0.589189 0.837791
vt 0.592178 0.837790
vt 0.592178 0.851652
vt 0.609938 0.649707
vt 0.609938 0.667772
vt 0.607149 0.667779
vt 0.607149 0.649714
vt 0.747910 0.303700
vt 0.747910 0.289517
vt 0.750899 0.289518
vt 0.750899 0.303701
vt 0.295572 0.839615
vt 0.295572 0.853477
vt 0.292583 0.853476
vt 0.292583 0.839614
vt 0.138703 0.809654
vt 0.138703 0.791590
vt 0.141291 0.791601
vt 0.141291 0.809665
vt 0.606749 0.854298
vt 0.606749 0.840436
vt 0.609738 0.840436
vt 0.609738 0.854298
vt 0.534502 0.668957
vt 0.534502 0.687021
vt 0.531713 0.687024
vt 0.531713 0.668960
vt 0.687496 0.303711
vt 0.687496 0.289493
vt 0.690485 0.289494
vt 0.690484 0.303712
vt 0.282605 0.839619
vt 0.282605 0.853480
vt 0.279616 0.853480
vt 0.279616 0.839618
vt 0.350439 0.804277
vt 0.350439 0.822341
vt 0.347850 0.822334
vt 0.347850 0.804271
vt 0.675540 0.289493
vt 0.675540 0.303711
vt 0.672551 0.303712
vt 0.672551 0.289494
vt 0.308538 0.839609
vt 0.308538 0.853471
vt 0.305549 0.853471
vt 0.305549 0.839610
vt 0.231127 0.694972
vt 0.231127 0.676908
vt 0.233916 0.676910
vt 0.233916 0.694973
vt 0.669562 0.289494
vt 0.669562 0.303712
vt 0.666573 0.303711
vt 0.666573 0.289493
vt 0.240493 0.853479
vt 0.240493 0.839617
vt 0.243482 0.839618
vt 0.243482 0.853480
vt 0.718843 0.823696
vt 0.718843 0.805633
vt 0.721431 0.805634
vt 0.721431 0.823697
vt 0.675540 0.303712
vt 0.675540 0.289494
vt 0.678529 0.289493
vt 0.678529 0.303711
vt 0.705852 0.854407
vt 0.705852 0.840545
vt 0.708841 0.840544
vt 0.708841 0.854406
vt 0.672551 0.289494
vt 0.672551 0.303712
vt 0.669562 0.303711
vt 0.669562 0.289493
vt 0.681518 0.303712
vt 0.681518 0.289494
vt 0.684507 0.289493
vt 0.684507 0.303711
vt 0.546595 0.837589
vt 0.546595 0.851487
vt 0.543606 0.851487
vt 0.543606 0.837590
vt 0.534501 0.488252
vt 0.534501 0.506318
vt 0.531712 0.506330
vt 0.531712 0.488265
vt 0.678529 0.303711
vt 0.678529 0.289493
vt 0.681518 0.289494
vt 0.681518 0.303712
vt 0.748737 0.837680
vt 0.748737 0.851577
vt 0.745748 0.851576
vt 0.745748 0.837679
vt 0.604744 0.787659
vt 0.604744 0.805723
vt 0.602155 0.805704
vt 0.602155 0.787639
vt 0.684507 0.303712
vt 0.684507 0.289494
vt 0.687496 0.289493
vt 0.687496 0.303711
vt 0.128735 0.837780
vt 0.128735 0.851678
vt 0.125746 0.851678
vt 0.125746 0.837781
vt 0.528923 0.596693
vt 0.528923 0.614758
vt 0.526134 0.614766
vt 0.526134 0.596702
vt 0.666573 0.289494
vt 0.666573 0.303712
vt 0.663584 0.303711
vt 0.663584 0.289493
vt 0.760729 0.837659
vt 0.760729 0.851556
vt 0.757740 0.851556
vt 0.757740 0.837658
vt 0.063524 0.791467
vt 0.063524 0.809531
vt 0.060936 0.809517
vt 0.060936 0.791453
vt 0.661469 0.289466
vt 0.661469 0.303684
vt 0.658480 0.303685
vt 0.658480 0.289466
vt 0.009048 0.851680
vt 0.009048 0.837782
vt 0.012037 0.837782
vt 0.012037 0.851679
vt 0.528923 0.650895
vt 0.528923 0.668960
vt 0.526134 0.668964
vt 0.526134 0.650900
vt 0.734798 0.837699
vt 0.734798 0.851596
vt 0.731809 0.851595
vt 0.731809 0.837698
vt 0.128334 0.791600
vt 0.128334 0.809664
vt 0.125746 0.809655
vt 0.125746 0.791591
vt 0.784645 0.851428
vt 0.784645 0.837530
vt 0.787634 0.837530
vt 0.787634 0.851427
vt 0.228338 0.713037
vt 0.228338 0.694973
vt 0.231127 0.694973
vt 0.231127 0.713036
vt 0.470004 0.575077
vt 0.470004 0.560823
vt 0.472993 0.560824
vt 0.472993 0.575078
vt 0.167657 0.837779
vt 0.167657 0.851677
vt 0.164668 0.851676
vt 0.164668 0.837779
vt 0.435756 0.804699
vt 0.435756 0.822762
vt 0.433167 0.822758
vt 0.433167 0.804695
vt 0.718843 0.851600
vt 0.718843 0.837703
vt 0.721832 0.837702
vt 0.721832 0.851600
vt 0.607149 0.685842
vt 0.607149 0.667779
vt 0.609938 0.667782
vt 0.609938 0.685845
vt 0.467015 0.575077
vt 0.467015 0.560823
vt 0.470004 0.560824
vt 0.470004 0.575078
vt 0.063925 0.837649
vt 0.063925 0.851546
vt 0.060936 0.851546
vt 0.060936 0.837648
vt 0.705852 0.826575
vt 0.705852 0.808512
vt 0.708440 0.808510
vt 0.708440 0.826574
vt 0.168635 0.487921
vt 0.168635 0.505987
vt 0.165846 0.506002
vt 0.165846 0.487936
vt 0.467015 0.560824
vt 0.467015 0.575078
vt 0.464026 0.575077
vt 0.464026 0.560823
vt 0.844064 0.068697
vt 0.844064 0.054763
vt 0.847053 0.054764
vt 0.847053 0.068697
vt 0.748737 0.787542
vt 0.748737 0.805606
vt 0.746148 0.805585
vt 0.746148 0.787520
vt 0.644004 0.836729
vt 0.644004 0.850662
vt 0.641016 0.850663
vt 0.641016 0.836730
vt 0.531711 0.524394
vt 0.531711 0.542459
vt 0.528922 0.542470
vt 0.528922 0.524405
vt 0.638417 0.289464
vt 0.638417 0.303718
vt 0.635428 0.303717
vt 0.635428 0.289463
vt 0.486155 0.829137
vt 0.486155 0.843070
vt 0.483166 0.843069
vt 0.483166 0.829136
vt 0.630639 0.790500
vt 0.630639 0.808565
vt 0.628050 0.808548
vt 0.628050 0.790484
vt 0.682901 0.836727
vt 0.682901 0.850660
vt 0.679912 0.850661
vt 0.679912 0.836728
vt 0.335467 0.663615
vt 0.335467 0.645550
vt 0.338256 0.645544
vt 0.338256 0.663608
vt 0.641406 0.289464
vt 0.641406 0.303718
vt 0.638417 0.303717
vt 0.638417 0.289463
vt 0.850042 0.054764
vt 0.850042 0.068697
vt 0.847053 0.068697
vt 0.847053 0.054763
vt 0.089437 0.791602
vt 0.089437 0.809666
vt 0.086849 0.809654
vt 0.086849 0.791590
vt 0.350839 0.836381
vt 0.350839 0.850315
vt 0.347850 0.850315
vt 0.347850 0.836382
vt 0.528924 0.687024
vt 0.528924 0.668960
vt 0.531713 0.668957
vt 0.531713 0.687021
vt 0.526133 0.488252
vt 0.526133 0.470187
vt 0.528922 0.470174
vt 0.528922 0.488240
vt 0.396966 0.845617
vt 0.396966 0.831684
vt 0.399955 0.831685
vt 0.399955 0.845618
vt 0.238058 0.814786
vt 0.238058 0.796722
vt 0.240646 0.796729
vt 0.240646 0.814792
vt 0.308137 0.789510
vt 0.308137 0.807575
vt 0.305549 0.807556
vt 0.305549 0.789491
vt 0.363805 0.836386
vt 0.363805 0.850319
vt 0.360817 0.850320
vt 0.360817 0.836387
vt 0.609938 0.685847
vt 0.609938 0.703910
vt 0.607149 0.703909
vt 0.607149 0.685845
vt 0.165845 0.596352
vt 0.165845 0.614417
vt 0.163056 0.614426
vt 0.163056 0.596361
vt 0.384000 0.845629
vt 0.384000 0.831696
vt 0.386989 0.831696
vt 0.386989 0.845629
vt 0.578787 0.805735
vt 0.578787 0.823798
vt 0.576199 0.823797
vt 0.576199 0.805733
vt 0.051854 0.791603
vt 0.051854 0.809667
vt 0.049266 0.809653
vt 0.049266 0.791589
vt 0.496132 0.843069
vt 0.496132 0.829136
vt 0.499121 0.829135
vt 0.499121 0.843068
vt 0.531713 0.668957
vt 0.531713 0.650893
vt 0.534502 0.650888
vt 0.534502 0.668953
vt 0.812191 0.787287
vt 0.812191 0.805351
vt 0.809603 0.805342
vt 0.809603 0.787278
vt 0.279616 0.839618
vt 0.279616 0.825649
vt 0.282605 0.825649
vt 0.282605 0.839617
vt 0.534502 0.415959
vt 0.534502 0.434025
vt 0.531713 0.434037
vt 0.531713 0.415972
vt 0.239493 0.694972
vt 0.239493 0.713036
vt 0.236705 0.713037
vt 0.236705 0.694973
vt 0.579188 0.823799
vt 0.579188 0.837767
vt 0.576199 0.837767
vt 0.576199 0.823798
vt 0.578787 0.787669
vt 0.578787 0.805733
vt 0.576199 0.805714
vt 0.576199 0.787649
vt 0.799225 0.805372
vt 0.799225 0.823436
vt 0.796637 0.823432
vt 0.796637 0.805369
vt 0.335467 0.840244
vt 0.335467 0.826276
vt 0.338456 0.826275
vt 0.338456 0.840244
vt 0.531712 0.578619
vt 0.531712 0.596684
vt 0.528923 0.596693
vt 0.528923 0.578628
vt 0.338256 0.663618
vt 0.338256 0.681682
vt 0.335467 0.681678
vt 0.335467 0.663615
vt 0.841075 0.054764
vt 0.841075 0.068733
vt 0.838086 0.068732
vt 0.838086 0.054763
vt 0.449650 0.790776
vt 0.449650 0.808840
vt 0.447062 0.808826
vt 0.447062 0.790762
vt 0.669544 0.808535
vt 0.669544 0.826599
vt 0.666956 0.826600
vt 0.666956 0.808536
vt 0.295572 0.825645
vt 0.295572 0.839614
vt 0.292583 0.839614
vt 0.292583 0.825646
vt 0.566041 0.650380
vt 0.566041 0.668444
vt 0.563252 0.668449
vt 0.563252 0.650384
vt 0.338256 0.482917
vt 0.338256 0.500983
vt 0.335467 0.500998
vt 0.335467 0.482932
vt 0.240493 0.839617
vt 0.240493 0.825648
vt 0.243482 0.825649
vt 0.243482 0.839617
vt 0.534494 0.795485
vt 0.534494 0.813549
vt 0.531905 0.813540
vt 0.531905 0.795476
vt 0.787634 0.787357
vt 0.787634 0.805422
vt 0.785046 0.805400
vt 0.785046 0.787335
vt 0.705852 0.840544
vt 0.705852 0.826576
vt 0.708841 0.826575
vt 0.708841 0.840544
vt 0.233916 0.713037
vt 0.233916 0.694973
vt 0.236705 0.694973
vt 0.236705 0.713036
vt 0.198170 0.532895
vt 0.198170 0.550961
vt 0.195381 0.550971
vt 0.195381 0.532906
vt 0.695875 0.826581
vt 0.695875 0.840550
vt 0.692886 0.840549
vt 0.692886 0.826581
vt 0.746148 0.823670
vt 0.746148 0.805606
vt 0.748737 0.805610
vt 0.748737 0.823674
vt 0.641016 0.808525
vt 0.641016 0.790460
vt 0.643604 0.790477
vt 0.643604 0.808541
vt 0.609738 0.826466
vt 0.609738 0.840435
vt 0.606749 0.840436
vt 0.606749 0.826467
vt 0.236705 0.676909
vt 0.236705 0.694973
vt 0.233916 0.694969
vt 0.233916 0.676906
vt 0.236705 0.640768
vt 0.236705 0.658833
vt 0.233916 0.658839
vt 0.233916 0.640774
vt 0.308538 0.825640
vt 0.308538 0.839609
vt 0.305549 0.839608
vt 0.305549 0.825639
vt 0.282205 0.807584
vt 0.282205 0.825647
vt 0.279616 0.825649
vt 0.279616 0.807585
vt 0.154258 0.791600
vt 0.154258 0.809664
vt 0.151669 0.809653
vt 0.151669 0.791589
vt 0.265425 0.507540
vt 0.265425 0.489474
vt 0.268213 0.489460
vt 0.268213 0.507526
vt 0.563252 0.686516
vt 0.563252 0.668451
vt 0.566041 0.668449
vt 0.566041 0.686513
vt 0.745748 0.837678
vt 0.745748 0.823674
vt 0.748737 0.823674
vt 0.748737 0.837679
vt 0.773295 0.787351
vt 0.773295 0.805416
vt 0.770706 0.805394
vt 0.770706 0.787330
vt 0.180979 0.796730
vt 0.180979 0.814794
vt 0.178390 0.814788
vt 0.178390 0.796724
vt 0.543606 0.837589
vt 0.543606 0.823585
vt 0.546595 0.823584
vt 0.546595 0.837588
vt 0.165846 0.560227
vt 0.165846 0.542161
vt 0.168635 0.542151
vt 0.168635 0.560216
vt 0.197807 0.704251
vt 0.197807 0.686187
vt 0.200596 0.686188
vt 0.200596 0.704252
vt 0.012037 0.823777
vt 0.012037 0.837782
vt 0.009048 0.837781
vt 0.009048 0.823777
vt 0.695475 0.790452
vt 0.695475 0.808516
vt 0.692886 0.808499
vt 0.692886 0.790435
vt 0.295171 0.807581
vt 0.295171 0.825645
vt 0.292583 0.825644
vt 0.292583 0.807580
vt 0.063925 0.823643
vt 0.063925 0.837647
vt 0.060936 0.837648
vt 0.060936 0.823644
vt 0.231127 0.658839
vt 0.231127 0.640774
vt 0.233916 0.640768
vt 0.233916 0.658833
vt 0.164668 0.837778
vt 0.164668 0.823774
vt 0.167657 0.823774
vt 0.167657 0.837778
vt 0.102394 0.791601
vt 0.102394 0.809665
vt 0.099806 0.809653
vt 0.099806 0.791589
vt 0.734798 0.823693
vt 0.734798 0.837697
vt 0.731809 0.837698
vt 0.731809 0.823694
vt 0.268215 0.669634
vt 0.268215 0.687698
vt 0.265426 0.687700
vt 0.265426 0.669636
vt 0.531712 0.488245
vt 0.531712 0.506311
vt 0.528923 0.506323
vt 0.528923 0.488258
vt 0.760729 0.823654
vt 0.760729 0.837658
vt 0.757740 0.837657
vt 0.757740 0.823653
vt 0.363405 0.804282
vt 0.363405 0.822345
vt 0.360817 0.822339
vt 0.360817 0.804275
vt 0.338056 0.790146
vt 0.338056 0.808210
vt 0.335467 0.808191
vt 0.335467 0.790127
vt 0.151669 0.837781
vt 0.151669 0.823776
vt 0.154658 0.823776
vt 0.154658 0.837780
vt 0.534502 0.687025
vt 0.534502 0.705089
vt 0.531713 0.705087
vt 0.531713 0.687024
vt 0.165845 0.578279
vt 0.165845 0.596344
vt 0.163056 0.596352
vt 0.163057 0.578287
vt 0.721832 0.823698
vt 0.721832 0.837702
vt 0.718843 0.837702
vt 0.718843 0.823697
vt 0.305549 0.825638
vt 0.305549 0.807575
vt 0.308137 0.807576
vt 0.308137 0.825639
vt 0.011637 0.791601
vt 0.011637 0.809665
vt 0.009048 0.809651
vt 0.009048 0.791587
vt 0.076865 0.823776
vt 0.076865 0.837781
vt 0.073876 0.837781
vt 0.073876 0.823777
vt 0.531713 0.650888
vt 0.531713 0.668953
vt 0.528924 0.668957
vt 0.528924 0.650893
vt 0.609737 0.794291
vt 0.609737 0.812355
vt 0.607149 0.812346
vt 0.607149 0.794282
vt 0.656970 0.822690
vt 0.656970 0.836730
vt 0.653981 0.836731
vt 0.653981 0.822691
vt 0.198170 0.514817
vt 0.198170 0.532883
vt 0.195381 0.532895
vt 0.195381 0.514830
vt 0.338256 0.699746
vt 0.338256 0.717810
vt 0.335467 0.717811
vt 0.335467 0.699747
vt 0.835496 0.667017
vt 0.835496 0.681057
vt 0.832507 0.681056
vt 0.832507 0.667016
vt 0.591778 0.787656
vt 0.591778 0.805721
vt 0.589189 0.805702
vt 0.589189 0.787637
vt 0.787634 0.805426
vt 0.787634 0.823489
vt 0.785046 0.823486
vt 0.785046 0.805422
vt 0.641016 0.836729
vt 0.641016 0.822689
vt 0.644004 0.822689
vt 0.644004 0.836729
vt 0.168635 0.596360
vt 0.168635 0.614424
vt 0.165846 0.614433
vt 0.165846 0.596368
vt 0.563252 0.668452
vt 0.563252 0.686515
vt 0.560463 0.686512
vt 0.560463 0.668449
vt 0.835496 0.681093
vt 0.835496 0.695132
vt 0.832507 0.695132
vt 0.832507 0.681092
vt 0.489792 0.991727
vt 0.498289 0.991880
vt 0.500814 0.994484
vt 0.487272 0.994239
vt 0.988836 0.616654
vt 0.997334 0.616775
vt 0.999859 0.619369
vt 0.986315 0.619176
vt 0.988855 0.510261
vt 0.997354 0.510348
vt 0.999879 0.512932
vt 0.986335 0.512793
vt 0.777225 0.997371
vt 0.785724 0.997426
vt 0.788249 1.000000
vt 0.774705 0.999913
vt 0.763457 0.997385
vt 0.771957 0.997407
vt 0.774482 0.999971
vt 0.760937 0.999937
vt 0.980239 0.385502
vt 0.988771 0.385673
vt 0.991296 0.388282
vt 0.977719 0.388010
vt 0.498289 0.978931
vt 0.489767 0.978776
vt 0.487237 0.976172
vt 0.500814 0.976418
vt 0.980741 0.140813
vt 0.989274 0.140950
vt 0.991799 0.143549
vt 0.978221 0.143330
vt 0.997334 0.603826
vt 0.988810 0.603705
vt 0.986280 0.601111
vt 0.999859 0.601304
vt 0.988834 0.668478
vt 0.997368 0.668582
vt 0.999893 0.671171
vt 0.986314 0.671005
vt 0.997354 0.497400
vt 0.988830 0.497312
vt 0.986300 0.494728
vt 0.999879 0.494868
vt 0.988832 0.844774
vt 0.997367 0.844846
vt 0.999892 0.847425
vt 0.986312 0.847311
vt 0.785724 0.984478
vt 0.777200 0.984423
vt 0.774670 0.981849
vt 0.788249 0.981936
vt 0.340403 0.996856
vt 0.348937 0.996894
vt 0.351463 0.999463
vt 0.337883 0.999402
vt 0.771957 0.984459
vt 0.763432 0.984438
vt 0.760902 0.981873
vt 0.774482 0.981908
vt 0.988771 0.372723
vt 0.980214 0.372551
vt 0.977684 0.369943
vt 0.991296 0.370215
vt 0.977696 0.268407
vt 0.986263 0.268562
vt 0.988788 0.271166
vt 0.975175 0.270920
vt 0.989274 0.128001
vt 0.980716 0.127863
vt 0.978186 0.125264
vt 0.991799 0.125484
vt 0.980739 0.195962
vt 0.989307 0.196084
vt 0.991832 0.198678
vt 0.978218 0.198484
vt 0.997368 0.655634
vt 0.988809 0.655529
vt 0.986279 0.652940
vt 0.999893 0.653107
vt 0.988835 0.404012
vt 0.997404 0.404100
vt 0.999929 0.406684
vt 0.986315 0.406544
vt 0.997367 0.831898
vt 0.988807 0.831826
vt 0.986277 0.829247
vt 0.999892 0.829361
vt 0.988834 0.723098
vt 0.997404 0.723153
vt 0.999929 0.725727
vt 0.986314 0.725640
vt 0.348937 0.983946
vt 0.340378 0.983908
vt 0.337848 0.981339
vt 0.351463 0.981400
vt 0.988855 0.546596
vt 0.997425 0.546617
vt 0.999950 0.549182
vt 0.986335 0.549147
vt 0.712396 0.979413
vt 0.720998 0.979585
vt 0.723523 0.982194
vt 0.709876 0.981921
vt 0.986263 0.255612
vt 0.977670 0.255457
vt 0.975140 0.252853
vt 0.988788 0.253100
vt 0.027556 0.983529
vt 0.036159 0.983668
vt 0.038684 0.986267
vt 0.025036 0.986046
vt 0.989307 0.183135
vt 0.980713 0.183013
vt 0.978183 0.180419
vt 0.991832 0.180613
vt 0.951712 0.987610
vt 0.960316 0.987715
vt 0.962841 0.990304
vt 0.949192 0.990137
vt 0.997404 0.391152
vt 0.988810 0.391063
vt 0.986279 0.388479
vt 0.999929 0.388620
vt 0.829085 0.989440
vt 0.837690 0.989512
vt 0.840215 0.992091
vt 0.826565 0.991977
vt 0.997404 0.710205
vt 0.988809 0.710150
vt 0.986279 0.707576
vt 0.999929 0.707664
vt 0.988833 0.774788
vt 0.997438 0.774827
vt 0.999963 0.777396
vt 0.986313 0.777335
vt 0.997425 0.533670
vt 0.988830 0.533648
vt 0.986300 0.531084
vt 0.999950 0.531118
vt 0.720998 0.966635
vt 0.712371 0.966462
vt 0.709841 0.963853
vt 0.723523 0.964127
vt 0.489792 0.973412
vt 0.498430 0.973569
vt 0.500955 0.976172
vt 0.487272 0.975925
vt 0.036159 0.970719
vt 0.027531 0.970579
vt 0.025000 0.967980
vt 0.038684 0.968201
vt 0.453617 0.982608
vt 0.462255 0.982731
vt 0.464780 0.985325
vt 0.451096 0.985130
vt 0.960316 0.974766
vt 0.951687 0.974661
vt 0.949157 0.972072
vt 0.962841 0.972239
vt 0.980239 0.312604
vt 0.988878 0.312693
vt 0.991404 0.315277
vt 0.977719 0.315135
vt 0.837690 0.976564
vt 0.829060 0.976492
vt 0.826530 0.973913
vt 0.840215 0.974027
vt 0.980741 0.104458
vt 0.989381 0.104514
vt 0.991906 0.107088
vt 0.978221 0.107000
vt 0.997438 0.761879
vt 0.988808 0.761841
vt 0.986278 0.759272
vt 0.999963 0.759333
vt 0.988835 0.458601
vt 0.997475 0.458623
vt 1.000000 0.461187
vt 0.986315 0.461152
vt 0.041452 0.965387
vt 0.050125 0.965561
vt 0.052650 0.968170
vt 0.038932 0.967895
vt 0.498430 0.960619
vt 0.489767 0.960462
vt 0.487237 0.957858
vt 0.500955 0.958106
vt 0.865395 0.969498
vt 0.874068 0.969638
vt 0.876594 0.972237
vt 0.862875 0.972015
vt 0.462255 0.969782
vt 0.453591 0.969659
vt 0.451061 0.967065
vt 0.464780 0.967260
vt 0.286161 0.981341
vt 0.294836 0.981448
vt 0.297361 0.984037
vt 0.283641 0.983868
vt 0.988878 0.299744
vt 0.980214 0.299655
vt 0.977684 0.297071
vt 0.991404 0.297213
vt 0.010517 0.983673
vt 0.019192 0.983746
vt 0.021717 0.986325
vt 0.007997 0.986210
vt 0.989381 0.091566
vt 0.980716 0.091510
vt 0.978186 0.088936
vt 0.991906 0.089024
vt 0.865395 0.987754
vt 0.874070 0.987793
vt 0.876595 0.990362
vt 0.862875 0.990300
vt 0.997475 0.445675
vt 0.988810 0.445653
vt 0.986279 0.443089
vt 1.000000 0.443124
vt 0.050125 0.952610
vt 0.041427 0.952436
vt 0.038897 0.949827
vt 0.052650 0.950103
vt 0.951711 0.951078
vt 0.960419 0.951236
vt 0.962944 0.953840
vt 0.949190 0.953591
vt 0.874068 0.956689
vt 0.865370 0.956548
vt 0.862840 0.953949
vt 0.876594 0.954171
vt 0.847288 0.969300
vt 0.855997 0.969423
vt 0.858522 0.972017
vt 0.844768 0.971822
vt 0.294836 0.968499
vt 0.286136 0.968392
vt 0.283606 0.965803
vt 0.297361 0.965972
vt 0.777225 0.979175
vt 0.785935 0.979265
vt 0.788460 0.981849
vt 0.774705 0.981707
vt 0.019192 0.970797
vt 0.010492 0.970724
vt 0.007962 0.968145
vt 0.021717 0.968261
vt 0.568131 0.983433
vt 0.576841 0.983489
vt 0.579366 0.986063
vt 0.565611 0.985974
vt 0.874070 0.974845
vt 0.865370 0.974806
vt 0.862840 0.972237
vt 0.876595 0.972299
vt 0.979686 0.932912
vt 0.988396 0.932935
vt 0.990921 0.935499
vt 0.977166 0.935464
vt 0.932291 0.286761
vt 0.941034 0.286936
vt 0.943559 0.289545
vt 0.929771 0.289268
vt 0.960419 0.938286
vt 0.951686 0.938128
vt 0.949155 0.935524
vt 0.962944 0.935773
vt 0.946114 0.286750
vt 0.954858 0.286891
vt 0.957383 0.289490
vt 0.943594 0.289267
vt 0.855997 0.956474
vt 0.847263 0.956350
vt 0.844732 0.953756
vt 0.858522 0.953952
vt 0.132211 0.965369
vt 0.140955 0.965476
vt 0.143480 0.968065
vt 0.129690 0.967896
vt 0.785935 0.966317
vt 0.777200 0.966227
vt 0.774670 0.963642
vt 0.788460 0.963785
vt 0.368327 0.973267
vt 0.377072 0.973340
vt 0.379597 0.975919
vt 0.365807 0.975804
vt 0.576841 0.970541
vt 0.568106 0.970484
vt 0.565576 0.967910
vt 0.579366 0.967999
vt 0.974806 0.015517
vt 0.983551 0.015556
vt 0.986076 0.018126
vt 0.972286 0.018064
vt 0.988396 0.919987
vt 0.979661 0.919965
vt 0.977131 0.917400
vt 0.990921 0.917436
vt 0.941034 0.273985
vt 0.932266 0.273810
vt 0.929735 0.271201
vt 0.943559 0.271478
vt 0.865409 0.932954
vt 0.874188 0.933113
vt 0.876713 0.935717
vt 0.862889 0.935467
vt 0.954858 0.273941
vt 0.946089 0.273800
vt 0.943559 0.271201
vt 0.957383 0.271424
vt 0.896139 0.951095
vt 0.904919 0.951219
vt 0.907444 0.953813
vt 0.893619 0.953617
vt 0.140955 0.952528
vt 0.132185 0.952420
vt 0.129655 0.949831
vt 0.143480 0.950001
vt 0.537088 0.965162
vt 0.545868 0.965253
vt 0.548393 0.967837
vt 0.534568 0.967694
vt 0.377072 0.960392
vt 0.368302 0.960319
vt 0.365772 0.957740
vt 0.379597 0.957855
vt 0.879268 0.969417
vt 0.888049 0.969474
vt 0.890574 0.972048
vt 0.876748 0.971959
vt 0.983551 0.002609
vt 0.974781 0.002569
vt 0.972250 0.000000
vt 0.986076 0.000062
vt 0.973741 0.286713
vt 0.982522 0.286735
vt 0.985047 0.289299
vt 0.971221 0.289264
vt 0.862559 0.033714
vt 0.871372 0.033890
vt 0.873897 0.036499
vt 0.860038 0.036222
vt 0.874188 0.920163
vt 0.865384 0.920004
vt 0.862854 0.917400
vt 0.876713 0.917651
vt 0.515723 0.918743
vt 0.524537 0.918885
vt 0.527062 0.921484
vt 0.513203 0.921260
vt 0.904919 0.938270
vt 0.896114 0.938145
vt 0.893584 0.935551
vt 0.907444 0.935748
vt 0.936052 0.268391
vt 0.944867 0.268499
vt 0.947392 0.271088
vt 0.933532 0.270918
vt 0.545868 0.952305
vt 0.537063 0.952214
vt 0.534533 0.949630
vt 0.548393 0.949773
vt 0.390438 0.955235
vt 0.399253 0.955309
vt 0.401779 0.957888
vt 0.387918 0.957772
vt 0.888049 0.956526
vt 0.879243 0.956469
vt 0.876713 0.953895
vt 0.890574 0.953984
vt 0.311148 0.967802
vt 0.319964 0.967841
vt 0.322489 0.970411
vt 0.308628 0.970348
vt 0.982522 0.273787
vt 0.973716 0.273765
vt 0.971186 0.271201
vt 0.985047 0.271236
vt 0.871372 0.020940
vt 0.862533 0.020763
vt 0.860003 0.018154
vt 0.873897 0.018432
vt 0.834664 0.051999
vt 0.843513 0.052160
vt 0.846038 0.054763
vt 0.832143 0.054512
vt 0.524537 0.905936
vt 0.515698 0.905793
vt 0.513168 0.903194
vt 0.527062 0.903419
vt 0.894270 0.268396
vt 0.903120 0.268522
vt 0.905645 0.271116
vt 0.891750 0.270918
vt 0.944867 0.255550
vt 0.936027 0.255442
vt 0.933497 0.252853
vt 0.947392 0.253023
vt 0.489792 0.936924
vt 0.498643 0.937015
vt 0.501168 0.939599
vt 0.487272 0.939455
vt 0.399253 0.942361
vt 0.390413 0.942287
vt 0.387883 0.939708
vt 0.401779 0.939824
vt 0.879268 0.951264
vt 0.888119 0.951321
vt 0.890644 0.953895
vt 0.876748 0.953806
vt 0.319964 0.954894
vt 0.311123 0.954854
vt 0.308593 0.952285
vt 0.322489 0.952347
vt 0.079382 0.965342
vt 0.088233 0.965365
vt 0.090759 0.967929
vt 0.076862 0.967894
vt 0.726421 0.268413
vt 0.735305 0.268591
vt 0.737830 0.271199
vt 0.723901 0.270920
vt 0.843513 0.039210
vt 0.834638 0.039049
vt 0.832108 0.036445
vt 0.846038 0.036697
vt 0.820614 0.033703
vt 0.829498 0.033846
vt 0.832023 0.036445
vt 0.818093 0.036220
vt 0.903120 0.255573
vt 0.894245 0.255447
vt 0.891714 0.252853
vt 0.905645 0.253051
vt 0.876595 0.052037
vt 0.885481 0.052146
vt 0.888006 0.054735
vt 0.874075 0.054564
vt 0.498643 0.924067
vt 0.489767 0.923975
vt 0.487237 0.921391
vt 0.501168 0.921535
vt 0.325057 0.931426
vt 0.333943 0.931501
vt 0.336468 0.934080
vt 0.322537 0.933963
vt 0.888119 0.938373
vt 0.879243 0.938316
vt 0.876713 0.935742
vt 0.890644 0.935831
vt 0.311090 0.931471
vt 0.319976 0.931510
vt 0.322501 0.934080
vt 0.308570 0.934017
vt 0.088233 0.952417
vt 0.079357 0.952395
vt 0.076827 0.949830
vt 0.090759 0.949866
vt 0.735305 0.255640
vt 0.726396 0.255462
vt 0.723866 0.252853
vt 0.737830 0.253133
vt 0.684431 0.268407
vt 0.693350 0.268568
vt 0.695875 0.271172
vt 0.681911 0.270920
vt 0.829498 0.020897
vt 0.820588 0.020753
vt 0.818058 0.018154
vt 0.832023 0.018380
vt 0.782387 0.268396
vt 0.791307 0.268523
vt 0.793832 0.271117
vt 0.779866 0.270918
vt 0.885481 0.039198
vt 0.876570 0.039088
vt 0.874040 0.036499
vt 0.888006 0.036671
vt 0.852395 0.268385
vt 0.861316 0.268477
vt 0.863841 0.271061
vt 0.849875 0.270917
vt 0.333943 0.918552
vt 0.325032 0.918478
vt 0.322501 0.915899
vt 0.336468 0.916016
vt 0.904981 0.015522
vt 0.913903 0.015580
vt 0.916428 0.018154
vt 0.902461 0.018064
vt 0.319976 0.918563
vt 0.311065 0.918523
vt 0.308535 0.915953
vt 0.322501 0.916016
vt 0.932985 0.015512
vt 0.941906 0.015535
vt 0.944432 0.018099
vt 0.930465 0.018063
vt 0.614252 0.268413
vt 0.623206 0.268592
vt 0.625731 0.271201
vt 0.611731 0.270920
vt 0.693350 0.255619
vt 0.684406 0.255457
vt 0.681876 0.252853
vt 0.695875 0.253106
vt 0.666139 0.286750
vt 0.675094 0.286894
vt 0.677619 0.289493
vt 0.663619 0.289267
vt 0.791307 0.255574
vt 0.782361 0.255447
vt 0.779831 0.252853
vt 0.793832 0.253052
vt 0.754386 0.268391
vt 0.763341 0.268501
vt 0.765867 0.271089
vt 0.751866 0.270918
vt 0.861316 0.255529
vt 0.852370 0.255437
vt 0.849840 0.252853
vt 0.863841 0.252997
vt 0.834579 0.033682
vt 0.843535 0.033757
vt 0.846060 0.036336
vt 0.832058 0.036218
vt 0.913903 0.002632
vt 0.904956 0.002574
vt 0.902426 0.000000
vt 0.916428 0.000090
vt 0.890944 0.015517
vt 0.899901 0.015557
vt 0.902426 0.018126
vt 0.888424 0.018064
vt 0.941907 0.002587
vt 0.932960 0.002564
vt 0.930430 0.000000
vt 0.944432 0.000036
vt 0.623206 0.255642
vt 0.614226 0.255462
vt 0.611696 0.252853
vt 0.625731 0.253134
vt 0.523010 0.411139
vt 0.532000 0.411301
vt 0.534525 0.413905
vt 0.520490 0.413651
vt 0.675094 0.273945
vt 0.666114 0.273800
vt 0.663584 0.271201
vt 0.677619 0.271427
vt 0.652068 0.286744
vt 0.661059 0.286872
vt 0.663584 0.289466
vt 0.649548 0.289266
vt 0.763341 0.255552
vt 0.754360 0.255442
vt 0.751830 0.252853
vt 0.765867 0.253025
vt 0.722344 0.286733
vt 0.731336 0.286826
vt 0.733861 0.289410
vt 0.719824 0.289265
vt 0.843535 0.020808
vt 0.834553 0.020733
vt 0.832023 0.018154
vt 0.846060 0.018272
vt 0.820614 0.015522
vt 0.829605 0.015580
vt 0.832130 0.018154
vt 0.818093 0.018064
vt 0.899901 0.002610
vt 0.890919 0.002569
vt 0.888389 0.000000
vt 0.902426 0.000063
vt 0.862821 0.015512
vt 0.871813 0.015535
vt 0.874338 0.018099
vt 0.860301 0.018063
vt 0.532000 0.398352
vt 0.522985 0.398188
vt 0.520455 0.395584
vt 0.534525 0.395839
vt 0.661059 0.273923
vt 0.652043 0.273795
vt 0.649513 0.271201
vt 0.663584 0.271401
vt 0.731336 0.273878
vt 0.722319 0.273785
vt 0.719789 0.271201
vt 0.733861 0.271346
vt 0.829605 0.002632
vt 0.820588 0.002574
vt 0.818058 0.000000
vt 0.832130 0.000091
vt 0.871813 0.002587
vt 0.862796 0.002564
vt 0.860266 0.000000
vt 0.874338 0.000036
vt 0.499564 0.414226
vt 0.499557 0.410553
vt 0.502114 0.410600
vt 0.502114 0.414272
vt 0.502123 0.410507
vt 0.502116 0.406835
vt 0.504673 0.406871
vt 0.504673 0.410544
vt 0.407743 0.507262
vt 0.407736 0.503590
vt 0.410293 0.503616
vt 0.410293 0.507288
vt 0.512327 0.410537
vt 0.512320 0.406865
vt 0.514877 0.406882
vt 0.514877 0.410553
vt 0.267958 0.547361
vt 0.267951 0.543689
vt 0.270508 0.543696
vt 0.270508 0.547368
vt 0.400091 0.507263
vt 0.400084 0.503590
vt 0.402630 0.503641
vt 0.402630 0.507313
vt 0.405197 0.507262
vt 0.405190 0.503590
vt 0.407736 0.503631
vt 0.407736 0.507303
vt 0.509778 0.414246
vt 0.509771 0.410574
vt 0.512318 0.410605
vt 0.512318 0.414277
vt 0.521764 0.392189
vt 0.521757 0.388517
vt 0.524304 0.388538
vt 0.524304 0.392210
vt 0.195388 0.558326
vt 0.195381 0.554654
vt 0.197928 0.554665
vt 0.197928 0.558337
vt 0.512325 0.414246
vt 0.512318 0.410574
vt 0.514854 0.410620
vt 0.514854 0.414292
vt 0.519228 0.392189
vt 0.519221 0.388517
vt 0.521757 0.388553
vt 0.521757 0.392225
vt 0.197938 0.554643
vt 0.197931 0.550971
vt 0.200468 0.550997
vt 0.200468 0.554669
vt 0.529132 0.575338
vt 0.529124 0.571666
vt 0.531662 0.571682
vt 0.531662 0.575354
vt 0.602722 0.246826
vt 0.602715 0.243154
vt 0.605252 0.243161
vt 0.605252 0.246833
vt 0.265432 0.547362
vt 0.265425 0.543689
vt 0.267951 0.543740
vt 0.267951 0.547412
vt 0.197938 0.558342
vt 0.197931 0.554669
vt 0.200457 0.554710
vt 0.200457 0.558382
vt 0.597656 0.246826
vt 0.597649 0.243154
vt 0.600175 0.243185
vt 0.600175 0.246857
vt 0.607730 0.250544
vt 0.607723 0.246872
vt 0.610250 0.246893
vt 0.610250 0.250565
vt 0.612776 0.246836
vt 0.612769 0.243164
vt 0.615296 0.243175
vt 0.615296 0.246847
vt 0.597656 0.250530
vt 0.597649 0.246857
vt 0.600165 0.246903
vt 0.600165 0.250575
vt 0.607730 0.246836
vt 0.607723 0.243164
vt 0.610239 0.243200
vt 0.610239 0.246872
vt 0.615303 0.246835
vt 0.615296 0.243163
vt 0.617813 0.243189
vt 0.617813 0.246861
vt 0.620340 0.246846
vt 0.620333 0.243174
vt 0.622850 0.243190
vt 0.622850 0.246862
vt 0.628613 0.246817
vt 0.628606 0.243146
vt 0.631123 0.243152
vt 0.631123 0.246824
vt 0.610257 0.250544
vt 0.610250 0.246872
vt 0.612756 0.246922
vt 0.612756 0.250594
vt 0.617792 0.250544
vt 0.617785 0.246872
vt 0.620291 0.246912
vt 0.620291 0.250584
vt 0.623586 0.246818
vt 0.623579 0.243146
vt 0.626086 0.243176
vt 0.626086 0.246848
vt 0.267858 0.632096
vt 0.267851 0.628424
vt 0.270358 0.628445
vt 0.270358 0.632117
vt 0.635436 0.307390
vt 0.635428 0.303718
vt 0.637936 0.303729
vt 0.637936 0.307401
vt 0.625307 0.250540
vt 0.625300 0.246867
vt 0.627796 0.246913
vt 0.627796 0.250585
vt 0.631130 0.246818
vt 0.631123 0.243146
vt 0.633620 0.243181
vt 0.633620 0.246853
vt 0.636136 0.246843
vt 0.636129 0.243171
vt 0.638626 0.243196
vt 0.638626 0.246868
vt 0.641123 0.246842
vt 0.641115 0.243171
vt 0.643613 0.243187
vt 0.643613 0.246859
vt 0.643903 0.307390
vt 0.643896 0.303718
vt 0.646393 0.303724
vt 0.646393 0.307396
vt 0.632791 0.250540
vt 0.632784 0.246867
vt 0.635271 0.246917
vt 0.635271 0.250590
vt 0.637767 0.250550
vt 0.637760 0.246878
vt 0.640247 0.246918
vt 0.640247 0.250590
vt 0.529232 0.643909
vt 0.529225 0.640237
vt 0.531712 0.640267
vt 0.531712 0.643939
vt 0.529232 0.647611
vt 0.529225 0.643939
vt 0.531712 0.643960
vt 0.531712 0.647632
vt 0.649520 0.307392
vt 0.649513 0.303720
vt 0.652000 0.303731
vt 0.652000 0.307403
vt 0.642733 0.250550
vt 0.642725 0.246877
vt 0.645202 0.246922
vt 0.645202 0.250594
vt 0.646099 0.246824
vt 0.646092 0.243152
vt 0.648569 0.243187
vt 0.648569 0.246859
vt 0.651055 0.246833
vt 0.651048 0.243161
vt 0.653525 0.243187
vt 0.653525 0.246859
vt 0.654487 0.307392
vt 0.654480 0.303720
vt 0.656957 0.303736
vt 0.656957 0.307408
vt 0.660939 0.246833
vt 0.660931 0.243161
vt 0.663409 0.243168
vt 0.663409 0.246840
vt 0.647678 0.250550
vt 0.647671 0.246877
vt 0.650138 0.246927
vt 0.650138 0.250599
vt 0.652614 0.250560
vt 0.652607 0.246888
vt 0.655073 0.246927
vt 0.655073 0.250600
vt 0.656002 0.246834
vt 0.655995 0.243161
vt 0.658462 0.243192
vt 0.658462 0.246864
vt 0.662445 0.250559
vt 0.662438 0.246887
vt 0.664905 0.246908
vt 0.664905 0.250580
vt 0.666050 0.307384
vt 0.666043 0.303712
vt 0.668510 0.303723
vt 0.668510 0.307395
vt 0.657540 0.250560
vt 0.657533 0.246887
vt 0.659989 0.246932
vt 0.659989 0.250604
vt 0.663416 0.246805
vt 0.663409 0.243133
vt 0.665866 0.243167
vt 0.665866 0.246840
vt 0.667359 0.250559
vt 0.667352 0.246887
vt 0.669809 0.246912
vt 0.669809 0.250584
vt 0.670955 0.307396
vt 0.670948 0.303724
vt 0.673405 0.303740
vt 0.673405 0.307412
vt 0.675872 0.307396
vt 0.675865 0.303724
vt 0.678322 0.303730
vt 0.678322 0.307402
vt 0.664912 0.250560
vt 0.664905 0.246887
vt 0.667352 0.246936
vt 0.667352 0.250609
vt 0.668322 0.246805
vt 0.668315 0.243133
vt 0.670762 0.243172
vt 0.670762 0.246844
vt 0.673218 0.246805
vt 0.673211 0.243133
vt 0.675658 0.243163
vt 0.675658 0.246835
vt 0.678536 0.307384
vt 0.678529 0.303712
vt 0.680976 0.303732
vt 0.680976 0.307404
vt 0.682993 0.246843
vt 0.682986 0.243171
vt 0.685434 0.243182
vt 0.685434 0.246854
vt 0.674715 0.250560
vt 0.674708 0.246887
vt 0.677144 0.246931
vt 0.677144 0.250603
vt 0.679591 0.250559
vt 0.679584 0.246887
vt 0.682021 0.246922
vt 0.682021 0.250594
vt 0.668518 0.307387
vt 0.668511 0.303715
vt 0.670948 0.303740
vt 0.670948 0.307412
vt 0.685441 0.246843
vt 0.685434 0.243171
vt 0.687871 0.243187
vt 0.687871 0.246858
vt 0.687878 0.246843
vt 0.687871 0.243171
vt 0.690308 0.243177
vt 0.690308 0.246849
vt 0.268222 0.475059
vt 0.268215 0.471387
vt 0.270641 0.471435
vt 0.270641 0.475108
vt 0.198177 0.482329
vt 0.198170 0.478656
vt 0.200597 0.478696
vt 0.200597 0.482368
vt 0.268221 0.493132
vt 0.268213 0.489460
vt 0.270641 0.489489
vt 0.270641 0.493161
vt 0.268221 0.496833
vt 0.268213 0.493161
vt 0.270641 0.493182
vt 0.270641 0.496854
vt 0.268221 0.500526
vt 0.268213 0.496854
vt 0.270641 0.496865
vt 0.270641 0.500536
vt 0.268222 0.482496
vt 0.268215 0.478823
vt 0.270631 0.478867
vt 0.270631 0.482539
vt 0.268222 0.486212
vt 0.268215 0.482539
vt 0.270632 0.482574
vt 0.270632 0.486246
vt 0.198177 0.493442
vt 0.198170 0.489770
vt 0.200587 0.489795
vt 0.200587 0.493467
vt 0.198177 0.500826
vt 0.198170 0.497154
vt 0.200587 0.497170
vt 0.200587 0.500842
vt 0.198177 0.504513
vt 0.198170 0.500842
vt 0.200588 0.500848
vt 0.200588 0.504520
vt 0.826530 0.787258
vt 0.813565 0.787258
vt 0.818488 0.709452
vt 0.822165 0.709452
vt 0.580188 0.709769
vt 0.593153 0.709769
vt 0.587921 0.787637
vt 0.584244 0.787637
vt 0.178390 0.884877
vt 0.169450 0.884877
vt 0.172602 0.796724
vt 0.175137 0.796724
vt 0.619083 0.550594
vt 0.606118 0.550594
vt 0.610766 0.469541
vt 0.614443 0.469541
vt 0.090759 0.695477
vt 0.077793 0.695477
vt 0.082211 0.614470
vt 0.085888 0.614470
vt 0.890366 0.250260
vt 0.881435 0.250260
vt 0.884539 0.162106
vt 0.887071 0.162106
vt 0.322501 0.749938
vt 0.335466 0.749939
vt 0.330696 0.827745
vt 0.327020 0.827745
vt 0.606119 0.787639
vt 0.593154 0.787639
vt 0.598232 0.709770
vt 0.601908 0.709770
vt 0.200597 0.796719
vt 0.209538 0.796719
vt 0.206368 0.884873
vt 0.203832 0.884873
vt 0.632050 0.469532
vt 0.619085 0.469532
vt 0.623848 0.388479
vt 0.627525 0.388479
vt 0.129655 0.695477
vt 0.116690 0.695477
vt 0.121223 0.614470
vt 0.124900 0.614470
vt 0.880846 0.476633
vt 0.889777 0.476633
vt 0.886655 0.564786
vt 0.884122 0.564786
vt 0.322501 0.827756
vt 0.309536 0.827756
vt 0.314152 0.749950
vt 0.317828 0.749950
vt 0.580187 0.787649
vt 0.567222 0.787649
vt 0.572146 0.709779
vt 0.575823 0.709779
vt 0.881439 0.158860
vt 0.872498 0.158860
vt 0.875686 0.070706
vt 0.878222 0.070706
vt 0.155586 0.695477
vt 0.142621 0.695477
vt 0.147270 0.614470
vt 0.150947 0.614470
vt 0.889764 0.652940
vt 0.880833 0.652940
vt 0.883973 0.564786
vt 0.886506 0.564786
vt 0.265423 0.789499
vt 0.252459 0.789499
vt 0.257229 0.711628
vt 0.260905 0.711628
vt 0.880823 0.476633
vt 0.871881 0.476633
vt 0.875088 0.388479
vt 0.877624 0.388479
vt 0.696875 0.550548
vt 0.683910 0.550548
vt 0.688674 0.469541
vt 0.692351 0.469541
vt 0.826530 0.797606
vt 0.835461 0.797606
vt 0.832302 0.885759
vt 0.829770 0.885759
vt 0.283604 0.789500
vt 0.270640 0.789500
vt 0.275256 0.711630
vt 0.278932 0.711630
vt 0.880846 0.564786
vt 0.871880 0.564786
vt 0.874968 0.476633
vt 0.877511 0.476633
vt 0.688410 0.162059
vt 0.675443 0.162059
vt 0.679689 0.081049
vt 0.683366 0.081049
vt 0.683910 0.790435
vt 0.692886 0.790435
vt 0.689731 0.878588
vt 0.687186 0.878588
vt 0.296572 0.789496
vt 0.283606 0.789496
vt 0.288915 0.711635
vt 0.292592 0.711635
vt 0.880833 0.652940
vt 0.871867 0.652940
vt 0.874973 0.564786
vt 0.877516 0.564786
vt 0.012966 0.695481
vt 0.000000 0.695481
vt 0.004361 0.614470
vt 0.008038 0.614470
vt 0.279616 0.877654
vt 0.270640 0.877654
vt 0.273814 0.789500
vt 0.276359 0.789500
vt 0.252459 0.789500
vt 0.239494 0.789500
vt 0.244648 0.711637
vt 0.248325 0.711637
vt 0.438096 0.790762
vt 0.447062 0.790762
vt 0.443937 0.878915
vt 0.441395 0.878915
vt 0.038897 0.695481
vt 0.025931 0.695481
vt 0.030407 0.614470
vt 0.034084 0.614470
vt 0.252458 0.877653
vt 0.243482 0.877653
vt 0.246674 0.789500
vt 0.249220 0.789500
vt 0.709841 0.790429
vt 0.696876 0.790429
vt 0.701877 0.712566
vt 0.705554 0.712566
vt 0.619083 0.790484
vt 0.628050 0.790484
vt 0.624907 0.878637
vt 0.622364 0.878637
vt 0.064828 0.614470
vt 0.077793 0.614470
vt 0.073202 0.695481
vt 0.069525 0.695481
vt 0.292583 0.877650
vt 0.283606 0.877650
vt 0.286816 0.789496
vt 0.289362 0.789496
vt 0.696875 0.790435
vt 0.683910 0.790435
vt 0.688757 0.712571
vt 0.692434 0.712571
vt 0.641016 0.878614
vt 0.632049 0.878614
vt 0.635211 0.790460
vt 0.637753 0.790460
vt 0.116690 0.695481
vt 0.103725 0.695481
vt 0.108431 0.614470
vt 0.112108 0.614470
vt 0.296572 0.789491
vt 0.305549 0.789491
vt 0.302320 0.877644
vt 0.299774 0.877644
vt 0.977658 0.829247
vt 0.986277 0.829247
vt 0.983250 0.917400
vt 0.980805 0.917400
vt 0.683910 0.790458
vt 0.670945 0.790458
vt 0.675638 0.712594
vt 0.679315 0.712594
vt 0.813565 0.787258
vt 0.822576 0.787258
vt 0.819417 0.875412
vt 0.816861 0.875412
vt 0.977659 0.652940
vt 0.986279 0.652940
vt 0.983233 0.741093
vt 0.980789 0.741093
vt 0.400849 0.685344
vt 0.387883 0.685344
vt 0.392186 0.604329
vt 0.395863 0.604329
vt 0.602155 0.875793
vt 0.593154 0.875793
vt 0.596264 0.787639
vt 0.598816 0.787639
vt 0.977660 0.564786
vt 0.986280 0.564786
vt 0.983216 0.652940
vt 0.980772 0.652940
vt 0.670945 0.790454
vt 0.657980 0.790454
vt 0.663211 0.712599
vt 0.666888 0.712599
vt 0.862868 0.476633
vt 0.871880 0.476633
vt 0.868702 0.564786
vt 0.866147 0.564786
vt 0.969566 0.070707
vt 0.978186 0.070706
vt 0.975104 0.158860
vt 0.972659 0.158860
vt 0.688407 0.081015
vt 0.675441 0.081015
vt 0.679859 0.000000
vt 0.683536 0.000000
vt 0.722807 0.787542
vt 0.731809 0.787542
vt 0.728680 0.875695
vt 0.726127 0.875695
vt 0.969039 0.388479
vt 0.977660 0.388479
vt 0.974559 0.476633
vt 0.972115 0.476633
vt 0.645014 0.790460
vt 0.632049 0.790460
vt 0.637126 0.712604
vt 0.640803 0.712604
vt 0.871881 0.476633
vt 0.862869 0.476633
vt 0.866065 0.388479
vt 0.868621 0.388479
vt 0.226529 0.884876
vt 0.235184 0.884876
vt 0.232153 0.973029
vt 0.229698 0.973029
vt 0.560463 0.695267
vt 0.547498 0.695267
vt 0.552032 0.614251
vt 0.555708 0.614251
vt 0.748738 0.787499
vt 0.757740 0.787499
vt 0.754593 0.875653
vt 0.752040 0.875653
vt 0.977684 0.385224
vt 0.969039 0.385224
vt 0.972021 0.297071
vt 0.974473 0.297071
vt 0.657979 0.790462
vt 0.645014 0.790462
vt 0.649938 0.712605
vt 0.653615 0.712605
vt 0.862854 0.741093
vt 0.871866 0.741093
vt 0.868652 0.829247
vt 0.866096 0.829247
vt 0.200597 0.884873
vt 0.209252 0.884873
vt 0.206202 0.973027
vt 0.203747 0.973027
vt 0.025931 0.695486
vt 0.012966 0.695486
vt 0.017615 0.614470
vt 0.021291 0.614470
vt 0.774670 0.787335
vt 0.783672 0.787336
vt 0.780506 0.875489
vt 0.777953 0.875489
vt 0.977658 0.829247
vt 0.969013 0.829247
vt 0.972014 0.741093
vt 0.974465 0.741093
vt 0.632048 0.790484
vt 0.619083 0.790484
vt 0.623853 0.712626
vt 0.627530 0.712626
vt 0.871867 0.652940
vt 0.862854 0.652940
vt 0.866087 0.564786
vt 0.868642 0.564786
vt 0.960357 0.917400
vt 0.951702 0.917400
vt 0.954770 0.829247
vt 0.957224 0.829247
vt 0.064828 0.695486
vt 0.051863 0.695486
vt 0.056627 0.614470
vt 0.060303 0.614470
vt 0.796637 0.875436
vt 0.787634 0.875436
vt 0.790818 0.787282
vt 0.793371 0.787282
vt 0.969014 0.652940
vt 0.977659 0.652940
vt 0.974640 0.741093
vt 0.972188 0.741093
vt 0.309536 0.789491
vt 0.296572 0.789491
vt 0.301188 0.711633
vt 0.304864 0.711633
vt 0.854449 0.070707
vt 0.863486 0.070706
vt 0.860373 0.158860
vt 0.857810 0.158860
vt 0.960357 0.829247
vt 0.969013 0.829247
vt 0.965926 0.917400
vt 0.963472 0.917400
vt 0.351707 0.671991
vt 0.338741 0.671991
vt 0.342986 0.590972
vt 0.346663 0.590972
vt 0.129655 0.773524
vt 0.138703 0.773524
vt 0.135522 0.861678
vt 0.132956 0.861678
vt 0.200002 0.973034
vt 0.191357 0.973034
vt 0.194394 0.884881
vt 0.196846 0.884881
vt 0.451061 0.712910
vt 0.464027 0.712910
vt 0.458718 0.790758
vt 0.455041 0.790758
vt 0.863482 0.250260
vt 0.854445 0.250260
vt 0.857577 0.162106
vt 0.860140 0.162106
vt 0.969014 0.741093
vt 0.960358 0.741093
vt 0.963463 0.652940
vt 0.965917 0.652940
vt 0.675443 0.162069
vt 0.662477 0.162069
vt 0.666838 0.081049
vt 0.670515 0.081049
vt 0.142621 0.773523
vt 0.151669 0.773523
vt 0.148470 0.861676
vt 0.145904 0.861676
vt 0.169450 0.884877
vt 0.178095 0.884877
vt 0.175040 0.973031
vt 0.172588 0.973031
vt 0.451061 0.790762
vt 0.438096 0.790762
vt 0.443251 0.712912
vt 0.446927 0.712912
vt 0.862870 0.385224
vt 0.853832 0.385224
vt 0.856983 0.297071
vt 0.859546 0.297071
vt 0.969039 0.476633
vt 0.960359 0.476633
vt 0.963345 0.388479
vt 0.965807 0.388479
vt 0.683910 0.631601
vt 0.670945 0.631601
vt 0.675420 0.550581
vt 0.679097 0.550581
vt 0.077793 0.773521
vt 0.086841 0.773521
vt 0.083623 0.861675
vt 0.081057 0.861675
vt 0.683910 0.878589
vt 0.692601 0.878588
vt 0.689548 0.966742
vt 0.687084 0.966742
vt 0.792128 0.077851
vt 0.779163 0.077851
vt 0.784164 0.000000
vt 0.787841 0.000000
vt 0.862854 0.829247
vt 0.853815 0.829247
vt 0.856985 0.741093
vt 0.859548 0.741093
vt 0.446776 0.967069
vt 0.438096 0.967069
vt 0.441100 0.878915
vt 0.443562 0.878915
vt 0.675439 0.162106
vt 0.688404 0.162106
vt 0.683813 0.243127
vt 0.680137 0.243127
vt 0.038897 0.773520
vt 0.047945 0.773520
vt 0.044709 0.861674
vt 0.042143 0.861674
vt 0.243482 0.877653
vt 0.252173 0.877653
vt 0.249101 0.965807
vt 0.246637 0.965807
vt 0.792127 0.239957
vt 0.779162 0.239957
vt 0.784009 0.162106
vt 0.787686 0.162106
vt 0.534525 0.395584
vt 0.525487 0.395584
vt 0.528674 0.307431
vt 0.531237 0.307431
vt 0.627764 0.966791
vt 0.619083 0.966791
vt 0.622106 0.878637
vt 0.624568 0.878637
vt 0.547498 0.695271
vt 0.534533 0.695271
vt 0.539239 0.614251
vt 0.542916 0.614251
vt 0.034979 0.861673
vt 0.025931 0.861673
vt 0.029186 0.773519
vt 0.031752 0.773519
vt 0.252459 0.877652
vt 0.261150 0.877652
vt 0.258060 0.965806
vt 0.255595 0.965806
vt 0.792132 0.158900
vt 0.779168 0.158900
vt 0.783861 0.081049
vt 0.787537 0.081049
vt 0.844733 0.741093
vt 0.853815 0.741093
vt 0.850631 0.829247
vt 0.848055 0.829247
vt 0.653696 0.966769
vt 0.645014 0.966769
vt 0.648056 0.878615
vt 0.650518 0.878615
vt 0.670945 0.550566
vt 0.657979 0.550566
vt 0.662282 0.469541
vt 0.665959 0.469541
vt 0.853830 0.564786
vt 0.844757 0.564786
vt 0.847893 0.476633
vt 0.850466 0.476633
vt 0.305263 0.965798
vt 0.296572 0.965798
vt 0.299680 0.877644
vt 0.302145 0.877644
vt 0.213563 0.796719
vt 0.200597 0.796719
vt 0.205829 0.718877
vt 0.209506 0.718877
vt 0.853816 0.652940
vt 0.844733 0.652940
vt 0.847935 0.564786
vt 0.850511 0.564786
vt 0.666661 0.966761
vt 0.657980 0.966761
vt 0.661039 0.878608
vt 0.663501 0.878608
vt 0.364673 0.671986
vt 0.351707 0.671986
vt 0.356125 0.590961
vt 0.359802 0.590961
vt 0.543606 0.861476
vt 0.534533 0.861476
vt 0.537687 0.773323
vt 0.540260 0.773323
vt 0.593154 0.875793
vt 0.601845 0.875793
vt 0.598718 0.963946
vt 0.596254 0.963946
vt 0.226529 0.796721
vt 0.213564 0.796721
vt 0.218641 0.718877
vt 0.222318 0.718877
vt 0.387883 0.763401
vt 0.396966 0.763401
vt 0.393744 0.851554
vt 0.391168 0.851554
vt 0.952182 0.162106
vt 0.960908 0.162106
vt 0.957851 0.250260
vt 0.955376 0.250260
vt 0.675441 0.081025
vt 0.662476 0.081025
vt 0.667009 0.000000
vt 0.670686 0.000000
vt 0.556572 0.773317
vt 0.565645 0.773317
vt 0.562472 0.861471
vt 0.559899 0.861471
vt 0.588904 0.963944
vt 0.580188 0.963944
vt 0.583196 0.875790
vt 0.585668 0.875790
vt 0.169450 0.718879
vt 0.182415 0.718879
vt 0.177491 0.796724
vt 0.173814 0.796724
vt 0.836287 0.162106
vt 0.845371 0.162106
vt 0.842131 0.250260
vt 0.839555 0.250260
vt 0.960359 0.652940
vt 0.951633 0.652940
vt 0.954708 0.564786
vt 0.957182 0.564786
vt 0.683910 0.550566
vt 0.670945 0.550566
vt 0.675594 0.469541
vt 0.679271 0.469541
vt 0.854449 0.158860
vt 0.845375 0.158860
vt 0.848566 0.070706
vt 0.851139 0.070706
vt 0.731523 0.963849
vt 0.722807 0.963849
vt 0.725833 0.875695
vt 0.728305 0.875695
vt 0.239494 0.796722
vt 0.226529 0.796722
vt 0.231299 0.718877
vt 0.234975 0.718877
vt 0.835649 0.564786
vt 0.844733 0.564786
vt 0.841475 0.652940
vt 0.838899 0.652940
vt 0.960358 0.741093
vt 0.951631 0.741093
vt 0.954725 0.652940
vt 0.957200 0.652940
vt 0.387881 0.685354
vt 0.374917 0.685354
vt 0.379680 0.604329
vt 0.383357 0.604329
vt 0.844757 0.388479
vt 0.853831 0.388479
vt 0.850621 0.476633
vt 0.848048 0.476633
vt 0.757454 0.963806
vt 0.748738 0.963806
vt 0.751783 0.875653
vt 0.754255 0.875653
vt 0.195381 0.796727
vt 0.182417 0.796727
vt 0.187032 0.718882
vt 0.190709 0.718882
vt 0.844757 0.564786
vt 0.835649 0.564786
vt 0.838788 0.476633
vt 0.841371 0.476633
vt 0.951628 0.476633
vt 0.960355 0.476633
vt 0.957243 0.564786
vt 0.954768 0.564786
vt 0.649512 0.162077
vt 0.636545 0.162077
vt 0.640791 0.081049
vt 0.644468 0.081049
vt 0.835648 0.652940
vt 0.826529 0.652940
vt 0.829736 0.564786
vt 0.832322 0.564786
vt 0.770421 0.963637
vt 0.761704 0.963637
vt 0.764767 0.875483
vt 0.767239 0.875483
vt 0.800598 0.547377
vt 0.787632 0.547377
vt 0.792940 0.469541
vt 0.796617 0.469541
vt 0.474235 0.842581
vt 0.465126 0.842581
vt 0.468284 0.754428
vt 0.470867 0.754428
vt 0.401948 0.862949
vt 0.410675 0.862949
vt 0.407545 0.951102
vt 0.405070 0.951102
vt 0.526134 0.659136
vt 0.513168 0.659136
vt 0.517528 0.578107
vt 0.521205 0.578107
vt 0.826530 0.297071
vt 0.835650 0.297071
vt 0.832424 0.385224
vt 0.829838 0.385224
vt 0.809317 0.963585
vt 0.800600 0.963585
vt 0.803682 0.875431
vt 0.806154 0.875431
vt 0.800600 0.385249
vt 0.787635 0.385249
vt 0.792789 0.307412
vt 0.796466 0.307412
vt 0.433167 0.838636
vt 0.424058 0.838636
vt 0.427234 0.750483
vt 0.429818 0.750483
vt 0.952185 0.158860
vt 0.943433 0.158860
vt 0.946445 0.070706
vt 0.948926 0.070706
vt 0.649510 0.000000
vt 0.662476 0.000000
vt 0.658000 0.081029
vt 0.654324 0.081029
vt 0.827182 0.158860
vt 0.818062 0.158860
vt 0.821306 0.070706
vt 0.823892 0.070706
vt 0.012966 0.861679
vt 0.021728 0.861679
vt 0.018650 0.949833
vt 0.016165 0.949833
vt 0.787634 0.388479
vt 0.800599 0.388479
vt 0.795598 0.466317
vt 0.791921 0.466317
vt 0.338741 0.750059
vt 0.347850 0.750059
vt 0.344655 0.838213
vt 0.342072 0.838213
vt 0.942879 0.741093
vt 0.951631 0.741093
vt 0.948600 0.829247
vt 0.946118 0.829247
vt 0.657980 0.550581
vt 0.670945 0.550581
vt 0.666354 0.631611
vt 0.662677 0.631611
vt 0.609939 0.719796
vt 0.619059 0.719796
vt 0.615798 0.807950
vt 0.613211 0.807950
vt 0.090759 0.861677
vt 0.099521 0.861677
vt 0.096424 0.949830
vt 0.093939 0.949830
vt 0.800598 0.628420
vt 0.787633 0.628420
vt 0.792479 0.550581
vt 0.796156 0.550581
vt 0.836291 0.158860
vt 0.827182 0.158860
vt 0.830395 0.070706
vt 0.832978 0.070706
vt 0.951633 0.652940
vt 0.942880 0.652940
vt 0.945929 0.564786
vt 0.948411 0.564786
vt 0.411093 0.591398
vt 0.424058 0.591398
vt 0.419352 0.672427
vt 0.415676 0.672427
vt 0.401948 0.686642
vt 0.411068 0.686642
vt 0.407788 0.774795
vt 0.405202 0.774795
vt 0.103725 0.861674
vt 0.112488 0.861674
vt 0.109372 0.949828
vt 0.106887 0.949828
vt 0.800599 0.709407
vt 0.787634 0.709407
vt 0.792327 0.631569
vt 0.796004 0.631569
vt 0.619083 0.719796
vt 0.609939 0.719796
vt 0.613100 0.631643
vt 0.615693 0.631643
vt 0.942880 0.388479
vt 0.951632 0.388479
vt 0.948566 0.476633
vt 0.946083 0.476633
vt 0.195383 0.640767
vt 0.182417 0.640767
vt 0.186719 0.559733
vt 0.190396 0.559733
vt 0.365772 0.605126
vt 0.374916 0.605126
vt 0.371736 0.693279
vt 0.369143 0.693279
vt 0.038897 0.861674
vt 0.047659 0.861674
vt 0.044526 0.949827
vt 0.042041 0.949827
vt 0.800600 0.787282
vt 0.787634 0.787282
vt 0.792866 0.709452
vt 0.796543 0.709452
vt 0.474271 0.666274
vt 0.465126 0.666274
vt 0.468324 0.578121
vt 0.470917 0.578121
vt 0.951628 0.564786
vt 0.942876 0.564786
vt 0.945961 0.476633
vt 0.948443 0.476633
vt 0.645017 0.388446
vt 0.632051 0.388446
vt 0.636469 0.307412
vt 0.640146 0.307412
vt 0.411093 0.598488
vt 0.401948 0.598488
vt 0.405165 0.510335
vt 0.407758 0.510335
vt 0.025931 0.861673
vt 0.034694 0.861673
vt 0.031542 0.949826
vt 0.029057 0.949826
vt 0.792128 0.000000
vt 0.805094 0.000000
vt 0.800016 0.077831
vt 0.796340 0.077831
vt 0.365772 0.428819
vt 0.374917 0.428819
vt 0.371681 0.516972
vt 0.369088 0.516972
vt 0.942880 0.476633
vt 0.934082 0.476633
vt 0.937164 0.388479
vt 0.939659 0.388479
vt 0.657980 0.469513
vt 0.645015 0.469513
vt 0.649548 0.388479
vt 0.653225 0.388479
vt 0.696876 0.550581
vt 0.709842 0.550581
vt 0.705539 0.631569
vt 0.701862 0.631569
vt 0.060650 0.949689
vt 0.051863 0.949689
vt 0.054896 0.861535
vt 0.057388 0.861535
vt 0.805092 0.239938
vt 0.792127 0.239938
vt 0.797051 0.162106
vt 0.800727 0.162106
vt 0.774669 0.466373
vt 0.761703 0.466373
vt 0.766935 0.388479
vt 0.770612 0.388479
vt 0.942879 0.385224
vt 0.934081 0.385224
vt 0.937182 0.297071
vt 0.939677 0.297071
vt 0.500202 0.659150
vt 0.487237 0.659150
vt 0.491885 0.578116
vt 0.495562 0.578116
vt 0.657980 0.631611
vt 0.670945 0.631611
vt 0.666527 0.712599
vt 0.662850 0.712599
vt 0.556857 0.861471
vt 0.565645 0.861471
vt 0.562593 0.949624
vt 0.560101 0.949624
vt 0.805097 0.158881
vt 0.792132 0.158881
vt 0.796902 0.081049
vt 0.800578 0.081049
vt 0.774669 0.385307
vt 0.761704 0.385307
vt 0.766782 0.307412
vt 0.770459 0.307412
vt 0.383715 0.939719
vt 0.374917 0.939719
vt 0.378036 0.851565
vt 0.380531 0.851565
vt 0.670945 0.469513
vt 0.657980 0.469513
vt 0.662744 0.388479
vt 0.666420 0.388479
vt 0.645014 0.712604
vt 0.632049 0.712604
vt 0.636583 0.631616
vt 0.640260 0.631616
vt 0.556286 0.949624
vt 0.547498 0.949624
vt 0.550569 0.861471
vt 0.553061 0.861471
vt 0.813562 0.547373
vt 0.800598 0.547373
vt 0.805213 0.469541
vt 0.808890 0.469541
vt 0.051863 0.695486
vt 0.064828 0.695486
vt 0.059904 0.773382
vt 0.056227 0.773382
vt 0.925846 0.070706
vt 0.934645 0.070706
vt 0.931507 0.158860
vt 0.929012 0.158860
vt 0.265425 0.633500
vt 0.252459 0.633500
vt 0.256704 0.552462
vt 0.260381 0.552462
vt 0.645014 0.631616
vt 0.657979 0.631617
vt 0.653330 0.712605
vt 0.649653 0.712605
vt 0.943430 0.250260
vt 0.934642 0.250260
vt 0.937730 0.162106
vt 0.940223 0.162106
vt 0.813565 0.466302
vt 0.800599 0.466302
vt 0.805907 0.388479
vt 0.809584 0.388479
vt 0.774667 0.547437
vt 0.761702 0.547437
vt 0.766472 0.469541
vt 0.770149 0.469541
vt 0.925283 0.297071
vt 0.934081 0.297071
vt 0.930925 0.385224
vt 0.928430 0.385224
vt 0.636546 0.162087
vt 0.623580 0.162087
vt 0.627940 0.081049
vt 0.631617 0.081049
vt 0.632048 0.712626
vt 0.619083 0.712626
vt 0.623848 0.631638
vt 0.627524 0.631638
vt 0.942880 0.652940
vt 0.934092 0.652940
vt 0.937199 0.564786
vt 0.939692 0.564786
vt 0.813566 0.385236
vt 0.800600 0.385236
vt 0.805755 0.307412
vt 0.809431 0.307412
vt 0.774668 0.628477
vt 0.761703 0.628477
vt 0.766319 0.550581
vt 0.769996 0.550581
vt 0.934090 0.829247
vt 0.925267 0.829247
vt 0.928304 0.741093
vt 0.930806 0.741093
vt 0.213563 0.640762
vt 0.200597 0.640762
vt 0.205073 0.559723
vt 0.208749 0.559723
vt 0.701371 0.243098
vt 0.688404 0.243098
vt 0.692650 0.162106
vt 0.696328 0.162106
vt 0.917013 0.070707
vt 0.925846 0.070706
vt 0.922742 0.158860
vt 0.920237 0.158860
vt 0.813563 0.625202
vt 0.800598 0.625202
vt 0.805598 0.547377
vt 0.809275 0.547377
vt 0.774670 0.709456
vt 0.761704 0.709456
vt 0.767013 0.631569
vt 0.770690 0.631569
vt 0.925268 0.564786
vt 0.934092 0.564786
vt 0.931036 0.652940
vt 0.928534 0.652940
vt 0.645015 0.469518
vt 0.632050 0.469518
vt 0.636640 0.388479
vt 0.640317 0.388479
vt 0.709841 0.550534
vt 0.696875 0.550534
vt 0.701236 0.469541
vt 0.704913 0.469541
vt 0.925279 0.564786
vt 0.916445 0.564786
vt 0.919568 0.476633
vt 0.922073 0.476633
vt 0.813564 0.709394
vt 0.800599 0.709394
vt 0.805445 0.631569
vt 0.809122 0.631569
vt 0.766198 0.000000
vt 0.779163 0.000000
vt 0.774008 0.077888
vt 0.770331 0.077888
vt 0.473950 0.930735
vt 0.465126 0.930735
vt 0.468200 0.842581
vt 0.470702 0.842581
vt 0.636545 0.162106
vt 0.649509 0.162106
vt 0.644804 0.243145
vt 0.641128 0.243145
vt 0.709843 0.388404
vt 0.696878 0.388404
vt 0.701354 0.307412
vt 0.705031 0.307412
vt 0.916433 0.741093
vt 0.925267 0.741093
vt 0.922126 0.829247
vt 0.919621 0.829247
vt 0.813565 0.787278
vt 0.800600 0.787278
vt 0.805293 0.709452
vt 0.808969 0.709452
vt 0.779162 0.239995
vt 0.766197 0.239995
vt 0.771198 0.162106
vt 0.774875 0.162106
vt 0.419917 0.926804
vt 0.411093 0.926804
vt 0.414185 0.838651
vt 0.416688 0.838651
vt 0.567223 0.289052
vt 0.597649 0.289346
vt 0.597649 0.307412
vt 0.567223 0.307118
vt 0.309536 0.457703
vt 0.309536 0.471387
vt 0.274515 0.471380
vt 0.274515 0.457697
vt 0.534533 0.018063
vt 0.534533 0.000000
vt 0.567223 0.000059
vt 0.567223 0.018122
vt 0.204472 0.321473
vt 0.204472 0.307183
vt 0.239494 0.307177
vt 0.239494 0.321466
vt 0.155365 0.018128
vt 0.155330 0.000065
vt 0.169451 0.000070
vt 0.169451 0.018134
vt 0.488807 0.018092
vt 0.488841 0.000029
vt 0.501858 0.000000
vt 0.501858 0.018063
vt 0.488265 0.307099
vt 0.488299 0.289036
vt 0.501858 0.289006
vt 0.501858 0.307069
vt 0.488332 0.270973
vt 0.501858 0.270943
vt 0.488366 0.252910
vt 0.501858 0.252880
vt 0.488400 0.234847
vt 0.501858 0.234817
vt 0.488434 0.216784
vt 0.501858 0.216754
vt 0.488468 0.198721
vt 0.501858 0.198692
vt 0.488502 0.180658
vt 0.501858 0.180629
vt 0.488536 0.162595
vt 0.501858 0.162566
vt 0.488570 0.144532
vt 0.501858 0.144503
vt 0.488604 0.126469
vt 0.501858 0.126440
vt 0.488638 0.108407
vt 0.501858 0.108377
vt 0.488671 0.090344
vt 0.501858 0.090314
vt 0.488705 0.072281
vt 0.501858 0.072251
vt 0.488739 0.054218
vt 0.501858 0.054189
vt 0.488773 0.036155
vt 0.501858 0.036126
vt 0.155929 0.307140
vt 0.155893 0.289076
vt 0.169451 0.289082
vt 0.169451 0.307145
vt 0.155858 0.271013
vt 0.169451 0.271019
vt 0.155823 0.252950
vt 0.169451 0.252956
vt 0.155788 0.234887
vt 0.169451 0.234892
vt 0.155753 0.216823
vt 0.169451 0.216829
vt 0.155717 0.198760
vt 0.169451 0.198766
vt 0.155682 0.180697
vt 0.169451 0.180703
vt 0.155647 0.162634
vt 0.169451 0.162639
vt 0.155612 0.144570
vt 0.169451 0.144576
vt 0.155576 0.126507
vt 0.169451 0.126513
vt 0.155541 0.108444
vt 0.169451 0.108450
vt 0.155506 0.090381
vt 0.169451 0.090387
vt 0.155471 0.072317
vt 0.169451 0.072323
vt 0.155436 0.054254
vt 0.169451 0.054260
vt 0.155400 0.036191
vt 0.169451 0.036197
vt 0.534533 0.307072
vt 0.534533 0.289009
vt 0.567223 0.289068
vt 0.567223 0.307132
vt 0.534533 0.270946
vt 0.567223 0.271005
vt 0.534533 0.252883
vt 0.567223 0.252942
vt 0.534533 0.234820
vt 0.567223 0.234879
vt 0.534533 0.216757
vt 0.567223 0.216816
vt 0.534533 0.198694
vt 0.567223 0.198753
vt 0.534533 0.180631
vt 0.567223 0.180690
vt 0.534533 0.162568
vt 0.567223 0.162627
vt 0.534533 0.144505
vt 0.567223 0.144564
vt 0.534533 0.126442
vt 0.567223 0.126501
vt 0.534533 0.108378
vt 0.567223 0.108438
vt 0.534533 0.090315
vt 0.567223 0.090374
vt 0.534533 0.072252
vt 0.567223 0.072311
vt 0.534533 0.054189
vt 0.567223 0.054248
vt 0.534533 0.036126
vt 0.567223 0.036185
vt 0.567223 0.000000
vt 0.597648 0.000294
vt 0.597649 0.018360
vt 0.567223 0.018066
vt 0.597648 0.036425
vt 0.567223 0.036131
vt 0.597649 0.054491
vt 0.567223 0.054197
vt 0.597649 0.072557
vt 0.567223 0.072263
vt 0.597648 0.090623
vt 0.567223 0.090329
vt 0.597649 0.108688
vt 0.567223 0.108394
vt 0.597649 0.126754
vt 0.567223 0.126460
vt 0.597649 0.144820
vt 0.567223 0.144526
vt 0.597649 0.162886
vt 0.567223 0.162592
vt 0.597649 0.180951
vt 0.567223 0.180657
vt 0.597649 0.199017
vt 0.567223 0.198723
vt 0.597649 0.217083
vt 0.567223 0.216789
vt 0.597649 0.235149
vt 0.567223 0.234855
vt 0.597649 0.253214
vt 0.567223 0.252920
vt 0.597649 0.271280
vt 0.567223 0.270986
vt 0.000845 0.036127
vt 0.000423 0.018063
vt 0.014508 0.018069
vt 0.014896 0.036133
vt 0.028594 0.018075
vt 0.028946 0.036138
vt 0.318396 0.869343
vt 0.318396 0.855588
vt 0.321385 0.855588
vt 0.321385 0.869343
vt 0.042997 0.036144
vt 0.042680 0.018081
vt 0.056765 0.018087
vt 0.057047 0.036150
vt 0.112773 0.823776
vt 0.112773 0.809665
vt 0.115762 0.809665
vt 0.115762 0.823776
vt 0.071098 0.036156
vt 0.070851 0.018093
vt 0.084937 0.018099
vt 0.085148 0.036162
vt 0.435764 0.786631
vt 0.435764 0.804694
vt 0.433167 0.804695
vt 0.433167 0.786631
vt 0.099199 0.036168
vt 0.099022 0.018104
vt 0.113108 0.018110
vt 0.113249 0.036174
vt 0.268023 0.741947
vt 0.268023 0.760012
vt 0.265426 0.759997
vt 0.265426 0.741932
vt 0.127299 0.036179
vt 0.127194 0.018116
vt 0.141279 0.018122
vt 0.141350 0.036185
vt 0.870965 0.054764
vt 0.870965 0.068519
vt 0.867976 0.068518
vt 0.867976 0.054763
vt 0.001268 0.054190
vt 0.015283 0.054196
vt 0.151669 0.823775
vt 0.151669 0.809664
vt 0.154658 0.809665
vt 0.154658 0.823776
vt 0.625766 0.270920
vt 0.625731 0.252853
vt 0.639779 0.253104
vt 0.639779 0.271171
vt 0.534502 0.632824
vt 0.534502 0.650887
vt 0.531712 0.650888
vt 0.531712 0.632825
vt 0.677654 0.289266
vt 0.677619 0.271201
vt 0.691668 0.271398
vt 0.691668 0.289463
vt 0.165846 0.397540
vt 0.165846 0.379475
vt 0.168636 0.379462
vt 0.168636 0.397527
vt 0.775937 0.289265
vt 0.775902 0.271201
vt 0.789952 0.271343
vt 0.789952 0.289407
vt 0.334350 0.855577
vt 0.334350 0.869331
vt 0.331361 0.869332
vt 0.331361 0.855577
vt 0.832165 0.018064
vt 0.832130 0.000000
vt 0.846180 0.000088
vt 0.846180 0.018151
vt 0.827025 0.054624
vt 0.827025 0.068735
vt 0.824036 0.068736
vt 0.824036 0.054625
vt 0.141420 0.054248
vt 0.001690 0.072254
vt 0.015670 0.072259
vt 0.029298 0.054202
vt 0.029650 0.072265
vt 0.115370 0.773526
vt 0.115370 0.791589
vt 0.112773 0.791584
vt 0.112773 0.773521
vt 0.709888 0.270919
vt 0.709853 0.252853
vt 0.723866 0.253077
vt 0.723866 0.271142
vt 0.563252 0.740734
vt 0.563252 0.722669
vt 0.565849 0.722688
vt 0.565849 0.740754
vt 0.807845 0.270918
vt 0.807810 0.252853
vt 0.821824 0.253022
vt 0.821824 0.271087
vt 0.666956 0.868186
vt 0.666956 0.854431
vt 0.669945 0.854432
vt 0.669945 0.868186
vt 0.873916 0.289265
vt 0.873881 0.271201
vt 0.887896 0.271316
vt 0.887896 0.289379
vt 0.609737 0.812355
vt 0.609737 0.826466
vt 0.606749 0.826466
vt 0.606749 0.812355
vt 0.915986 0.054563
vt 0.915951 0.036499
vt 0.929966 0.036560
vt 0.929966 0.054623
vt 0.531711 0.542477
vt 0.531711 0.524413
vt 0.534501 0.524408
vt 0.534501 0.542472
vt 0.002113 0.090317
vt 0.016058 0.090323
vt 0.705852 0.868162
vt 0.705852 0.854407
vt 0.708841 0.854407
vt 0.708841 0.868162
vt 0.747945 0.289268
vt 0.747910 0.271201
vt 0.761888 0.271451
vt 0.761888 0.289517
vt 0.270620 0.760019
vt 0.270620 0.778083
vt 0.268023 0.778073
vt 0.268023 0.760009
vt 0.832051 0.289266
vt 0.832016 0.271201
vt 0.845995 0.271397
vt 0.845995 0.289462
vt 0.235469 0.870455
vt 0.235469 0.856700
vt 0.238458 0.856700
vt 0.238458 0.870455
vt 0.888041 0.054564
vt 0.888006 0.036499
vt 0.901985 0.036641
vt 0.901985 0.054705
vt 0.386989 0.817620
vt 0.386989 0.831696
vt 0.384000 0.831695
vt 0.384000 0.817620
vt 0.893619 0.935464
vt 0.893584 0.917400
vt 0.907564 0.917488
vt 0.907564 0.935551
vt 0.165846 0.433697
vt 0.165846 0.451762
vt 0.163057 0.451770
vt 0.163057 0.433706
vt 0.141561 0.090375
vt 0.141491 0.072312
vt 0.002536 0.108380
vt 0.016445 0.108386
vt 0.030003 0.090329
vt 0.030355 0.108392
vt 0.338257 0.609416
vt 0.338257 0.627479
vt 0.335467 0.627478
vt 0.335467 0.609415
vt 0.846095 0.036220
vt 0.846060 0.018154
vt 0.860003 0.018377
vt 0.860003 0.036442
vt 0.534510 0.855457
vt 0.534510 0.869212
vt 0.531521 0.869212
vt 0.531521 0.855457
vt 0.905680 0.270918
vt 0.905645 0.252853
vt 0.919589 0.253021
vt 0.919589 0.271086
vt 0.496132 0.829135
vt 0.496132 0.815059
vt 0.499121 0.815059
vt 0.499121 0.829135
vt 0.351742 0.944435
vt 0.351707 0.926371
vt 0.365652 0.926485
vt 0.365652 0.944549
vt 0.531905 0.759321
vt 0.531905 0.741256
vt 0.534502 0.741271
vt 0.534502 0.759336
vt 0.944467 0.018064
vt 0.944432 0.000000
vt 0.958376 0.000060
vt 0.958376 0.018123
vt 0.138703 0.791588
vt 0.138703 0.773524
vt 0.141299 0.773526
vt 0.141299 0.791590
vt 0.002958 0.126444
vt 0.016833 0.126450
vt 0.609738 0.854299
vt 0.609738 0.868054
vt 0.606749 0.868053
vt 0.606749 0.854298
vt 0.873932 0.036221
vt 0.873897 0.018154
vt 0.887804 0.018403
vt 0.887804 0.036469
vt 0.832507 0.667016
vt 0.832507 0.681092
vt 0.829518 0.681091
vt 0.829518 0.667016
vt 0.919624 0.270918
vt 0.919589 0.252853
vt 0.933497 0.253048
vt 0.933497 0.271113
vt 0.165846 0.433695
vt 0.165846 0.415630
vt 0.168636 0.415617
vt 0.168636 0.433682
vt 0.308628 0.952144
vt 0.308593 0.934080
vt 0.322501 0.934221
vt 0.322501 0.952285
vt 0.165846 0.560212
vt 0.165846 0.578276
vt 0.163056 0.578279
vt 0.163057 0.560215
vt 0.424093 0.963168
vt 0.424058 0.945104
vt 0.437967 0.945191
vt 0.437967 0.963255
vt 0.692887 0.868167
vt 0.692886 0.854413
vt 0.695875 0.854412
vt 0.695875 0.868167
vt 0.141702 0.126501
vt 0.141632 0.108438
vt 0.003381 0.144507
vt 0.017220 0.144513
vt 0.030707 0.126455
vt 0.031059 0.144519
vt 0.483166 0.829136
vt 0.483166 0.815061
vt 0.486155 0.815060
vt 0.486155 0.829136
vt 0.921494 0.935466
vt 0.921459 0.917400
vt 0.935331 0.917622
vt 0.935331 0.935687
vt 0.200404 0.722360
vt 0.200404 0.740425
vt 0.197807 0.740405
vt 0.197807 0.722340
vt 0.862875 0.953782
vt 0.862840 0.935717
vt 0.876713 0.935885
vt 0.876713 0.953949
vt 0.338064 0.772063
vt 0.338064 0.790126
vt 0.335467 0.790119
vt 0.335467 0.772055
vt 0.059752 0.967892
vt 0.059716 0.949827
vt 0.073590 0.949941
vt 0.073590 0.968005
vt 0.209538 0.870455
vt 0.209538 0.856700
vt 0.212527 0.856700
vt 0.212527 0.870455
vt 0.961301 0.270916
vt 0.961266 0.252853
vt 0.975140 0.252913
vt 0.975140 0.270976
vt 0.512086 0.815054
vt 0.512086 0.829130
vt 0.509097 0.829129
vt 0.509097 0.815054
vt 0.003803 0.162571
vt 0.017607 0.162576
vt 0.528922 0.524394
vt 0.528922 0.506330
vt 0.531712 0.506323
vt 0.531712 0.524387
vt 0.424093 0.944857
vt 0.424058 0.926790
vt 0.437895 0.927038
vt 0.437895 0.945104
vt 0.829518 0.667016
vt 0.829518 0.652940
vt 0.832507 0.652940
vt 0.832507 0.667015
vt 0.487272 0.957664
vt 0.487237 0.939599
vt 0.501075 0.939793
vt 0.501075 0.957858
vt 0.609746 0.758152
vt 0.609746 0.776216
vt 0.607149 0.776204
vt 0.607149 0.758139
vt 0.957770 0.054564
vt 0.957735 0.036499
vt 0.971573 0.036640
vt 0.971573 0.054704
vt 0.399955 0.859445
vt 0.399955 0.873165
vt 0.396966 0.873164
vt 0.396966 0.859445
vt 0.351742 0.980738
vt 0.351707 0.962675
vt 0.365546 0.962761
vt 0.365546 0.980825
vt 0.399955 0.817609
vt 0.399955 0.831684
vt 0.396966 0.831684
vt 0.396966 0.817608
vt 0.141843 0.162628
vt 0.141772 0.144565
vt 0.004226 0.180634
vt 0.017995 0.180640
vt 0.031411 0.162582
vt 0.031763 0.180645
vt 0.528924 0.632832
vt 0.528924 0.650895
vt 0.526134 0.650894
vt 0.526134 0.632831
vt 0.551878 0.967690
vt 0.551843 0.949624
vt 0.565645 0.949845
vt 0.565645 0.967910
vt 0.338257 0.464842
vt 0.338257 0.482906
vt 0.335467 0.482917
vt 0.335467 0.464853
vt 0.949192 0.971905
vt 0.949157 0.953840
vt 0.962960 0.954007
vt 0.962960 0.972072
vt 0.835097 0.054763
vt 0.835097 0.068839
vt 0.832108 0.068840
vt 0.832108 0.054764
vt 0.593189 0.982011
vt 0.593154 0.963946
vt 0.606957 0.964060
vt 0.606957 0.982123
vt 0.024601 0.773528
vt 0.024601 0.791591
vt 0.022004 0.791589
vt 0.022004 0.773526
vt 0.059752 0.986068
vt 0.059716 0.968005
vt 0.073520 0.968064
vt 0.073520 0.986128
vt 0.563252 0.722709
vt 0.563252 0.740774
vt 0.560656 0.740756
vt 0.560656 0.722692
vt 0.004648 0.198697
vt 0.018382 0.198703
vt 0.384000 0.873175
vt 0.384000 0.859456
vt 0.386989 0.859457
vt 0.386989 0.873176
vt 0.007997 0.967899
vt 0.007962 0.949833
vt 0.021728 0.950079
vt 0.021728 0.968145
vt 0.832507 0.681093
vt 0.832507 0.695168
vt 0.829518 0.695168
vt 0.829518 0.681092
vt 0.962995 0.971906
vt 0.962960 0.953840
vt 0.976727 0.954033
vt 0.976727 0.972098
vt 0.165846 0.578293
vt 0.165846 0.560229
vt 0.168636 0.560227
vt 0.168636 0.578290
vt 0.683946 0.984806
vt 0.683910 0.966742
vt 0.697678 0.966882
vt 0.697678 0.984946
vt 0.163056 0.343305
vt 0.163057 0.325240
vt 0.165846 0.325225
vt 0.165846 0.343290
vt 0.308628 0.988474
vt 0.308593 0.970411
vt 0.322361 0.970497
vt 0.322361 0.988560
vt 0.829518 0.709244
vt 0.829518 0.695169
vt 0.832507 0.695168
vt 0.832507 0.709244
vt 0.141984 0.198754
vt 0.141913 0.180691
vt 0.005071 0.216761
vt 0.018769 0.216767
vt 0.032115 0.198709
vt 0.032468 0.216772
vt 0.543606 0.791387
vt 0.543606 0.773323
vt 0.546203 0.773330
vt 0.546203 0.791394
vt 0.800635 0.981651
vt 0.800600 0.963585
vt 0.814332 0.963804
vt 0.814332 0.981870
vt 0.197807 0.722317
vt 0.197807 0.704252
vt 0.200404 0.704274
vt 0.200404 0.722340
vt 0.551878 0.985975
vt 0.551843 0.967910
vt 0.565576 0.968076
vt 0.565576 0.986141
vt 0.873954 0.068483
vt 0.873954 0.054763
vt 0.876943 0.054764
vt 0.876943 0.068483
vt 0.844768 0.990081
vt 0.844732 0.972017
vt 0.858465 0.972130
vt 0.858465 0.990194
vt 0.526133 0.506323
vt 0.526133 0.488259
vt 0.528923 0.488252
vt 0.528923 0.506316
vt 0.978221 0.161613
vt 0.978186 0.143549
vt 0.991919 0.143608
vt 0.991919 0.161672
vt 0.197807 0.595853
vt 0.197807 0.577790
vt 0.200597 0.577793
vt 0.200597 0.595856
vt 0.005494 0.234824
vt 0.019157 0.234830
vt 0.799626 0.823436
vt 0.799626 0.837476
vt 0.796637 0.837476
vt 0.796637 0.823436
vt 0.971608 0.054566
vt 0.971573 0.036499
vt 0.985269 0.036745
vt 0.985269 0.054811
vt 0.268023 0.759997
vt 0.268023 0.741932
vt 0.270620 0.741945
vt 0.270620 0.760009
vt 0.102936 0.986183
vt 0.102901 0.968118
vt 0.116598 0.968310
vt 0.116598 0.986375
vt 0.396966 0.799538
vt 0.396966 0.781475
vt 0.399563 0.781475
vt 0.399563 0.799538
vt 0.976762 0.990242
vt 0.976727 0.972178
vt 0.990425 0.972316
vt 0.990425 0.990381
vt 0.870965 0.068483
vt 0.870965 0.054763
vt 0.873954 0.054764
vt 0.873954 0.068483
vt 0.985082 0.289265
vt 0.985047 0.271201
vt 0.998745 0.271286
vt 0.998745 0.289350
vt 0.773695 0.823484
vt 0.773695 0.837524
vt 0.770706 0.837523
vt 0.770706 0.823484
vt 0.142125 0.234881
vt 0.142054 0.216818
vt 0.005916 0.252888
vt 0.019544 0.252893
vt 0.032820 0.234836
vt 0.033172 0.252899
vt 0.335467 0.464842
vt 0.335467 0.446777
vt 0.338257 0.446766
vt 0.338257 0.464831
vt 0.977719 0.333343
vt 0.977684 0.315277
vt 0.991345 0.315495
vt 0.991345 0.333560
vt 0.528924 0.614766
vt 0.528924 0.632830
vt 0.526134 0.632831
vt 0.526134 0.614767
vt 0.978221 0.088771
vt 0.978186 0.070706
vt 0.991848 0.070872
vt 0.991848 0.088936
vt 0.433167 0.836802
vt 0.433167 0.822762
vt 0.436156 0.822762
vt 0.436156 0.836802
vt 0.986315 0.442977
vt 0.986279 0.424913
vt 0.999942 0.425025
vt 0.999942 0.443089
vt 0.531521 0.723194
vt 0.531521 0.741259
vt 0.528924 0.741242
vt 0.528924 0.723177
vt 0.986313 0.813665
vt 0.986278 0.795601
vt 0.999941 0.795660
vt 0.999941 0.813723
vt 0.089437 0.773526
vt 0.089437 0.791590
vt 0.086841 0.791585
vt 0.086841 0.773521
vt 0.006339 0.270951
vt 0.019931 0.270957
vt 0.347850 0.877861
vt 0.347850 0.864142
vt 0.350839 0.864142
vt 0.350839 0.877862
vt 0.921471 0.990139
vt 0.921436 0.972072
vt 0.935061 0.972316
vt 0.935061 0.990383
vt 0.424050 0.822777
vt 0.424050 0.836817
vt 0.421061 0.836816
vt 0.421061 0.822776
vt 0.365807 0.993985
vt 0.365772 0.975919
vt 0.379398 0.976110
vt 0.379398 0.994175
vt 0.168636 0.343305
vt 0.168636 0.361370
vt 0.165846 0.361385
vt 0.165846 0.343320
vt 0.986315 0.600973
vt 0.986280 0.582908
vt 0.999907 0.583047
vt 0.999907 0.601111
vt 0.338257 0.519071
vt 0.338257 0.537135
vt 0.335467 0.537140
vt 0.335467 0.519076
vt 0.986312 0.901815
vt 0.986277 0.883751
vt 0.999905 0.883837
vt 0.999905 0.901900
vt 0.809603 0.837459
vt 0.809603 0.823419
vt 0.812591 0.823418
vt 0.812591 0.837458
vt 0.142265 0.271008
vt 0.142195 0.252944
vt 0.006761 0.289014
vt 0.020319 0.289020
vt 0.033524 0.270962
vt 0.033876 0.289026
vt 0.563252 0.704626
vt 0.563252 0.722692
vt 0.560656 0.722669
vt 0.560656 0.704604
vt 0.047434 0.289031
vt 0.047117 0.270968
vt 0.060709 0.270974
vt 0.060991 0.289037
vt 0.534502 0.759346
vt 0.534502 0.777410
vt 0.531905 0.777400
vt 0.531905 0.759336
vt 0.074549 0.289043
vt 0.074302 0.270979
vt 0.087895 0.270985
vt 0.088106 0.289048
vt 0.463017 0.822949
vt 0.463017 0.836989
vt 0.460028 0.836988
vt 0.460028 0.822948
vt 0.101664 0.289054
vt 0.101487 0.270991
vt 0.115080 0.270996
vt 0.115221 0.289060
vt 0.534502 0.596696
vt 0.534502 0.614759
vt 0.531712 0.614756
vt 0.531712 0.596693
vt 0.128778 0.289065
vt 0.128673 0.271002
vt 0.142336 0.289071
vt 0.528923 0.415959
vt 0.528923 0.434023
vt 0.526133 0.434032
vt 0.526133 0.415968
vt 0.007184 0.307078
vt 0.020706 0.307083
vt 0.034228 0.307089
vt 0.047751 0.307095
vt 0.061273 0.307100
vt 0.074795 0.307106
vt 0.088317 0.307112
vt 0.101840 0.307117
vt 0.115362 0.307123
vt 0.128884 0.307128
vt 0.142406 0.307134
vt 0.344844 0.036474
vt 0.345251 0.018411
vt 0.358301 0.018382
vt 0.357928 0.036445
vt 0.371352 0.018353
vt 0.371013 0.036416
vt 0.384402 0.018324
vt 0.384097 0.036387
vt 0.397453 0.018295
vt 0.397182 0.036358
vt 0.410504 0.018266
vt 0.410266 0.036329
vt 0.423554 0.018237
vt 0.423351 0.036300
vt 0.436605 0.018208
vt 0.436435 0.036271
vt 0.449655 0.018179
vt 0.449520 0.036242
vt 0.462706 0.018150
vt 0.462604 0.036213
vt 0.475756 0.018121
vt 0.475689 0.036184
vt 0.344437 0.054538
vt 0.357556 0.054509
vt 0.370674 0.054480
vt 0.383792 0.054451
vt 0.396911 0.054422
vt 0.410029 0.054393
vt 0.423147 0.054363
vt 0.436266 0.054334
vt 0.449384 0.054305
vt 0.462502 0.054276
vt 0.475621 0.054247
vt 0.344030 0.072602
vt 0.357183 0.072573
vt 0.370335 0.072544
vt 0.383487 0.072514
vt 0.396639 0.072485
vt 0.409792 0.072456
vt 0.422944 0.072427
vt 0.436096 0.072397
vt 0.449249 0.072368
vt 0.462401 0.072339
vt 0.475553 0.072310
vt 0.343624 0.090666
vt 0.356810 0.090636
vt 0.369996 0.090607
vt 0.383182 0.090578
vt 0.396368 0.090549
vt 0.409554 0.090519
vt 0.422741 0.090490
vt 0.435927 0.090461
vt 0.449113 0.090431
vt 0.462299 0.090402
vt 0.475485 0.090373
vt 0.343217 0.108729
vt 0.356437 0.108700
vt 0.369657 0.108671
vt 0.382877 0.108641
vt 0.396097 0.108612
vt 0.409317 0.108583
vt 0.422537 0.108553
vt 0.435757 0.108524
vt 0.448977 0.108495
vt 0.462197 0.108465
vt 0.475417 0.108436
vt 0.342810 0.126793
vt 0.356064 0.126764
vt 0.369318 0.126734
vt 0.382572 0.126705
vt 0.395826 0.126676
vt 0.409080 0.126646
vt 0.422334 0.126617
vt 0.435588 0.126587
vt 0.448842 0.126558
vt 0.462096 0.126528
vt 0.475350 0.126499
vt 0.342403 0.144857
vt 0.355691 0.144827
vt 0.368979 0.144798
vt 0.382267 0.144768
vt 0.395555 0.144739
vt 0.408843 0.144709
vt 0.422130 0.144680
vt 0.435418 0.144650
vt 0.448706 0.144621
vt 0.461994 0.144591
vt 0.475282 0.144562
vt 0.341996 0.162921
vt 0.355318 0.162891
vt 0.368640 0.162862
vt 0.381962 0.162832
vt 0.395284 0.162802
vt 0.408605 0.162773
vt 0.421927 0.162743
vt 0.435249 0.162714
vt 0.448571 0.162684
vt 0.461892 0.162655
vt 0.475214 0.162625
vt 0.341590 0.180985
vt 0.354945 0.180955
vt 0.368301 0.180925
vt 0.381657 0.180896
vt 0.395012 0.180866
vt 0.408368 0.180836
vt 0.421724 0.180807
vt 0.435079 0.180777
vt 0.448435 0.180747
vt 0.461791 0.180718
vt 0.475146 0.180688
vt 0.341183 0.199048
vt 0.354572 0.199019
vt 0.367962 0.198989
vt 0.381352 0.198959
vt 0.394741 0.198929
vt 0.408131 0.198900
vt 0.421520 0.198870
vt 0.424595 0.311344
vt 0.438096 0.307431
vt 0.438096 0.429244
vt 0.429303 0.418294
vt 0.336682 0.428689
vt 0.323109 0.424767
vt 0.327853 0.318191
vt 0.336682 0.307177
vt 0.448299 0.198810
vt 0.461689 0.198781
vt 0.475078 0.198751
vt 0.340776 0.217112
vt 0.354200 0.217082
vt 0.367623 0.217052
vt 0.381047 0.217023
vt 0.394470 0.216993
vt 0.407893 0.216963
vt 0.421317 0.216933
vt 0.338742 0.307431
vt 0.356830 0.307475
vt 0.356830 0.428708
vt 0.338743 0.428818
vt 0.374917 0.307519
vt 0.374917 0.428597
vt 0.448164 0.216874
vt 0.461587 0.216844
vt 0.475011 0.216814
vt 0.340369 0.235176
vt 0.353827 0.235146
vt 0.367284 0.235116
vt 0.380741 0.235086
vt 0.394199 0.235056
vt 0.407656 0.235026
vt 0.421113 0.234997
vt 0.434740 0.216903
vt 0.434571 0.234967
vt 0.448028 0.234937
vt 0.461486 0.234907
vt 0.474943 0.234877
vt 0.339963 0.253240
vt 0.353454 0.253210
vt 0.366945 0.253180
vt 0.380436 0.253150
vt 0.393928 0.253120
vt 0.407419 0.253090
vt 0.420910 0.253060
vt 0.434401 0.253030
vt 0.447893 0.253000
vt 0.461384 0.252970
vt 0.474875 0.252940
vt 0.339556 0.271303
vt 0.353081 0.271273
vt 0.366606 0.271243
vt 0.380131 0.271213
vt 0.393656 0.271183
vt 0.407182 0.271153
vt 0.420707 0.271123
vt 0.434232 0.271093
vt 0.447757 0.271063
vt 0.461282 0.271033
vt 0.474807 0.271003
vt 0.339149 0.289367
vt 0.352708 0.289337
vt 0.366267 0.289307
vt 0.379826 0.289277
vt 0.393385 0.289247
vt 0.406944 0.289217
vt 0.420503 0.289187
vt 0.434062 0.289156
vt 0.447621 0.289126
vt 0.461180 0.289096
vt 0.474740 0.289066
vt 0.338742 0.307431
vt 0.352335 0.307401
vt 0.365928 0.307371
vt 0.379521 0.307340
vt 0.393114 0.307310
vt 0.406707 0.307280
vt 0.420300 0.307250
vt 0.433893 0.307220
vt 0.447486 0.307189
vt 0.461079 0.307159
vt 0.474672 0.307129
vt 0.345658 0.000347
vt 0.358674 0.000318
vt 0.371691 0.000289
vt 0.384708 0.000260
vt 0.397724 0.000231
vt 0.410741 0.000202
vt 0.423758 0.000173
vt 0.436774 0.000145
vt 0.449791 0.000116
vt 0.462808 0.000087
vt 0.475824 0.000058
vt 0.000000 0.000000
vt 0.014121 0.000006
vt 0.028242 0.000012
vt 0.042363 0.000018
vt 0.056484 0.000023
vt 0.070604 0.000029
vt 0.084725 0.000035
vt 0.098846 0.000041
vt 0.112967 0.000047
vt 0.127088 0.000053
vt 0.141209 0.000059
vt 0.204472 0.478656
vt 0.204472 0.464367
vt 0.239494 0.464361
vt 0.239494 0.478650
vt 0.204472 0.450078
vt 0.239494 0.450071
vt 0.204472 0.435788
vt 0.239494 0.435782
vt 0.204472 0.421499
vt 0.239494 0.421492
vt 0.204472 0.407209
vt 0.239494 0.407203
vt 0.204472 0.392920
vt 0.239494 0.392914
vt 0.204472 0.378631
vt 0.239494 0.378624
vt 0.204472 0.364341
vt 0.239494 0.364335
vt 0.204472 0.350052
vt 0.239494 0.350045
vt 0.204472 0.335762
vt 0.239494 0.335756
vt 0.309536 0.307183
vt 0.309536 0.320867
vt 0.274515 0.320861
vt 0.274515 0.307177
vt 0.309536 0.334551
vt 0.274515 0.334544
vt 0.309536 0.348234
vt 0.274515 0.348228
vt 0.309536 0.361918
vt 0.274515 0.361911
vt 0.309536 0.375601
vt 0.274515 0.375595
vt 0.309536 0.389285
vt 0.274515 0.389279
vt 0.309536 0.402969
vt 0.274515 0.402962
vt 0.309536 0.416652
vt 0.274515 0.416646
vt 0.309536 0.430336
vt 0.274515 0.430329
vt 0.309536 0.444019
vt 0.274515 0.444013
vt 0.898685 0.385224
vt 0.889755 0.385224
vt 0.892894 0.297071
vt 0.895426 0.297071
vt 0.722807 0.709669
vt 0.709841 0.709669
vt 0.715102 0.631569
vt 0.718779 0.631569
vt 0.064828 0.695481
vt 0.077793 0.695482
vt 0.072838 0.773520
vt 0.069161 0.773520
vt 0.191357 0.884881
vt 0.182417 0.884881
vt 0.185496 0.796727
vt 0.188031 0.796727
vt 0.649510 0.081040
vt 0.636545 0.081040
vt 0.641237 0.000000
vt 0.644914 0.000000
vt 0.500202 0.497049
vt 0.487237 0.497049
vt 0.491640 0.415959
vt 0.495317 0.415959
vt 0.898669 0.652940
vt 0.889764 0.652940
vt 0.892913 0.564786
vt 0.895438 0.564786
vt 0.722808 0.385521
vt 0.709843 0.385521
vt 0.714570 0.307412
vt 0.718246 0.307412
vt 0.038897 0.773519
vt 0.025931 0.773519
vt 0.031039 0.695481
vt 0.034715 0.695481
vt 0.522072 0.815041
vt 0.530968 0.815041
vt 0.527777 0.903194
vt 0.525254 0.903194
vt 0.645014 0.550581
vt 0.632049 0.550581
vt 0.636626 0.469541
vt 0.640302 0.469541
vt 0.474271 0.415959
vt 0.487237 0.415959
vt 0.482947 0.497049
vt 0.479270 0.497049
vt 0.862854 0.741093
vt 0.853948 0.741093
vt 0.857080 0.652940
vt 0.859605 0.652940
vt 0.722806 0.547650
vt 0.709841 0.547650
vt 0.714720 0.469541
vt 0.718397 0.469541
vt 0.000000 0.695481
vt 0.012966 0.695481
vt 0.007706 0.773518
vt 0.004029 0.773518
vt 0.496132 0.903213
vt 0.487237 0.903213
vt 0.490409 0.815059
vt 0.492931 0.815059
vt 0.226528 0.559728
vt 0.239493 0.559728
vt 0.235031 0.640768
vt 0.231354 0.640768
vt 0.512522 0.307431
vt 0.525487 0.307431
vt 0.520795 0.388517
vt 0.517118 0.388517
vt 0.889764 0.829247
vt 0.880858 0.829247
vt 0.883970 0.741093
vt 0.886496 0.741093
vt 0.709841 0.388479
vt 0.722806 0.388479
vt 0.717774 0.466587
vt 0.714097 0.466587
vt 0.155586 0.773523
vt 0.142621 0.773523
vt 0.147347 0.695477
vt 0.151023 0.695477
vt 0.907565 0.652940
vt 0.898669 0.652940
vt 0.901823 0.564786
vt 0.904346 0.564786
vt 0.636545 0.243146
vt 0.623579 0.243146
vt 0.627926 0.162106
vt 0.631603 0.162106
vt 0.499557 0.307431
vt 0.512522 0.307431
vt 0.507946 0.388517
vt 0.504269 0.388517
vt 0.890366 0.162106
vt 0.899271 0.162106
vt 0.896177 0.250260
vt 0.893652 0.250260
vt 0.169450 0.640772
vt 0.182415 0.640772
vt 0.177229 0.718879
vt 0.173553 0.718879
vt 0.129655 0.773522
vt 0.116690 0.773522
vt 0.121568 0.695477
vt 0.125245 0.695477
vt 0.898669 0.741093
vt 0.907564 0.741093
vt 0.904429 0.829247
vt 0.901906 0.829247
vt 0.623580 0.000000
vt 0.636545 0.000000
vt 0.632313 0.081039
vt 0.628636 0.081039
vt 0.424058 0.429244
vt 0.437023 0.429244
vt 0.432562 0.510330
vt 0.428885 0.510330
vt 0.899274 0.158860
vt 0.890369 0.158860
vt 0.893445 0.070706
vt 0.895970 0.070707
vt 0.226530 0.718877
vt 0.213564 0.718877
vt 0.218902 0.640771
vt 0.222579 0.640771
vt 0.090758 0.773521
vt 0.077793 0.773521
vt 0.082824 0.695477
vt 0.086501 0.695477
vt 0.907576 0.564786
vt 0.898682 0.564786
vt 0.901799 0.476633
vt 0.904321 0.476633
vt 0.662474 0.243141
vt 0.649509 0.243141
vt 0.654259 0.162106
vt 0.657936 0.162106
vt 0.364673 0.509904
vt 0.351707 0.509904
vt 0.356054 0.428819
vt 0.359731 0.428819
vt 0.331361 0.915899
vt 0.322501 0.915899
vt 0.325689 0.827745
vt 0.328201 0.827745
vt 0.195381 0.718882
vt 0.182417 0.718882
vt 0.187066 0.640767
vt 0.190743 0.640767
vt 0.051862 0.773520
vt 0.038897 0.773520
vt 0.044081 0.695476
vt 0.047758 0.695476
vt 0.908144 0.158860
vt 0.899274 0.158860
vt 0.902401 0.070707
vt 0.904917 0.070706
vt 0.500202 0.578112
vt 0.513167 0.578112
vt 0.508533 0.659147
vt 0.504856 0.659147
vt 0.335467 0.509774
vt 0.322501 0.509774
vt 0.326733 0.428689
vt 0.330410 0.428689
vt 0.844732 0.829247
vt 0.853592 0.829247
vt 0.850424 0.917400
vt 0.847911 0.917400
vt 0.213562 0.718877
vt 0.200597 0.718877
vt 0.205400 0.640762
vt 0.209076 0.640762
vt 0.168552 0.773515
vt 0.155586 0.773515
vt 0.160923 0.695472
vt 0.164600 0.695472
vt 0.916434 0.652940
vt 0.907565 0.652940
vt 0.910673 0.564786
vt 0.913188 0.564786
vt 0.657980 0.631616
vt 0.645014 0.631616
vt 0.649534 0.550581
vt 0.653211 0.550581
vt 0.270641 0.471387
vt 0.283606 0.471387
vt 0.278857 0.552468
vt 0.275181 0.552468
vt 0.862675 0.917400
vt 0.853815 0.917400
vt 0.856966 0.829247
vt 0.859478 0.829247
vt 0.714340 0.159163
vt 0.701375 0.159163
vt 0.706331 0.081049
vt 0.710007 0.081049
vt 0.142620 0.773524
vt 0.129655 0.773524
vt 0.134304 0.695472
vt 0.137981 0.695472
vt 0.907564 0.741093
vt 0.916433 0.741093
vt 0.913343 0.829247
vt 0.910828 0.829247
vt 0.657979 0.550576
vt 0.645014 0.550576
vt 0.649419 0.469541
vt 0.653095 0.469541
vt 0.309536 0.552468
vt 0.296572 0.552468
vt 0.301206 0.471387
vt 0.304882 0.471387
vt 0.889718 0.917400
vt 0.880858 0.917400
vt 0.883990 0.829247
vt 0.886502 0.829247
vt 0.714336 0.240220
vt 0.701371 0.240220
vt 0.706479 0.162106
vt 0.710156 0.162106
vt 0.090759 0.695471
vt 0.103723 0.695471
vt 0.098921 0.773523
vt 0.095245 0.773523
vt 0.916449 0.385224
vt 0.907580 0.385224
vt 0.910652 0.297071
vt 0.913167 0.297071
vt 0.645014 0.631616
vt 0.632049 0.631616
vt 0.636339 0.550581
vt 0.640016 0.550581
vt 0.252459 0.552468
vt 0.239494 0.552468
vt 0.244013 0.471387
vt 0.247689 0.471387
vt 0.907564 0.829247
vt 0.916423 0.829247
vt 0.913310 0.917400
vt 0.910798 0.917400
vt 0.714338 0.078113
vt 0.701372 0.078113
vt 0.706633 0.000000
vt 0.710310 0.000000
vt 0.547498 0.773323
vt 0.534533 0.773323
vt 0.539488 0.695271
vt 0.543165 0.695271
vt 0.917010 0.250260
vt 0.908141 0.250260
vt 0.911195 0.162106
vt 0.913710 0.162106
vt 0.322501 0.671872
vt 0.309536 0.671872
vt 0.314229 0.590842
vt 0.317905 0.590842
vt 0.526133 0.497040
vt 0.513168 0.497040
vt 0.517572 0.415959
vt 0.521248 0.415959
vt 0.907564 0.917400
vt 0.898729 0.917400
vt 0.901853 0.829247
vt 0.904358 0.829247
vt 0.252458 0.711637
vt 0.239494 0.711637
vt 0.244220 0.633516
vt 0.247896 0.633516
vt 0.560464 0.773317
vt 0.547498 0.773317
vt 0.552606 0.695267
vt 0.556283 0.695267
vt 0.360531 0.926371
vt 0.351707 0.926371
vt 0.354872 0.838217
vt 0.357375 0.838217
vt 0.670948 0.388442
vt 0.657983 0.388442
vt 0.662560 0.307412
vt 0.666237 0.307412
vt 0.500202 0.415959
vt 0.513168 0.415959
vt 0.508879 0.497040
vt 0.505202 0.497040
vt 0.925257 0.917400
vt 0.916423 0.917400
vt 0.919528 0.829247
vt 0.922033 0.829247
vt 0.451061 0.712912
vt 0.438096 0.712912
vt 0.442975 0.634791
vt 0.446652 0.634791
vt 0.766203 0.159098
vt 0.753237 0.159098
vt 0.758497 0.081049
vt 0.762174 0.081049
vt 0.513641 0.406590
vt 0.513641 0.388526
vt 0.516431 0.388517
vt 0.516431 0.406581
vt 0.267851 0.606664
vt 0.267851 0.588601
vt 0.270641 0.588604
vt 0.270641 0.606667
vt 0.051854 0.809667
vt 0.051854 0.823779
vt 0.048865 0.823778
vt 0.048865 0.809667
vt 0.396966 0.781465
vt 0.396966 0.763401
vt 0.399563 0.763410
vt 0.399563 0.781475
vt 0.565849 0.704603
vt 0.565849 0.722669
vt 0.563252 0.722646
vt 0.563252 0.704580
vt 0.022013 0.823779
vt 0.022013 0.809667
vt 0.025001 0.809667
vt 0.025001 0.823778
vt 0.718843 0.865391
vt 0.718843 0.851601
vt 0.721832 0.851600
vt 0.721832 0.865391
vt 0.168636 0.524082
vt 0.168636 0.542146
vt 0.165846 0.542151
vt 0.165846 0.524087
vt 0.168636 0.325225
vt 0.168636 0.343290
vt 0.165846 0.343305
vt 0.165846 0.325240
vt 0.141692 0.809666
vt 0.141692 0.823777
vt 0.138703 0.823777
vt 0.138703 0.809665
vt 0.012037 0.851680
vt 0.012037 0.865471
vt 0.009048 0.865470
vt 0.009048 0.851680
vt 0.034979 0.791583
vt 0.034979 0.773519
vt 0.037576 0.773524
vt 0.037576 0.791588
vt 0.528923 0.723198
vt 0.528923 0.741263
vt 0.526326 0.741246
vt 0.526326 0.723181
vt 0.034979 0.823778
vt 0.034979 0.809667
vt 0.037968 0.809666
vt 0.037968 0.823777
vt 0.151669 0.865470
vt 0.151669 0.851679
vt 0.154658 0.851679
vt 0.154658 0.865469
vt 0.335467 0.645544
vt 0.335467 0.627480
vt 0.338257 0.627479
vt 0.338257 0.645543
vt 0.163057 0.487921
vt 0.163057 0.469857
vt 0.165846 0.469846
vt 0.165846 0.487910
vt 0.089838 0.809666
vt 0.089838 0.823777
vt 0.086849 0.823777
vt 0.086849 0.809666
vt 0.102795 0.851680
vt 0.102795 0.865470
vt 0.099806 0.865470
vt 0.099806 0.851679
vt 0.360817 0.804275
vt 0.360817 0.786212
vt 0.363413 0.786211
vt 0.363413 0.804275
vt 0.363413 0.750076
vt 0.363413 0.768140
vt 0.360817 0.768128
vt 0.360817 0.750063
vt 0.825623 0.289517
vt 0.825623 0.303629
vt 0.822634 0.303629
vt 0.822634 0.289518
vt 0.128735 0.851678
vt 0.128735 0.865469
vt 0.125746 0.865469
vt 0.125746 0.851679
vt 0.200597 0.595859
vt 0.200597 0.613922
vt 0.197807 0.613919
vt 0.197807 0.595856
vt 0.528922 0.488245
vt 0.528922 0.470181
vt 0.531712 0.470174
vt 0.531712 0.488238
vt 0.115762 0.851679
vt 0.115762 0.865470
vt 0.112773 0.865469
vt 0.112773 0.851679
vt 0.421461 0.786638
vt 0.421461 0.768574
vt 0.424058 0.768581
vt 0.424058 0.786645
vt 0.631039 0.808565
vt 0.631039 0.822712
vt 0.628050 0.822712
vt 0.628050 0.808565
vt 0.089838 0.851680
vt 0.089838 0.865470
vt 0.086849 0.865471
vt 0.086849 0.851680
vt 0.267851 0.570534
vt 0.267851 0.552471
vt 0.270641 0.552468
vt 0.270641 0.570532
vt 0.641016 0.822688
vt 0.641016 0.808541
vt 0.644004 0.808542
vt 0.644004 0.822689
vt 0.076865 0.851680
vt 0.076865 0.865470
vt 0.073876 0.865470
vt 0.073876 0.851679
vt 0.200404 0.776581
vt 0.200404 0.794644
vt 0.197807 0.794642
vt 0.197807 0.776579
vt 0.813667 0.289517
vt 0.813667 0.303664
vt 0.810678 0.303665
vt 0.810678 0.289518
vt 0.576199 0.865456
vt 0.576199 0.851666
vt 0.579188 0.851665
vt 0.579188 0.865456
vt 0.563253 0.632316
vt 0.563253 0.650380
vt 0.560463 0.650379
vt 0.560463 0.632315
vt 0.819645 0.289518
vt 0.819645 0.303665
vt 0.816656 0.303664
vt 0.816656 0.289517
vt 0.167657 0.851677
vt 0.167657 0.865467
vt 0.164668 0.865467
vt 0.164668 0.851677
vt 0.819645 0.303665
vt 0.819645 0.289518
vt 0.822634 0.289517
vt 0.822634 0.303664
vt 0.813667 0.303664
vt 0.813668 0.289517
vt 0.816656 0.289518
vt 0.816656 0.303665
vt 0.644005 0.850663
vt 0.644005 0.864490
vt 0.641016 0.864489
vt 0.641016 0.850663
vt 0.268023 0.705785
vt 0.268023 0.723850
vt 0.265426 0.723830
vt 0.265426 0.705765
vt 0.807690 0.303665
vt 0.807690 0.289518
vt 0.810678 0.289517
vt 0.810678 0.303664
vt 0.682901 0.850661
vt 0.682901 0.864487
vt 0.679912 0.864488
vt 0.679912 0.850661
vt 0.165846 0.415617
vt 0.165846 0.397553
vt 0.168636 0.397540
vt 0.168636 0.415605
vt 0.682901 0.808540
vt 0.682901 0.822687
vt 0.679912 0.822686
vt 0.679912 0.808539
vt 0.447062 0.864752
vt 0.447062 0.850926
vt 0.450051 0.850926
vt 0.450051 0.864752
vt 0.531521 0.741274
vt 0.531521 0.759339
vt 0.528924 0.759324
vt 0.528924 0.741259
vt 0.818058 0.068771
vt 0.818058 0.054625
vt 0.821047 0.054624
vt 0.821047 0.068771
vt 0.822576 0.865188
vt 0.822576 0.851362
vt 0.825565 0.851361
vt 0.825565 0.865187
vt 0.163056 0.524067
vt 0.163057 0.506003
vt 0.165846 0.505994
vt 0.165846 0.524059
vt 0.656970 0.808543
vt 0.656970 0.822690
vt 0.653981 0.822690
vt 0.653981 0.808543
vt 0.812591 0.851393
vt 0.812591 0.865219
vt 0.809603 0.865218
vt 0.809603 0.851392
vt 0.531521 0.759349
vt 0.531521 0.777413
vt 0.528924 0.777403
vt 0.528924 0.759339
vt 0.424050 0.850750
vt 0.424050 0.864576
vt 0.421061 0.864577
vt 0.421061 0.850751
vt 0.268215 0.525621
vt 0.268215 0.543684
vt 0.265425 0.543689
vt 0.265425 0.525625
vt 0.756877 0.289518
vt 0.756877 0.303700
vt 0.753888 0.303700
vt 0.753888 0.289517
vt 0.436156 0.850736
vt 0.436156 0.864563
vt 0.433167 0.864562
vt 0.433167 0.850736
vt 0.073876 0.791584
vt 0.073876 0.773520
vt 0.076472 0.773525
vt 0.076472 0.791589
vt 0.771822 0.303700
vt 0.771822 0.289518
vt 0.774811 0.289517
vt 0.774811 0.303700
vt 0.460028 0.864749
vt 0.460028 0.850922
vt 0.463017 0.850922
vt 0.463017 0.864748
vt 0.200597 0.631987
vt 0.200597 0.650050
vt 0.197807 0.650051
vt 0.197807 0.631988
vt 0.765844 0.303700
vt 0.765844 0.289517
vt 0.768833 0.289518
vt 0.768833 0.303700
vt 0.656970 0.850665
vt 0.656970 0.864491
vt 0.653981 0.864491
vt 0.653981 0.850664
vt 0.384000 0.799550
vt 0.384000 0.781486
vt 0.386597 0.781486
vt 0.386597 0.799549
vt 0.756877 0.303700
vt 0.756877 0.289518
vt 0.759866 0.289517
vt 0.759866 0.303700
vt 0.628050 0.864513
vt 0.628050 0.850687
vt 0.631039 0.850686
vt 0.631039 0.864512
vt 0.531711 0.578616
vt 0.531711 0.560553
vt 0.534501 0.560556
vt 0.534501 0.578619
vt 0.566241 0.758834
vt 0.566241 0.773016
vt 0.563252 0.773016
vt 0.563252 0.758833
vt 0.528924 0.723154
vt 0.528924 0.705089
vt 0.531521 0.705111
vt 0.531521 0.723177
vt 0.762855 0.289517
vt 0.762855 0.303700
vt 0.759866 0.303700
vt 0.759866 0.289518
vt 0.222504 0.856701
vt 0.222504 0.842840
vt 0.225493 0.842839
vt 0.225493 0.856701
vt 0.165846 0.325225
vt 0.165846 0.307160
vt 0.168636 0.307145
vt 0.168636 0.325210
vt 0.777800 0.289518
vt 0.777800 0.303700
vt 0.774811 0.303700
vt 0.774811 0.289517
vt 0.534510 0.841595
vt 0.534510 0.855457
vt 0.531521 0.855457
vt 0.531521 0.841595
vt 0.335467 0.753961
vt 0.335467 0.735896
vt 0.338064 0.735914
vt 0.338064 0.753978
vt 0.762855 0.303700
vt 0.762855 0.289518
vt 0.765844 0.289517
vt 0.765844 0.303700
vt 0.853031 0.068626
vt 0.853031 0.054764
vt 0.856020 0.054763
vt 0.856020 0.068625
vt 0.165846 0.451770
vt 0.165846 0.469835
vt 0.163056 0.469846
vt 0.163057 0.451781
vt 0.753888 0.289518
vt 0.753888 0.303700
vt 0.750899 0.303700
vt 0.750899 0.289517
vt 0.212527 0.842838
vt 0.212527 0.856700
vt 0.209538 0.856699
vt 0.209538 0.842838
vt 0.335467 0.772043
vt 0.335467 0.753978
vt 0.338064 0.753991
vt 0.338064 0.772055
vt 0.768833 0.303700
vt 0.768833 0.289518
vt 0.771822 0.289517
vt 0.771822 0.303700
vt 0.318396 0.855588
vt 0.318396 0.841726
vt 0.321385 0.841726
vt 0.321385 0.855587
vt 0.528923 0.434032
vt 0.528923 0.452096
vt 0.526133 0.452103
vt 0.526133 0.434039
vt 0.669945 0.840569
vt 0.669945 0.854431
vt 0.666956 0.854431
vt 0.666956 0.840569
vt 0.063533 0.773389
vt 0.063533 0.791453
vt 0.060936 0.791446
vt 0.060936 0.773382
vt 0.696463 0.303712
vt 0.696462 0.289493
vt 0.699451 0.289493
vt 0.699451 0.303711
vt 0.178390 0.856701
vt 0.178390 0.842840
vt 0.181379 0.842839
vt 0.181379 0.856701
vt 0.200597 0.559723
vt 0.200597 0.577787
vt 0.197807 0.577790
vt 0.197807 0.559726
vt 0.696462 0.289493
vt 0.696462 0.303712
vt 0.693473 0.303711
vt 0.693474 0.289493
vt 0.238458 0.842838
vt 0.238458 0.856700
vt 0.235469 0.856699
vt 0.235469 0.842838
vt 0.151669 0.791586
vt 0.151669 0.773523
vt 0.154266 0.773525
vt 0.154266 0.791589
vt 0.702440 0.303712
vt 0.702440 0.289493
vt 0.705429 0.289493
vt 0.705429 0.303711
vt 0.331361 0.855577
vt 0.331361 0.841715
vt 0.334350 0.841714
vt 0.334350 0.855576
vt 0.200597 0.613923
vt 0.200597 0.631987
vt 0.197807 0.631986
vt 0.197807 0.613922
vt 0.720374 0.289493
vt 0.720374 0.303712
vt 0.717385 0.303711
vt 0.717385 0.289493
vt 0.695875 0.840550
vt 0.695875 0.854412
vt 0.692886 0.854412
vt 0.692886 0.840550
vt 0.714396 0.303712
vt 0.714396 0.289493
vt 0.717385 0.289493
vt 0.717385 0.303711
vt 0.702440 0.289493
vt 0.702440 0.303712
vt 0.699451 0.303711
vt 0.699451 0.289493
vt 0.099806 0.851679
vt 0.099806 0.837781
vt 0.102795 0.837782
vt 0.102795 0.851679
vt 0.270620 0.705785
vt 0.270620 0.723850
vt 0.268023 0.723830
vt 0.268023 0.705765
vt 0.690485 0.303712
vt 0.690484 0.289493
vt 0.693473 0.289493
vt 0.693473 0.303711
vt 0.022013 0.851681
vt 0.022013 0.837784
vt 0.025001 0.837783
vt 0.025001 0.851681
vt 0.338257 0.428689
vt 0.338257 0.446754
vt 0.335467 0.446766
vt 0.335467 0.428701
vt 0.714396 0.289493
vt 0.714396 0.303712
vt 0.711407 0.303711
vt 0.711407 0.289493
vt 0.115762 0.837782
vt 0.115762 0.851679
vt 0.112773 0.851679
vt 0.112773 0.837781
vt 0.200404 0.740440
vt 0.200404 0.758505
vt 0.197807 0.758490
vt 0.197807 0.740425
vt 0.708418 0.303712
vt 0.708418 0.289493
vt 0.711407 0.289493
vt 0.711407 0.303711
vt 0.576199 0.851665
vt 0.576199 0.837768
vt 0.579188 0.837767
vt 0.579188 0.851665
vt 0.165846 0.487921
vt 0.165846 0.505985
vt 0.163057 0.505994
vt 0.163057 0.487930
vt 0.705429 0.303711
vt 0.705429 0.289493
vt 0.708418 0.289493
vt 0.708418 0.303712
vt 0.037968 0.837783
vt 0.037968 0.851680
vt 0.034979 0.851680
vt 0.034979 0.837783
vt 0.197807 0.776569
vt 0.197807 0.758505
vt 0.200404 0.758514
vt 0.200404 0.776579
vt 0.151669 0.851679
vt 0.151669 0.837781
vt 0.154658 0.837781
vt 0.154658 0.851678
vt 0.526133 0.560546
vt 0.526133 0.542482
vt 0.528923 0.542477
vt 0.528923 0.560541
vt 0.089838 0.837782
vt 0.089838 0.851680
vt 0.086849 0.851679
vt 0.086849 0.837782
vt 0.049266 0.791584
vt 0.049266 0.773520
vt 0.051862 0.773525
vt 0.051862 0.791589
vt 0.652502 0.289466
vt 0.652502 0.303720
vt 0.649513 0.303720
vt 0.649513 0.289466
vt 0.051854 0.837783
vt 0.051854 0.851681
vt 0.048865 0.851681
vt 0.048865 0.837784
vt 0.560463 0.632315
vt 0.560463 0.614252
vt 0.563253 0.614251
vt 0.563253 0.632314
vt 0.076865 0.837782
vt 0.076865 0.851679
vt 0.073876 0.851679
vt 0.073876 0.837781
vt 0.424058 0.786645
vt 0.424058 0.804709
vt 0.421461 0.804709
vt 0.421461 0.786646
vt 0.658480 0.289466
vt 0.658480 0.303719
vt 0.655491 0.303720
vt 0.655491 0.289466
vt 0.138703 0.851680
vt 0.138703 0.837782
vt 0.141692 0.837782
vt 0.141692 0.851679
vt 0.168636 0.578296
vt 0.168636 0.596360
vt 0.165846 0.596356
vt 0.165846 0.578293
vt 0.531711 0.542493
vt 0.531711 0.560558
vt 0.529114 0.560535
vt 0.529114 0.542470
vt 0.647384 0.289463
vt 0.647384 0.303717
vt 0.644395 0.303718
vt 0.644395 0.289464
vt 0.653981 0.850664
vt 0.653981 0.836731
vt 0.656970 0.836731
vt 0.656970 0.850664
vt 0.165846 0.343305
vt 0.165846 0.361370
vt 0.163056 0.361385
vt 0.163057 0.343320
vt 0.770706 0.851457
vt 0.770706 0.837524
vt 0.773695 0.837524
vt 0.773695 0.851457
vt 0.268023 0.723868
vt 0.268023 0.741932
vt 0.265426 0.741915
vt 0.265426 0.723850
vt 0.655491 0.289466
vt 0.655491 0.303719
vt 0.652502 0.303720
vt 0.652502 0.289466
vt 0.463017 0.836989
vt 0.463017 0.850922
vt 0.460028 0.850922
vt 0.460028 0.836989
vt 0.168636 0.433695
vt 0.168636 0.451760
vt 0.165846 0.451770
vt 0.165846 0.433706
vt 0.628050 0.850686
vt 0.628050 0.836753
vt 0.631039 0.836753
vt 0.631039 0.850686
vt 0.347850 0.768123
vt 0.347850 0.750059
vt 0.350447 0.750072
vt 0.350447 0.768136
vt 0.641406 0.303718
vt 0.641406 0.289464
vt 0.644395 0.289463
vt 0.644395 0.303717
vt 0.433167 0.850736
vt 0.433167 0.836803
vt 0.436156 0.836802
vt 0.436156 0.850735
vt 0.531713 0.415959
vt 0.531713 0.434023
vt 0.528923 0.434030
vt 0.528923 0.415966
vt 0.799626 0.837477
vt 0.799626 0.851410
vt 0.796637 0.851409
vt 0.796637 0.837476
vt 0.350447 0.768143
vt 0.350447 0.786207
vt 0.347850 0.786200
vt 0.347850 0.768136
vt 0.528923 0.705116
vt 0.528923 0.723181
vt 0.526326 0.723161
vt 0.526326 0.705096
vt 0.809603 0.851392
vt 0.809603 0.837459
vt 0.812591 0.837459
vt 0.812591 0.851392
vt 0.270641 0.570534
vt 0.270641 0.588598
vt 0.267851 0.588601
vt 0.267851 0.570537
vt 0.163057 0.397542
vt 0.163057 0.379477
vt 0.165846 0.379464
vt 0.165846 0.397529
vt 0.447062 0.850925
vt 0.447062 0.836992
vt 0.450051 0.836993
vt 0.450051 0.850926
vt 0.534502 0.777412
vt 0.534502 0.795476
vt 0.531905 0.795474
vt 0.531905 0.777410
vt 0.563252 0.740789
vt 0.563252 0.758853
vt 0.560655 0.758839
vt 0.560655 0.740774
vt 0.424050 0.836817
vt 0.424050 0.850750
vt 0.421061 0.850750
vt 0.421061 0.836817
vt 0.267851 0.624731
vt 0.267851 0.606667
vt 0.270641 0.606669
vt 0.270641 0.624732
vt 0.335467 0.519071
vt 0.335467 0.501006
vt 0.338257 0.500998
vt 0.338257 0.519062
vt 0.822576 0.851361
vt 0.822576 0.837428
vt 0.825565 0.837428
vt 0.825565 0.851361
vt 0.384000 0.781476
vt 0.384000 0.763412
vt 0.386597 0.763422
vt 0.386597 0.781486
vt 0.531713 0.452106
vt 0.531713 0.434042
vt 0.534503 0.434037
vt 0.534503 0.452101
vt 0.512086 0.829130
vt 0.512086 0.843099
vt 0.509097 0.843099
vt 0.509097 0.829130
vt 0.609746 0.721995
vt 0.609746 0.740060
vt 0.607149 0.740040
vt 0.607149 0.721975
vt 0.167256 0.773520
vt 0.167256 0.791583
vt 0.164659 0.791579
vt 0.164659 0.773515
vt 0.318396 0.841726
vt 0.318396 0.827757
vt 0.321385 0.827756
vt 0.321385 0.841725
vt 0.165846 0.379462
vt 0.165846 0.361397
vt 0.168636 0.361385
vt 0.168636 0.379450
vt 0.268215 0.633500
vt 0.268215 0.651564
vt 0.265425 0.651565
vt 0.265425 0.633501
vt 0.238458 0.828869
vt 0.238458 0.842838
vt 0.235469 0.842837
vt 0.235469 0.828869
vt 0.609746 0.740075
vt 0.609746 0.758139
vt 0.607149 0.758125
vt 0.607149 0.740060
vt 0.528923 0.777417
vt 0.528923 0.795480
vt 0.526326 0.795480
vt 0.526326 0.777417
vt 0.534510 0.827626
vt 0.534510 0.841594
vt 0.531521 0.841595
vt 0.531521 0.827626
vt 0.519221 0.388517
vt 0.519221 0.406581
vt 0.516431 0.406590
vt 0.516431 0.388526
vt 0.338257 0.573285
vt 0.338257 0.591348
vt 0.335467 0.591345
vt 0.335467 0.573282
vt 0.841075 0.068732
vt 0.841075 0.054763
vt 0.844064 0.054764
vt 0.844064 0.068733
vt 0.265426 0.778076
vt 0.265426 0.760012
vt 0.268023 0.760022
vt 0.268023 0.778086
vt 0.531712 0.614787
vt 0.531712 0.632852
vt 0.529115 0.632830
vt 0.529115 0.614764
vt 0.669945 0.826600
vt 0.669945 0.840568
vt 0.666956 0.840569
vt 0.666956 0.826600
vt 0.528923 0.470172
vt 0.528923 0.452108
vt 0.531713 0.452103
vt 0.531713 0.470167
vt 0.165846 0.361385
vt 0.165846 0.379450
vt 0.163057 0.379464
vt 0.163057 0.361399
vt 0.222504 0.842839
vt 0.222504 0.828870
vt 0.225493 0.828870
vt 0.225493 0.842839
vt 0.011645 0.773523
vt 0.011645 0.791587
vt 0.009048 0.791582
vt 0.009048 0.773518
vt 0.270620 0.723868
vt 0.270620 0.741932
vt 0.268023 0.741915
vt 0.268023 0.723850
vt 0.209538 0.842838
vt 0.209538 0.828869
vt 0.212527 0.828869
vt 0.212527 0.842837
vt 0.609939 0.631643
vt 0.609939 0.649707
vt 0.607149 0.649707
vt 0.607149 0.631644
vt 0.168636 0.469846
vt 0.168636 0.487910
vt 0.165846 0.487921
vt 0.165846 0.469857
vt 0.181379 0.828871
vt 0.181379 0.842839
vt 0.178390 0.842839
vt 0.178390 0.828870
vt 0.531521 0.777413
vt 0.531521 0.795476
vt 0.528924 0.795476
vt 0.528924 0.777413
vt 0.424058 0.750510
vt 0.424058 0.768574
vt 0.421461 0.768562
vt 0.421461 0.750497
vt 0.331361 0.841714
vt 0.331361 0.827746
vt 0.334350 0.827745
vt 0.334350 0.841714
vt 0.338257 0.591351
vt 0.338257 0.609415
vt 0.335467 0.609412
vt 0.335467 0.591348
vt 0.528923 0.452103
vt 0.528923 0.434039
vt 0.531713 0.434032
vt 0.531713 0.452096
vt 0.563252 0.686538
vt 0.563252 0.704604
vt 0.560656 0.704581
vt 0.560656 0.686516
vt 0.435764 0.768567
vt 0.435764 0.786631
vt 0.433167 0.786624
vt 0.433167 0.768560
vt 0.025001 0.823779
vt 0.025001 0.837783
vt 0.022013 0.837783
vt 0.022013 0.823779
vt 0.165846 0.307145
vt 0.165846 0.325210
vt 0.163056 0.325225
vt 0.163057 0.307160
vt 0.531713 0.470173
vt 0.531713 0.452109
vt 0.534503 0.452106
vt 0.534503 0.470170
vt 0.115762 0.823777
vt 0.115762 0.837781
vt 0.112773 0.837781
vt 0.112773 0.823776
vt 0.534502 0.723191
vt 0.534502 0.741256
vt 0.531905 0.741239
vt 0.531905 0.723174
vt 0.102403 0.773526
vt 0.102403 0.791589
vt 0.099806 0.791587
vt 0.099806 0.773523
vt 0.138703 0.837782
vt 0.138703 0.823778
vt 0.141692 0.823777
vt 0.141692 0.837781
vt 0.168636 0.451770
vt 0.168636 0.469835
vt 0.165846 0.469846
vt 0.165846 0.451781
vt 0.534502 0.614760
vt 0.534502 0.632824
vt 0.531712 0.632823
vt 0.531712 0.614759
vt 0.589189 0.837790
vt 0.589189 0.823785
vt 0.592178 0.823786
vt 0.592178 0.837790
vt 0.433167 0.768547
vt 0.433167 0.750483
vt 0.435764 0.750495
vt 0.435764 0.768560
vt 0.102795 0.823777
vt 0.102795 0.837781
vt 0.099806 0.837781
vt 0.099806 0.823777
vt 0.528923 0.452103
vt 0.528923 0.470167
vt 0.526133 0.470174
vt 0.526133 0.452110
vt 0.037968 0.823778
vt 0.037968 0.837783
vt 0.034979 0.837782
vt 0.034979 0.823778
vt 0.360817 0.786204
vt 0.360817 0.768140
vt 0.363413 0.768147
vt 0.363413 0.786211
vt 0.338064 0.717831
vt 0.338064 0.735896
vt 0.335467 0.735876
vt 0.335467 0.717811
vt 0.605144 0.823788
vt 0.605144 0.837792
vt 0.602155 0.837793
vt 0.602155 0.823788
vt 0.335467 0.573282
vt 0.335467 0.555218
vt 0.338257 0.555215
vt 0.338257 0.573279
vt 0.165846 0.415620
vt 0.165846 0.433684
vt 0.163057 0.433697
vt 0.163057 0.415632
vt 0.048865 0.837783
vt 0.048865 0.823779
vt 0.051854 0.823779
vt 0.051854 0.837783
vt 0.607149 0.794280
vt 0.607149 0.776216
vt 0.609746 0.776218
vt 0.609746 0.794282
vt 0.565849 0.740769
vt 0.565849 0.758833
vt 0.563252 0.758818
vt 0.563252 0.740754
vt 0.089838 0.823777
vt 0.089838 0.837781
vt 0.086849 0.837782
vt 0.086849 0.823778
vt 0.563253 0.632314
vt 0.563253 0.614251
vt 0.566043 0.614252
vt 0.566043 0.632315
vt 0.268215 0.471387
vt 0.268215 0.489451
vt 0.265425 0.489460
vt 0.265425 0.471395
vt 0.128735 0.823776
vt 0.128735 0.837780
vt 0.125746 0.837780
vt 0.125746 0.823776
vt 0.526326 0.777407
vt 0.526326 0.759343
vt 0.528923 0.759353
vt 0.528923 0.777417
vt 0.165846 0.524067
vt 0.165846 0.542131
vt 0.163057 0.542136
vt 0.163056 0.524072
vt 0.822576 0.837427
vt 0.822576 0.823387
vt 0.825565 0.823388
vt 0.825565 0.837428
vt 0.531905 0.723154
vt 0.531905 0.705089
vt 0.534502 0.705109
vt 0.534502 0.723174
vt 0.125738 0.791586
vt 0.125738 0.773522
vt 0.128334 0.773527
vt 0.128334 0.791591
vt 0.447062 0.836992
vt 0.447062 0.822952
vt 0.450051 0.822952
vt 0.450051 0.836992
vt 0.163057 0.415620
vt 0.163057 0.397555
vt 0.165846 0.397542
vt 0.165846 0.415607
vt 0.566043 0.632315
vt 0.566043 0.650379
vt 0.563253 0.650380
vt 0.563253 0.632316
vt 0.784645 0.837529
vt 0.784645 0.823489
vt 0.787634 0.823490
vt 0.787634 0.837530
vt 0.528923 0.741278
vt 0.528923 0.759343
vt 0.526326 0.759328
vt 0.526326 0.741263
vt 0.347850 0.804271
vt 0.347850 0.786207
vt 0.350447 0.786207
vt 0.350447 0.804271
vt 0.838086 0.054763
vt 0.838086 0.068803
vt 0.835097 0.068804
vt 0.835097 0.054764
vt 0.184974 0.988588
vt 0.193480 0.988740
vt 0.196007 0.991344
vt 0.182452 0.991101
vt 0.988837 0.686714
vt 0.997343 0.686833
vt 0.999870 0.689427
vt 0.986314 0.689237
vt 0.988835 0.881082
vt 0.997342 0.881168
vt 0.999869 0.883751
vt 0.986312 0.883614
vt 0.426616 0.997037
vt 0.435123 0.997090
vt 0.437650 0.999664
vt 0.424093 0.999579
vt 0.803158 0.997381
vt 0.811665 0.997401
vt 0.814193 0.999965
vt 0.800635 0.999933
vt 0.979285 0.969400
vt 0.987825 0.969569
vt 0.990352 0.972178
vt 0.976762 0.971908
vt 0.193480 0.975791
vt 0.184949 0.975638
vt 0.182417 0.973034
vt 0.196007 0.973278
vt 0.980741 0.232431
vt 0.989282 0.232568
vt 0.991809 0.235166
vt 0.978218 0.234949
vt 0.997343 0.673884
vt 0.988811 0.673765
vt 0.986279 0.671171
vt 0.999870 0.671362
vt 0.988837 0.422222
vt 0.997379 0.422325
vt 0.999906 0.424913
vt 0.986315 0.424749
vt 0.997342 0.868219
vt 0.988810 0.868133
vt 0.986277 0.865549
vt 0.999869 0.865687
vt 0.988838 0.634896
vt 0.997380 0.634966
vt 0.999908 0.637544
vt 0.986315 0.637433
vt 0.435123 0.984142
vt 0.426591 0.984089
vt 0.424058 0.981515
vt 0.437650 0.981600
vt 0.354265 0.996341
vt 0.362807 0.996378
vt 0.365335 0.998947
vt 0.351742 0.998888
vt 0.811665 0.984454
vt 0.803132 0.984434
vt 0.800600 0.981870
vt 0.814193 0.981902
vt 0.987825 0.956619
vt 0.979260 0.956449
vt 0.976727 0.953840
vt 0.990352 0.954111
vt 0.132213 0.983619
vt 0.140789 0.983773
vt 0.143316 0.986376
vt 0.129690 0.986132
vt 0.989282 0.219618
vt 0.980716 0.219481
vt 0.978183 0.216883
vt 0.991809 0.217101
vt 0.896142 0.987642
vt 0.904718 0.987762
vt 0.907246 0.990355
vt 0.893619 0.990164
vt 0.997379 0.409376
vt 0.988812 0.409273
vt 0.986279 0.406684
vt 0.999906 0.406849
vt 0.390440 0.991546
vt 0.399017 0.991633
vt 0.401545 0.994216
vt 0.387918 0.994078
vt 0.997380 0.622017
vt 0.988813 0.621947
vt 0.986280 0.619369
vt 0.999908 0.619480
vt 0.988837 0.704949
vt 0.997414 0.705002
vt 0.999942 0.707576
vt 0.986314 0.707491
vt 0.362807 0.983430
vt 0.354240 0.983393
vt 0.351707 0.980825
vt 0.365335 0.980883
vt 0.988858 0.492144
vt 0.997436 0.492164
vt 0.999963 0.494728
vt 0.986335 0.494696
vt 0.340405 0.978559
vt 0.349016 0.978730
vt 0.351543 0.981339
vt 0.337883 0.981067
vt 0.140789 0.970823
vt 0.132188 0.970669
vt 0.129655 0.968065
vt 0.143316 0.968310
vt 0.467684 0.982804
vt 0.476295 0.982942
vt 0.478822 0.985540
vt 0.465161 0.985322
vt 0.904718 0.974813
vt 0.896116 0.974692
vt 0.893584 0.972099
vt 0.907246 0.972290
vt 0.980241 0.349098
vt 0.988854 0.349202
vt 0.991381 0.351790
vt 0.977719 0.351625
vt 0.399017 0.978684
vt 0.390415 0.978597
vt 0.387883 0.976013
vt 0.401545 0.976152
vt 0.980744 0.122615
vt 0.989356 0.122685
vt 0.991884 0.125264
vt 0.978221 0.125152
vt 0.997414 0.692054
vt 0.988811 0.692000
vt 0.986279 0.689427
vt 0.999942 0.689512
vt 0.988838 0.580303
vt 0.997451 0.580340
vt 0.999978 0.582908
vt 0.986315 0.582850
vt 0.997436 0.479217
vt 0.988833 0.479196
vt 0.986300 0.476633
vt 0.999963 0.476665
vt 0.349016 0.965780
vt 0.340380 0.965609
vt 0.337848 0.963000
vt 0.351543 0.963272
vt 0.910122 0.969503
vt 0.918768 0.969658
vt 0.921295 0.972261
vt 0.907599 0.972016
vt 0.476295 0.969992
vt 0.467658 0.969854
vt 0.465126 0.967256
vt 0.478822 0.967474
vt 0.259238 0.981348
vt 0.267885 0.981470
vt 0.270412 0.984063
vt 0.256715 0.983871
vt 0.988854 0.336253
vt 0.980216 0.336149
vt 0.977684 0.333560
vt 0.991381 0.333726
vt 0.041454 0.983702
vt 0.050102 0.983789
vt 0.052629 0.986373
vt 0.038932 0.986234
vt 0.989356 0.109737
vt 0.980718 0.109667
vt 0.978186 0.107088
vt 0.991884 0.107200
vt 0.910121 0.987783
vt 0.918769 0.987837
vt 0.921297 0.990411
vt 0.907599 0.990325
vt 0.997451 0.567392
vt 0.988813 0.567355
vt 0.986280 0.564786
vt 0.999978 0.564845
vt 0.987827 0.052011
vt 0.996475 0.052031
vt 0.999003 0.054595
vt 0.985305 0.054563
vt 0.340405 0.960219
vt 0.349086 0.960392
vt 0.351614 0.963000
vt 0.337883 0.962727
vt 0.918768 0.956708
vt 0.910096 0.956553
vt 0.907564 0.953949
vt 0.921295 0.954195
vt 0.896142 0.969362
vt 0.904823 0.969500
vt 0.907351 0.972099
vt 0.893619 0.971879
vt 0.267885 0.968521
vt 0.259213 0.968399
vt 0.256680 0.965806
vt 0.270412 0.965998
vt 0.763460 0.979180
vt 0.772142 0.979285
vt 0.774670 0.981873
vt 0.760937 0.981707
vt 0.050102 0.970841
vt 0.041429 0.970753
vt 0.038897 0.968170
vt 0.052629 0.968309
vt 0.079385 0.983456
vt 0.088068 0.983527
vt 0.090595 0.986106
vt 0.076862 0.985993
vt 0.918769 0.974889
vt 0.910096 0.974835
vt 0.907564 0.972262
vt 0.921297 0.972347
vt 0.937889 0.987564
vt 0.946573 0.987601
vt 0.949100 0.990170
vt 0.935367 0.990111
vt 0.996475 0.039083
vt 0.987802 0.039063
vt 0.985269 0.036499
vt 0.999003 0.036532
vt 0.349086 0.947441
vt 0.340380 0.947268
vt 0.337848 0.944660
vt 0.351614 0.944933
vt 0.946491 0.052053
vt 0.955207 0.052209
vt 0.957735 0.054813
vt 0.943968 0.054566
vt 0.904823 0.956551
vt 0.896116 0.956412
vt 0.893584 0.953813
vt 0.907351 0.954033
vt 0.959941 0.286744
vt 0.968658 0.286866
vt 0.971186 0.289459
vt 0.957418 0.289266
vt 0.772142 0.966336
vt 0.763434 0.966231
vt 0.760902 0.963642
vt 0.774670 0.963809
vt 0.515725 0.973347
vt 0.524443 0.973436
vt 0.526971 0.976019
vt 0.513203 0.975879
vt 0.088068 0.970579
vt 0.079359 0.970508
vt 0.076827 0.967929
vt 0.090595 0.968042
vt 0.633768 0.982291
vt 0.642487 0.982345
vt 0.645014 0.984919
vt 0.631246 0.984833
vt 0.946573 0.974653
vt 0.937864 0.974616
vt 0.935331 0.972047
vt 0.949100 0.972106
vt 0.979292 0.951035
vt 0.988010 0.951056
vt 0.990538 0.953620
vt 0.976769 0.953587
vt 0.879271 0.932960
vt 0.888022 0.933133
vt 0.890549 0.935742
vt 0.876748 0.935468
vt 0.955207 0.039259
vt 0.946466 0.039103
vt 0.943933 0.036499
vt 0.957735 0.036747
vt 0.910122 0.951211
vt 0.918874 0.951351
vt 0.921401 0.953949
vt 0.907599 0.953729
vt 0.968658 0.273917
vt 0.959916 0.273794
vt 0.957383 0.271201
vt 0.971186 0.271394
vt 0.158144 0.965359
vt 0.166897 0.965465
vt 0.169424 0.968054
vt 0.155621 0.967887
vt 0.524443 0.960487
vt 0.515700 0.960399
vt 0.513168 0.957815
vt 0.526971 0.957955
vt 0.923993 0.969422
vt 0.932747 0.969494
vt 0.935274 0.972072
vt 0.921471 0.971959
vt 0.642487 0.969397
vt 0.633743 0.969343
vt 0.631211 0.966769
vt 0.645014 0.966855
vt 0.973822 0.033671
vt 0.982576 0.033708
vt 0.985103 0.036277
vt 0.971299 0.036218
vt 0.988010 0.938108
vt 0.979266 0.938088
vt 0.976734 0.935524
vt 0.990538 0.935557
vt 0.888022 0.920183
vt 0.879246 0.920009
vt 0.876713 0.917400
vt 0.890549 0.917675
vt 0.918271 0.033708
vt 0.927058 0.033865
vt 0.929586 0.036469
vt 0.915749 0.036221
vt 0.918874 0.938402
vt 0.910096 0.938261
vt 0.907564 0.935663
vt 0.921401 0.935884
vt 0.467684 0.946278
vt 0.476471 0.946401
vt 0.478999 0.948994
vt 0.465161 0.948800
vt 0.166897 0.952516
vt 0.158119 0.952410
vt 0.155586 0.949822
vt 0.169424 0.949989
vt 0.949950 0.268385
vt 0.958738 0.268474
vt 0.961266 0.271058
vt 0.947427 0.270917
vt 0.932747 0.956546
vt 0.923968 0.956474
vt 0.921436 0.953895
vt 0.935274 0.954009
vt 0.960934 0.015522
vt 0.969723 0.015577
vt 0.972250 0.018150
vt 0.958411 0.018064
vt 0.982576 0.020761
vt 0.973797 0.020723
vt 0.971264 0.018154
vt 0.985103 0.018214
vt 0.965814 0.932912
vt 0.974603 0.932933
vt 0.977131 0.935496
vt 0.963291 0.935464
vt 0.848553 0.286760
vt 0.857374 0.286935
vt 0.859902 0.289544
vt 0.846030 0.289268
vt 0.927058 0.020916
vt 0.918246 0.020758
vt 0.915714 0.018154
vt 0.929586 0.018403
vt 0.904364 0.033702
vt 0.913186 0.033843
vt 0.915714 0.036442
vt 0.901841 0.036220
vt 0.476471 0.933452
vt 0.467658 0.933328
vt 0.465126 0.930735
vt 0.478999 0.930929
vt 0.932144 0.033692
vt 0.940967 0.033798
vt 0.943494 0.036387
vt 0.929621 0.036219
vt 0.958738 0.255526
vt 0.949925 0.255436
vt 0.947392 0.252853
vt 0.961266 0.252993
vt 0.946052 0.033681
vt 0.954876 0.033753
vt 0.957403 0.036332
vt 0.943530 0.036218
vt 0.969723 0.002629
vt 0.960909 0.002574
vt 0.958376 0.000000
vt 0.972250 0.000087
vt 0.404506 0.966619
vt 0.413330 0.966657
vt 0.415858 0.969226
vt 0.401984 0.969166
vt 0.974603 0.919985
vt 0.965789 0.919964
vt 0.963256 0.917400
vt 0.977131 0.917433
vt 0.857374 0.273985
vt 0.848527 0.273809
vt 0.845995 0.271201
vt 0.859902 0.271477
vt 0.820631 0.286755
vt 0.829489 0.286913
vt 0.832016 0.289517
vt 0.818109 0.289268
vt 0.913186 0.020894
vt 0.904338 0.020753
vt 0.901806 0.018154
vt 0.915714 0.018376
vt 0.880329 0.268396
vt 0.889187 0.268520
vt 0.891714 0.271113
vt 0.877806 0.270918
vt 0.940967 0.020850
vt 0.932118 0.020743
vt 0.929586 0.018154
vt 0.943494 0.018322
vt 0.847290 0.932932
vt 0.856149 0.933022
vt 0.858676 0.935606
vt 0.844768 0.935465
vt 0.954876 0.020805
vt 0.946027 0.020733
vt 0.943494 0.018154
vt 0.957403 0.018268
vt 0.847290 0.951127
vt 0.856149 0.951183
vt 0.858677 0.953756
vt 0.844768 0.953669
vt 0.413330 0.953709
vt 0.404481 0.953671
vt 0.401948 0.951102
vt 0.415858 0.951162
vt 0.951869 0.932912
vt 0.960729 0.932933
vt 0.963256 0.935497
vt 0.949347 0.935464
vt 0.698433 0.268412
vt 0.707325 0.268589
vt 0.709853 0.271197
vt 0.695911 0.270920
vt 0.829489 0.273964
vt 0.820606 0.273804
vt 0.818074 0.271201
vt 0.832016 0.271451
vt 0.796390 0.268401
vt 0.805282 0.268543
vt 0.807810 0.271142
vt 0.793867 0.270919
vt 0.889187 0.255571
vt 0.880304 0.255446
vt 0.877771 0.252853
vt 0.891714 0.253048
vt 0.862459 0.286738
vt 0.871353 0.286846
vt 0.873881 0.289434
vt 0.859937 0.289266
vt 0.856149 0.920074
vt 0.847265 0.919984
vt 0.844732 0.917400
vt 0.858676 0.917542
vt 0.489794 0.918740
vt 0.498689 0.918812
vt 0.501216 0.921391
vt 0.487272 0.921277
vt 0.856149 0.938235
vt 0.847265 0.938179
vt 0.844732 0.935606
vt 0.858677 0.935693
vt 0.937889 0.932917
vt 0.946784 0.932955
vt 0.949311 0.935524
vt 0.935367 0.935464
vt 0.960729 0.919985
vt 0.951844 0.919964
vt 0.949311 0.917400
vt 0.963256 0.917433
vt 0.707325 0.255638
vt 0.698408 0.255461
vt 0.695875 0.252853
vt 0.709853 0.253130
vt 0.670420 0.268407
vt 0.679348 0.268567
vt 0.681876 0.271170
vt 0.667898 0.270920
vt 0.805283 0.255594
vt 0.796364 0.255451
vt 0.793832 0.252853
vt 0.807810 0.253076
vt 0.764446 0.286744
vt 0.773374 0.286869
vt 0.775902 0.289462
vt 0.761923 0.289266
vt 0.871353 0.273897
vt 0.862434 0.273789
vt 0.859902 0.271201
vt 0.873881 0.271370
vt 0.838383 0.268385
vt 0.847312 0.268476
vt 0.849840 0.271059
vt 0.835860 0.270917
vt 0.498689 0.905864
vt 0.489769 0.905791
vt 0.487237 0.903213
vt 0.501216 0.903327
vt 0.904348 0.286723
vt 0.913277 0.286778
vt 0.915805 0.289352
vt 0.901825 0.289265
vt 0.946784 0.920007
vt 0.937864 0.919969
vt 0.935331 0.917400
vt 0.949311 0.917461
vt 0.515725 0.936996
vt 0.524655 0.937017
vt 0.527183 0.939580
vt 0.513203 0.939547
vt 0.600206 0.268414
vt 0.609169 0.268592
vt 0.611696 0.271201
vt 0.597684 0.270923
vt 0.679348 0.255617
vt 0.670395 0.255456
vt 0.667862 0.252853
vt 0.681876 0.253104
vt 0.656372 0.268401
vt 0.665335 0.268544
vt 0.667862 0.271143
vt 0.653849 0.270919
vt 0.773374 0.273920
vt 0.764421 0.273794
vt 0.761888 0.271201
vt 0.775902 0.271397
vt 0.736419 0.286738
vt 0.745383 0.286847
vt 0.747910 0.289435
vt 0.733896 0.289266
vt 0.847312 0.255527
vt 0.838358 0.255436
vt 0.835825 0.252853
vt 0.849840 0.252995
vt 0.820616 0.051972
vt 0.829581 0.052046
vt 0.832108 0.054624
vt 0.818093 0.054509
vt 0.913277 0.273830
vt 0.904322 0.273774
vt 0.901790 0.271201
vt 0.915805 0.271288
vt 0.876896 0.015517
vt 0.885861 0.015555
vt 0.888389 0.018124
vt 0.874374 0.018064
vt 0.524655 0.924069
vt 0.515700 0.924048
vt 0.513168 0.921484
vt 0.527183 0.921517
vt 0.609169 0.255642
vt 0.600181 0.255464
vt 0.597649 0.252855
vt 0.611696 0.253134
vt 0.502115 0.404071
vt 0.511113 0.404232
vt 0.513641 0.406835
vt 0.499592 0.406584
vt 0.665335 0.255595
vt 0.656346 0.255451
vt 0.653814 0.252853
vt 0.667862 0.253077
vt 0.637986 0.286744
vt 0.646985 0.286870
vt 0.649513 0.289463
vt 0.635464 0.289266
vt 0.745383 0.273898
vt 0.736393 0.273789
vt 0.733861 0.271201
vt 0.747910 0.271370
vt 0.694226 0.286733
vt 0.703226 0.286824
vt 0.705753 0.289408
vt 0.691703 0.289265
vt 0.829581 0.039097
vt 0.820591 0.039024
vt 0.818058 0.036445
vt 0.832108 0.036560
vt 0.792509 0.286723
vt 0.801510 0.286779
vt 0.804037 0.289352
vt 0.789987 0.289265
vt 0.885861 0.002607
vt 0.876871 0.002569
vt 0.874338 0.000000
vt 0.888389 0.000060
vt 0.848738 0.015512
vt 0.857739 0.015533
vt 0.860266 0.018097
vt 0.846216 0.018063
vt 0.511113 0.391282
vt 0.502090 0.391120
vt 0.499557 0.388517
vt 0.513641 0.388769
vt 0.646985 0.273921
vt 0.637961 0.273794
vt 0.635428 0.271201
vt 0.649513 0.271398
vt 0.703226 0.273876
vt 0.694201 0.273784
vt 0.691668 0.271201
vt 0.705753 0.271344
vt 0.801510 0.273831
vt 0.792484 0.273774
vt 0.789952 0.271201
vt 0.804037 0.271289
vt 0.857739 0.002585
vt 0.848713 0.002564
vt 0.846180 0.000000
vt 0.860266 0.000033
vt 0.499564 0.410508
vt 0.499557 0.406835
vt 0.502116 0.406881
vt 0.502116 0.410553
vt 0.502121 0.414226
vt 0.502114 0.410553
vt 0.504673 0.410589
vt 0.504673 0.414261
vt 0.402638 0.507262
vt 0.402630 0.503590
vt 0.405190 0.503616
vt 0.405190 0.507288
vt 0.509768 0.410537
vt 0.509761 0.406865
vt 0.512320 0.406881
vt 0.512320 0.410553
vt 0.517434 0.410537
vt 0.517427 0.406865
vt 0.519986 0.406871
vt 0.519986 0.410543
vt 0.504680 0.414226
vt 0.504673 0.410553
vt 0.507222 0.410604
vt 0.507222 0.414277
vt 0.504680 0.410507
vt 0.504673 0.406835
vt 0.507222 0.406876
vt 0.507222 0.410548
vt 0.507229 0.414246
vt 0.507222 0.410574
vt 0.509771 0.410604
vt 0.509771 0.414277
vt 0.514884 0.410537
vt 0.514877 0.406865
vt 0.517427 0.406886
vt 0.517427 0.410558
vt 0.195388 0.554643
vt 0.195381 0.550971
vt 0.197931 0.550982
vt 0.197931 0.554654
vt 0.507229 0.410508
vt 0.507222 0.406835
vt 0.509761 0.406881
vt 0.509761 0.410553
vt 0.514861 0.414246
vt 0.514854 0.410574
vt 0.517393 0.410609
vt 0.517393 0.414281
vt 0.267976 0.551040
vt 0.267969 0.547368
vt 0.270508 0.547393
vt 0.270508 0.551065
vt 0.529121 0.564230
vt 0.529114 0.560558
vt 0.531654 0.560574
vt 0.531654 0.564246
vt 0.600183 0.246826
vt 0.600175 0.243154
vt 0.602715 0.243160
vt 0.602715 0.246832
vt 0.517400 0.414246
vt 0.517393 0.410574
vt 0.519922 0.410624
vt 0.519922 0.414296
vt 0.265432 0.551085
vt 0.265425 0.547412
vt 0.267954 0.547453
vt 0.267954 0.551125
vt 0.529121 0.567918
vt 0.529114 0.564246
vt 0.531643 0.564276
vt 0.531643 0.567948
vt 0.600172 0.250529
vt 0.600165 0.246857
vt 0.602695 0.246878
vt 0.602695 0.250550
vt 0.610247 0.246836
vt 0.610239 0.243164
vt 0.612769 0.243175
vt 0.612769 0.246847
vt 0.529132 0.571621
vt 0.529124 0.567948
vt 0.531643 0.567994
vt 0.531643 0.571666
vt 0.602702 0.250530
vt 0.602695 0.246857
vt 0.605214 0.246893
vt 0.605214 0.250565
vt 0.612763 0.250544
vt 0.612756 0.246872
vt 0.615275 0.246897
vt 0.615275 0.250569
vt 0.617820 0.246846
vt 0.617813 0.243174
vt 0.620333 0.243190
vt 0.620333 0.246861
vt 0.626093 0.246817
vt 0.626086 0.243146
vt 0.628606 0.243152
vt 0.628606 0.246823
vt 0.605221 0.250515
vt 0.605214 0.246842
vt 0.607723 0.246892
vt 0.607723 0.250565
vt 0.615283 0.250544
vt 0.615275 0.246872
vt 0.617785 0.246912
vt 0.617785 0.250584
vt 0.620298 0.250554
vt 0.620291 0.246882
vt 0.622801 0.246912
vt 0.622801 0.250584
vt 0.267858 0.628404
vt 0.267851 0.624732
vt 0.270360 0.624753
vt 0.270360 0.628424
vt 0.633627 0.246842
vt 0.633620 0.243171
vt 0.636129 0.243181
vt 0.636129 0.246853
vt 0.622808 0.250540
vt 0.622801 0.246867
vt 0.625300 0.246912
vt 0.625300 0.250584
vt 0.627803 0.250540
vt 0.627796 0.246867
vt 0.630295 0.246902
vt 0.630295 0.250574
vt 0.529220 0.636524
vt 0.529212 0.632852
vt 0.531712 0.632878
vt 0.531712 0.636549
vt 0.529220 0.640221
vt 0.529212 0.636549
vt 0.531712 0.636565
vt 0.531712 0.640237
vt 0.637943 0.307395
vt 0.637936 0.303723
vt 0.640435 0.303729
vt 0.640435 0.307401
vt 0.630302 0.250540
vt 0.630295 0.246867
vt 0.632784 0.246917
vt 0.632784 0.250589
vt 0.635278 0.250550
vt 0.635271 0.246878
vt 0.637760 0.246917
vt 0.637760 0.250590
vt 0.638633 0.246843
vt 0.638626 0.243171
vt 0.641115 0.243201
vt 0.641115 0.246873
vt 0.641413 0.307390
vt 0.641406 0.303718
vt 0.643896 0.303738
vt 0.643896 0.307410
vt 0.646400 0.307390
vt 0.646393 0.303718
vt 0.648883 0.303729
vt 0.648883 0.307400
vt 0.640254 0.250550
vt 0.640247 0.246877
vt 0.642725 0.246922
vt 0.642725 0.250594
vt 0.643620 0.246824
vt 0.643613 0.243152
vt 0.646092 0.243186
vt 0.646092 0.246859
vt 0.648576 0.246833
vt 0.648569 0.243161
vt 0.651048 0.243187
vt 0.651048 0.246859
vt 0.652007 0.307392
vt 0.652000 0.303720
vt 0.654480 0.303735
vt 0.654480 0.307407
vt 0.656964 0.307392
vt 0.656957 0.303720
vt 0.659436 0.303726
vt 0.659436 0.307398
vt 0.645209 0.250550
vt 0.645202 0.246877
vt 0.647671 0.246926
vt 0.647671 0.250599
vt 0.650145 0.250560
vt 0.650138 0.246888
vt 0.652607 0.246927
vt 0.652607 0.250599
vt 0.653533 0.246834
vt 0.653525 0.243161
vt 0.655995 0.243191
vt 0.655995 0.246863
vt 0.658469 0.246833
vt 0.658462 0.243161
vt 0.660931 0.243182
vt 0.660931 0.246854
vt 0.605259 0.246826
vt 0.605252 0.243154
vt 0.607722 0.243165
vt 0.607722 0.246837
vt 0.655081 0.250560
vt 0.655073 0.246887
vt 0.657532 0.246931
vt 0.657532 0.250603
vt 0.659444 0.307363
vt 0.659436 0.303691
vt 0.661896 0.303725
vt 0.661896 0.307398
vt 0.663591 0.307384
vt 0.663584 0.303712
vt 0.666043 0.303737
vt 0.666043 0.307409
vt 0.669816 0.250559
vt 0.669809 0.246887
vt 0.672269 0.246902
vt 0.672269 0.250574
vt 0.673412 0.307396
vt 0.673405 0.303724
vt 0.675865 0.303730
vt 0.675865 0.307402
vt 0.659996 0.250560
vt 0.659989 0.246887
vt 0.662438 0.246936
vt 0.662438 0.250608
vt 0.665873 0.246805
vt 0.665866 0.243133
vt 0.668315 0.243172
vt 0.668315 0.246844
vt 0.670769 0.246805
vt 0.670762 0.243133
vt 0.673211 0.243162
vt 0.673211 0.246834
vt 0.675665 0.246804
vt 0.675658 0.243133
vt 0.678108 0.243153
vt 0.678108 0.246824
vt 0.680544 0.246843
vt 0.680537 0.243171
vt 0.682986 0.243181
vt 0.682986 0.246853
vt 0.672276 0.250560
vt 0.672269 0.246887
vt 0.674708 0.246931
vt 0.674708 0.250603
vt 0.677152 0.250559
vt 0.677144 0.246887
vt 0.679584 0.246921
vt 0.679584 0.250593
vt 0.680983 0.307384
vt 0.680976 0.303712
vt 0.683415 0.303737
vt 0.683415 0.307408
vt 0.683423 0.307384
vt 0.683415 0.303712
vt 0.685855 0.303727
vt 0.685855 0.307399
vt 0.685862 0.307393
vt 0.685855 0.303721
vt 0.688295 0.303727
vt 0.688295 0.307399
vt 0.678115 0.246805
vt 0.678108 0.243133
vt 0.680537 0.243181
vt 0.680537 0.246853
vt 0.682028 0.250559
vt 0.682021 0.246887
vt 0.684450 0.246926
vt 0.684450 0.250598
vt 0.684457 0.250569
vt 0.684450 0.246897
vt 0.686879 0.246926
vt 0.686879 0.250598
vt 0.686886 0.250569
vt 0.686879 0.246897
vt 0.689309 0.246917
vt 0.689309 0.250588
vt 0.688302 0.307393
vt 0.688295 0.303721
vt 0.690724 0.303732
vt 0.690724 0.307404
vt 0.268222 0.478780
vt 0.268215 0.475108
vt 0.270634 0.475151
vt 0.270634 0.478823
vt 0.198177 0.486040
vt 0.198170 0.482368
vt 0.200589 0.482402
vt 0.200589 0.486074
vt 0.198177 0.489746
vt 0.198170 0.486074
vt 0.200590 0.486098
vt 0.200590 0.489770
vt 0.198177 0.497139
vt 0.198170 0.493467
vt 0.200590 0.493482
vt 0.200590 0.497154
vt 0.268220 0.504208
vt 0.268213 0.500536
vt 0.270633 0.500542
vt 0.270633 0.504214
vt 0.322501 0.509779
vt 0.309536 0.509779
vt 0.314055 0.428689
vt 0.317732 0.428689
vt 0.593154 0.631643
vt 0.580188 0.631643
vt 0.584478 0.550599
vt 0.588154 0.550599
vt 0.235469 0.884876
vt 0.226529 0.884876
vt 0.229627 0.796722
vt 0.232162 0.796722
vt 0.116690 0.773521
vt 0.103725 0.773521
vt 0.108527 0.695481
vt 0.112204 0.695481
vt 0.722808 0.628682
vt 0.709842 0.628682
vt 0.714951 0.550581
vt 0.718628 0.550581
vt 0.890369 0.158860
vt 0.881439 0.158860
vt 0.884596 0.070706
vt 0.887129 0.070706
vt 0.338742 0.428819
vt 0.351707 0.428819
vt 0.347073 0.509909
vt 0.343396 0.509909
vt 0.296571 0.633507
vt 0.283606 0.633507
vt 0.288011 0.552463
vt 0.291687 0.552463
vt 0.222504 0.884875
vt 0.213564 0.884875
vt 0.216680 0.796721
vt 0.219216 0.796721
vt 0.025931 0.773526
vt 0.012966 0.773526
vt 0.017615 0.695486
vt 0.021292 0.695486
vt 0.727303 0.078102
vt 0.714338 0.078102
vt 0.719293 0.000000
vt 0.722970 0.000000
vt 0.880833 0.652940
vt 0.889764 0.652940
vt 0.886587 0.741093
vt 0.884054 0.741093
vt 0.411093 0.429244
vt 0.424058 0.429245
vt 0.419309 0.510335
vt 0.415632 0.510335
vt 0.438096 0.553746
vt 0.451061 0.553746
vt 0.446542 0.634791
vt 0.442865 0.634791
vt 0.881435 0.250260
vt 0.872494 0.250260
vt 0.875628 0.162106
vt 0.878164 0.162106
vt 0.727301 0.240209
vt 0.714336 0.240209
vt 0.719139 0.162106
vt 0.722816 0.162106
vt 0.880823 0.388479
vt 0.889754 0.388479
vt 0.886559 0.476633
vt 0.884026 0.476633
vt 0.309536 0.633512
vt 0.296572 0.633512
vt 0.301206 0.552468
vt 0.304883 0.552468
vt 0.880824 0.385224
vt 0.871883 0.385224
vt 0.875036 0.297071
vt 0.877571 0.297071
vt 0.727305 0.159151
vt 0.714340 0.159151
vt 0.718990 0.081049
vt 0.722666 0.081049
vt 0.889755 0.385225
vt 0.880824 0.385225
vt 0.884036 0.297071
vt 0.886569 0.297071
vt 0.169451 0.559728
vt 0.182415 0.559728
vt 0.177666 0.640772
vt 0.173989 0.640772
vt 0.871866 0.741093
vt 0.880832 0.741093
vt 0.877690 0.829247
vt 0.875147 0.829247
vt 0.735773 0.466572
vt 0.722806 0.466572
vt 0.728144 0.388479
vt 0.731821 0.388479
vt 0.666956 0.878608
vt 0.657980 0.878608
vt 0.661080 0.790454
vt 0.663626 0.790454
vt 0.610614 0.243154
vt 0.597649 0.243154
vt 0.601881 0.162106
vt 0.605558 0.162106
vt 0.871866 0.652940
vt 0.880833 0.652940
vt 0.877670 0.741093
vt 0.875128 0.741093
vt 0.735772 0.547636
vt 0.722806 0.547636
vt 0.727991 0.469541
vt 0.731668 0.469541
vt 0.696876 0.790429
vt 0.705852 0.790430
vt 0.702731 0.878583
vt 0.700186 0.878583
vt 0.623580 0.081049
vt 0.610614 0.081049
vt 0.614961 0.000000
vt 0.618638 0.000000
vt 0.460028 0.878911
vt 0.451061 0.878911
vt 0.454241 0.790758
vt 0.456784 0.790758
vt 0.735774 0.385507
vt 0.722808 0.385507
vt 0.727840 0.307412
vt 0.731517 0.307412
vt 0.261436 0.789499
vt 0.270412 0.789499
vt 0.267275 0.877652
vt 0.264729 0.877652
vt 0.632049 0.550590
vt 0.619083 0.550590
vt 0.623546 0.469541
vt 0.627222 0.469541
vt 0.653981 0.878615
vt 0.645014 0.878615
vt 0.648213 0.790462
vt 0.650756 0.790462
vt 0.735772 0.709665
vt 0.722807 0.709665
vt 0.727686 0.631569
vt 0.731362 0.631569
vt 0.252459 0.789499
vt 0.261436 0.789499
vt 0.258280 0.877652
vt 0.255734 0.877652
vt 0.619083 0.631643
vt 0.606118 0.631643
vt 0.610695 0.550594
vt 0.614372 0.550594
vt 0.679912 0.878612
vt 0.670945 0.878612
vt 0.674162 0.790458
vt 0.676705 0.790458
vt 0.735773 0.628678
vt 0.722808 0.628678
vt 0.727534 0.550581
vt 0.731211 0.550581
vt 0.576199 0.875803
vt 0.567222 0.875803
vt 0.570397 0.787649
vt 0.572943 0.787649
vt 0.986300 0.564786
vt 0.977681 0.564786
vt 0.980654 0.476633
vt 0.983099 0.476633
vt 0.606118 0.631644
vt 0.593154 0.631644
vt 0.597845 0.550595
vt 0.601522 0.550595
vt 0.872498 0.158860
vt 0.863486 0.158860
vt 0.866591 0.070706
vt 0.869146 0.070706
vt 0.986278 0.829247
vt 0.977658 0.829247
vt 0.980650 0.741093
vt 0.983094 0.741093
vt 0.526134 0.737224
vt 0.513168 0.737224
vt 0.518429 0.659136
vt 0.522106 0.659136
vt 0.589189 0.875790
vt 0.580188 0.875790
vt 0.583352 0.787637
vt 0.585905 0.787637
vt 0.986279 0.476633
vt 0.977660 0.476633
vt 0.980670 0.388479
vt 0.983114 0.388479
vt 0.387883 0.604330
vt 0.374917 0.604330
vt 0.379207 0.523277
vt 0.382883 0.523277
vt 0.872494 0.250260
vt 0.863482 0.250260
vt 0.866605 0.162106
vt 0.869161 0.162106
vt 0.609939 0.896104
vt 0.618559 0.896103
vt 0.615531 0.984257
vt 0.613087 0.984257
vt 0.513168 0.737236
vt 0.500202 0.737236
vt 0.505310 0.659147
vt 0.508987 0.659147
vt 0.709841 0.787546
vt 0.718843 0.787546
vt 0.715661 0.875699
vt 0.713108 0.875699
vt 0.969563 0.162106
vt 0.978183 0.162106
vt 0.975136 0.250260
vt 0.972691 0.250260
vt 0.606118 0.550595
vt 0.593153 0.550595
vt 0.597558 0.469541
vt 0.601234 0.469541
vt 0.871883 0.385224
vt 0.862870 0.385224
vt 0.866012 0.297071
vt 0.868568 0.297071
vt 0.213564 0.884875
vt 0.222218 0.884875
vt 0.219241 0.973028
vt 0.216787 0.973028
vt 0.487237 0.659151
vt 0.500202 0.659150
vt 0.495246 0.737240
vt 0.491570 0.737240
vt 0.744774 0.875673
vt 0.735772 0.875673
vt 0.738973 0.787520
vt 0.741526 0.787520
vt 0.977681 0.564786
vt 0.969036 0.564786
vt 0.972073 0.476633
vt 0.974524 0.476633
vt 0.610614 0.162106
vt 0.597649 0.162106
vt 0.602168 0.081053
vt 0.605845 0.081053
vt 0.862854 0.652940
vt 0.871866 0.652940
vt 0.868705 0.741093
vt 0.866149 0.741093
vt 0.969566 0.158860
vt 0.960911 0.158860
vt 0.963906 0.070706
vt 0.966360 0.070706
vt 0.487236 0.737241
vt 0.474271 0.737241
vt 0.479073 0.659151
vt 0.482750 0.659151
vt 0.770706 0.875483
vt 0.761704 0.875483
vt 0.764924 0.787330
vt 0.767477 0.787330
vt 0.977658 0.917400
vt 0.969013 0.917400
vt 0.972068 0.829247
vt 0.974520 0.829247
vt 0.619085 0.469533
vt 0.606120 0.469533
vt 0.610754 0.388479
vt 0.614431 0.388479
vt 0.365772 0.781433
vt 0.374784 0.781433
vt 0.371605 0.869586
vt 0.369049 0.869586
vt 0.969563 0.250260
vt 0.960908 0.250260
vt 0.963921 0.162106
vt 0.966376 0.162106
vt 0.740268 0.078090
vt 0.727303 0.078090
vt 0.731952 0.000000
vt 0.735629 0.000000
vt 0.809602 0.875431
vt 0.800600 0.875431
vt 0.803839 0.787278
vt 0.806392 0.787278
vt 0.977660 0.652940
vt 0.969015 0.652940
vt 0.972089 0.564786
vt 0.974541 0.564786
vt 0.623579 0.243160
vt 0.610614 0.243160
vt 0.615364 0.162106
vt 0.619040 0.162106
vt 0.401948 0.774795
vt 0.410985 0.774795
vt 0.407817 0.862949
vt 0.405254 0.862949
vt 0.969013 0.829247
vt 0.960357 0.829247
vt 0.963389 0.741093
vt 0.965844 0.741093
vt 0.740268 0.240187
vt 0.727301 0.240187
vt 0.732639 0.162106
vt 0.736316 0.162106
vt 0.099806 0.861677
vt 0.090759 0.861677
vt 0.093885 0.773523
vt 0.096451 0.773523
vt 0.826530 0.885759
vt 0.835175 0.885759
vt 0.832083 0.973913
vt 0.829631 0.973913
vt 0.364673 0.590961
vt 0.351707 0.590961
vt 0.355939 0.509904
vt 0.359616 0.509904
vt 0.862868 0.564786
vt 0.853830 0.564786
vt 0.857017 0.476633
vt 0.859580 0.476633
vt 0.960359 0.564786
vt 0.969015 0.564786
vt 0.965964 0.652940
vt 0.963509 0.652940
vt 0.740271 0.159130
vt 0.727305 0.159130
vt 0.732490 0.081049
vt 0.736167 0.081049
vt 0.125738 0.861676
vt 0.116690 0.861676
vt 0.119835 0.773522
vt 0.122401 0.773522
vt 0.191062 0.973034
vt 0.182417 0.973034
vt 0.185527 0.884881
vt 0.187978 0.884881
vt 0.437024 0.591388
vt 0.424058 0.591388
vt 0.428405 0.510330
vt 0.432082 0.510330
vt 0.862869 0.476633
vt 0.853831 0.476633
vt 0.857036 0.388479
vt 0.859599 0.388479
vt 0.969039 0.385224
vt 0.960359 0.385224
vt 0.963399 0.297071
vt 0.965860 0.297071
vt 0.748738 0.466562
vt 0.735773 0.466562
vt 0.740804 0.388479
vt 0.744481 0.388479
vt 0.103725 0.773521
vt 0.112773 0.773521
vt 0.109609 0.861674
vt 0.107043 0.861674
vt 0.705566 0.966736
vt 0.696876 0.966736
vt 0.699874 0.878583
vt 0.702339 0.878583
vt 0.593153 0.550599
vt 0.580188 0.550599
vt 0.584650 0.469541
vt 0.588327 0.469541
vt 0.853816 0.564786
vt 0.862854 0.564786
vt 0.859631 0.652940
vt 0.857068 0.652940
vt 0.969036 0.564786
vt 0.960355 0.564786
vt 0.963414 0.476633
vt 0.965875 0.476633
vt 0.748739 0.385495
vt 0.735774 0.385495
vt 0.740653 0.307412
vt 0.744329 0.307412
vt 0.064828 0.773520
vt 0.073876 0.773520
vt 0.070693 0.861674
vt 0.068127 0.861674
vt 0.270640 0.877654
vt 0.279331 0.877654
vt 0.276314 0.965807
vt 0.273849 0.965807
vt 0.593154 0.469537
vt 0.580189 0.469537
vt 0.584766 0.388479
vt 0.588443 0.388479
vt 0.022004 0.861679
vt 0.012966 0.861679
vt 0.016208 0.773526
vt 0.018771 0.773526
vt 0.451061 0.878911
vt 0.459742 0.878911
vt 0.456665 0.967065
vt 0.454203 0.967065
vt 0.748737 0.547625
vt 0.735772 0.547625
vt 0.740498 0.469541
vt 0.744174 0.469541
vt 0.009048 0.861672
vt 0.000000 0.861672
vt 0.003200 0.773518
vt 0.005766 0.773518
vt 0.270412 0.965806
vt 0.261721 0.965806
vt 0.264757 0.877652
vt 0.267221 0.877652
vt 0.606119 0.388470
vt 0.593154 0.388470
vt 0.597846 0.307412
vt 0.601523 0.307412
vt 0.853815 0.741093
vt 0.844733 0.741093
vt 0.847863 0.652940
vt 0.850439 0.652940
vt 0.632049 0.878614
vt 0.640730 0.878614
vt 0.637635 0.966767
vt 0.635173 0.966767
vt 0.748738 0.709644
vt 0.735772 0.709644
vt 0.741033 0.631569
vt 0.744710 0.631569
vt 0.164659 0.861668
vt 0.155586 0.861668
vt 0.158776 0.773515
vt 0.161349 0.773515
vt 0.283606 0.877650
vt 0.292297 0.877650
vt 0.289243 0.965803
vt 0.286778 0.965803
vt 0.580189 0.469541
vt 0.567223 0.469541
vt 0.571512 0.388479
vt 0.575189 0.388479
vt 0.384000 0.851565
vt 0.374917 0.851565
vt 0.378066 0.763412
vt 0.380641 0.763412
vt 0.679627 0.966765
vt 0.670945 0.966765
vt 0.674060 0.878612
vt 0.676522 0.878612
vt 0.748738 0.628657
vt 0.735773 0.628657
vt 0.740881 0.550581
vt 0.744558 0.550581
vt 0.060936 0.861535
vt 0.051863 0.861535
vt 0.055071 0.773382
vt 0.057644 0.773382
vt 0.575913 0.963956
vt 0.567222 0.963956
vt 0.570295 0.875803
vt 0.572759 0.875803
vt 0.335467 0.590836
vt 0.322501 0.590836
vt 0.326906 0.509774
vt 0.330583 0.509774
vt 0.836291 0.070706
vt 0.845375 0.070706
vt 0.842208 0.158860
vt 0.839632 0.158860
vt 0.960911 0.158860
vt 0.952185 0.158860
vt 0.955187 0.070707
vt 0.957662 0.070706
vt 0.335467 0.749938
vt 0.322501 0.749939
vt 0.327457 0.671862
vt 0.331133 0.671862
vt 0.556572 0.861471
vt 0.547498 0.861471
vt 0.550725 0.773317
vt 0.553298 0.773317
vt 0.709841 0.875699
vt 0.718557 0.875700
vt 0.715494 0.963853
vt 0.713022 0.963853
vt 0.322501 0.590842
vt 0.309536 0.590842
vt 0.314056 0.509779
vt 0.317732 0.509779
vt 0.844732 0.829247
vt 0.835649 0.829247
vt 0.838834 0.741093
vt 0.841410 0.741093
vt 0.951631 0.741093
vt 0.960357 0.741093
vt 0.957338 0.829247
vt 0.954864 0.829247
vt 0.322501 0.749950
vt 0.309536 0.749950
vt 0.314339 0.671872
vt 0.318015 0.671872
vt 0.854445 0.250260
vt 0.845371 0.250260
vt 0.848616 0.162106
vt 0.851190 0.162106
vt 0.735772 0.875673
vt 0.744488 0.875673
vt 0.741407 0.963827
vt 0.738935 0.963827
vt 0.351707 0.590972
vt 0.338742 0.590972
vt 0.343376 0.509909
vt 0.347053 0.509909
vt 0.844733 0.741093
vt 0.835649 0.741093
vt 0.838853 0.652940
vt 0.841429 0.652940
vt 0.960359 0.476633
vt 0.951632 0.476633
vt 0.954672 0.388479
vt 0.957147 0.388479
vt 0.364672 0.750063
vt 0.351707 0.750063
vt 0.356357 0.671986
vt 0.360033 0.671986
vt 0.853832 0.385224
vt 0.844759 0.385224
vt 0.848022 0.297071
vt 0.850595 0.297071
vt 0.783386 0.963642
vt 0.774670 0.963642
vt 0.777769 0.875489
vt 0.780241 0.875489
vt 0.424058 0.591397
vt 0.411093 0.591397
vt 0.415843 0.510335
vt 0.419519 0.510335
vt 0.835649 0.388479
vt 0.844757 0.388479
vt 0.841564 0.476633
vt 0.838981 0.476633
vt 0.960359 0.385224
vt 0.951632 0.385224
vt 0.954689 0.297071
vt 0.957164 0.297071
vt 0.351707 0.750059
vt 0.338741 0.750059
vt 0.344078 0.671991
vt 0.347755 0.671991
vt 0.835649 0.797606
vt 0.826530 0.797606
vt 0.829682 0.709452
vt 0.832268 0.709452
vt 0.787634 0.875436
vt 0.796351 0.875436
vt 0.793234 0.963589
vt 0.790762 0.963589
vt 0.213563 0.559723
vt 0.200597 0.559723
vt 0.204829 0.478656
vt 0.208506 0.478656
vt 0.844759 0.385224
vt 0.835650 0.385224
vt 0.838862 0.297071
vt 0.841445 0.297071
vt 0.374499 0.957740
vt 0.365772 0.957740
vt 0.368848 0.869586
vt 0.371323 0.869586
vt 0.437024 0.750483
vt 0.424058 0.750483
vt 0.429242 0.672414
vt 0.432919 0.672414
vt 0.835649 0.564786
vt 0.826529 0.564786
vt 0.829700 0.476633
vt 0.832286 0.476633
vt 0.822282 0.963565
vt 0.813565 0.963565
vt 0.816700 0.875412
vt 0.819172 0.875412
vt 0.526133 0.578106
vt 0.513168 0.578106
vt 0.517515 0.497040
vt 0.521191 0.497040
vt 0.420202 0.838651
vt 0.411093 0.838651
vt 0.414323 0.750497
vt 0.416906 0.750497
vt 0.943430 0.162106
vt 0.952182 0.162106
vt 0.949117 0.250260
vt 0.946635 0.250260
vt 0.411093 0.672427
vt 0.424059 0.672427
vt 0.419027 0.750497
vt 0.415350 0.750497
vt 0.835649 0.476633
vt 0.826529 0.476633
vt 0.829718 0.388479
vt 0.832304 0.388479
vt 0.151383 0.949830
vt 0.142621 0.949830
vt 0.145646 0.861676
vt 0.148131 0.861676
vt 0.500202 0.578116
vt 0.487237 0.578116
vt 0.491698 0.497049
vt 0.495375 0.497049
vt 0.360817 0.838217
vt 0.351707 0.838217
vt 0.354956 0.750063
vt 0.357540 0.750063
vt 0.951630 0.917400
vt 0.942878 0.917400
vt 0.945962 0.829247
vt 0.948444 0.829247
vt 0.740268 0.000000
vt 0.753233 0.000000
vt 0.748354 0.078071
vt 0.744677 0.078071
vt 0.827178 0.250260
vt 0.818058 0.250260
vt 0.821265 0.162106
vt 0.823851 0.162106
vt 0.125452 0.949829
vt 0.116690 0.949829
vt 0.119733 0.861676
vt 0.122218 0.861676
vt 0.580188 0.388479
vt 0.567223 0.388479
vt 0.571800 0.307412
vt 0.575477 0.307412
vt 0.836287 0.250260
vt 0.827178 0.250260
vt 0.830445 0.162106
vt 0.833028 0.162106
vt 0.951631 0.741093
vt 0.942879 0.741093
vt 0.945982 0.652940
vt 0.948464 0.652940
vt 0.753232 0.240177
vt 0.740268 0.240177
vt 0.744993 0.162106
vt 0.748670 0.162106
vt 0.374891 0.781433
vt 0.365772 0.781433
vt 0.368997 0.693279
vt 0.371584 0.693279
vt 0.086555 0.949829
vt 0.077793 0.949829
vt 0.080854 0.861675
vt 0.083339 0.861675
vt 0.580188 0.550609
vt 0.567223 0.550609
vt 0.571915 0.469541
vt 0.575591 0.469541
vt 0.474270 0.754428
vt 0.465126 0.754428
vt 0.468341 0.666274
vt 0.470935 0.666274
vt 0.942879 0.297071
vt 0.951632 0.297071
vt 0.948510 0.385224
vt 0.946028 0.385224
vt 0.753237 0.159111
vt 0.740271 0.159111
vt 0.745532 0.081049
vt 0.749209 0.081049
vt 0.411093 0.686642
vt 0.401948 0.686642
vt 0.405182 0.598488
vt 0.407776 0.598488
vt 0.073590 0.949827
vt 0.064828 0.949827
vt 0.067907 0.861674
vt 0.070392 0.861674
vt 0.182417 0.559728
vt 0.169451 0.559728
vt 0.173740 0.478656
vt 0.177417 0.478656
vt 0.365772 0.516972
vt 0.374916 0.516972
vt 0.371665 0.605126
vt 0.369071 0.605126
vt 0.129655 0.861678
vt 0.138408 0.861678
vt 0.135269 0.949831
vt 0.132787 0.949831
vt 0.748737 0.469541
vt 0.761702 0.469541
vt 0.756594 0.547605
vt 0.752918 0.547605
vt 0.473171 0.560823
vt 0.464026 0.560823
vt 0.467297 0.472670
vt 0.469890 0.472670
vt 0.000000 0.861672
vt 0.008763 0.861672
vt 0.005665 0.949825
vt 0.003180 0.949825
vt 0.239494 0.559728
vt 0.226528 0.559728
vt 0.230932 0.478656
vt 0.234609 0.478656
vt 0.409229 0.503590
vt 0.400084 0.503590
vt 0.403373 0.415436
vt 0.405967 0.415436
vt 0.934080 0.829247
vt 0.942878 0.829247
vt 0.939849 0.917400
vt 0.937354 0.917400
vt 0.761704 0.385476
vt 0.748739 0.385476
vt 0.753694 0.307412
vt 0.757371 0.307412
vt 0.593154 0.709769
vt 0.580188 0.709769
vt 0.585450 0.631643
vt 0.589126 0.631643
vt 0.164374 0.949822
vt 0.155586 0.949822
vt 0.158674 0.861668
vt 0.161166 0.861668
vt 0.226528 0.559728
vt 0.213563 0.559728
vt 0.218082 0.478656
vt 0.221759 0.478657
vt 0.322501 0.590836
vt 0.335467 0.590836
vt 0.331177 0.671862
vt 0.327500 0.671862
vt 0.934078 0.476633
vt 0.942876 0.476633
vt 0.939829 0.564786
vt 0.937334 0.564786
vt 0.761703 0.466544
vt 0.748738 0.466544
vt 0.753540 0.388479
vt 0.757217 0.388479
vt 0.606119 0.709770
vt 0.593154 0.709770
vt 0.598263 0.631644
vt 0.601940 0.631644
vt 0.543321 0.949630
vt 0.534533 0.949630
vt 0.537639 0.861476
vt 0.540131 0.861476
vt 0.513167 0.578112
vt 0.500202 0.578112
vt 0.504836 0.497040
vt 0.508513 0.497040
vt 0.437023 0.672414
vt 0.424058 0.672414
vt 0.428463 0.591388
vt 0.432140 0.591388
vt 0.387883 0.851554
vt 0.396681 0.851554
vt 0.393615 0.939708
vt 0.391120 0.939708
vt 0.748738 0.550581
vt 0.761703 0.550581
vt 0.757054 0.628646
vt 0.753377 0.628646
vt 0.580187 0.709779
vt 0.567222 0.709779
vt 0.572178 0.631652
vt 0.575855 0.631652
vt 0.943433 0.158860
vt 0.934645 0.158860
vt 0.937769 0.070706
vt 0.940261 0.070706
vt 0.487235 0.578121
vt 0.474271 0.578121
vt 0.479020 0.497049
vt 0.482697 0.497049
vt 0.675439 0.243132
vt 0.662474 0.243132
vt 0.666994 0.162106
vt 0.670671 0.162106
vt 0.934642 0.250260
vt 0.925843 0.250260
vt 0.928926 0.162106
vt 0.931421 0.162106
vt 0.761704 0.709624
vt 0.748738 0.709624
vt 0.754075 0.631569
vt 0.757752 0.631569
vt 0.265424 0.711628
vt 0.252459 0.711628
vt 0.257262 0.633500
vt 0.260938 0.633500
vt 0.934090 0.741093
vt 0.942879 0.741093
vt 0.939736 0.829247
vt 0.937244 0.829247
vt 0.252459 0.471387
vt 0.265425 0.471387
vt 0.261193 0.552462
vt 0.257516 0.552462
vt 0.670945 0.388479
vt 0.683910 0.388479
vt 0.679275 0.469505
vt 0.675598 0.469505
vt 0.934078 0.564786
vt 0.925279 0.564786
vt 0.928381 0.476633
vt 0.930876 0.476633
vt 0.400848 0.763401
vt 0.387883 0.763401
vt 0.393067 0.685344
vt 0.396744 0.685344
vt 0.283606 0.633507
vt 0.296571 0.633507
vt 0.291922 0.711635
vt 0.288245 0.711635
vt 0.942879 0.741093
vt 0.934090 0.741093
vt 0.937252 0.652940
vt 0.939744 0.652940
vt 0.296572 0.552463
vt 0.283606 0.552463
vt 0.287953 0.471387
vt 0.291630 0.471387
vt 0.683913 0.388438
vt 0.670948 0.388438
vt 0.675698 0.307412
vt 0.679374 0.307412
vt 0.934090 0.741093
vt 0.925267 0.741093
vt 0.928358 0.652940
vt 0.930861 0.652940
vt 0.387882 0.763412
vt 0.374917 0.763412
vt 0.379948 0.685354
vt 0.383625 0.685354
vt 0.283606 0.711630
vt 0.270640 0.711630
vt 0.275978 0.633511
vt 0.279655 0.633511
vt 0.917010 0.162106
vt 0.925843 0.162106
vt 0.922794 0.250260
vt 0.920289 0.250260
vt 0.451061 0.553746
vt 0.438096 0.553746
vt 0.442558 0.472670
vt 0.446234 0.472670
vt 0.657983 0.388441
vt 0.645017 0.388441
vt 0.649250 0.307412
vt 0.652927 0.307412
vt 0.934080 0.917400
vt 0.925257 0.917400
vt 0.928367 0.829247
vt 0.930869 0.829247
vt 0.766198 0.078058
vt 0.753233 0.078058
vt 0.758111 0.000000
vt 0.761788 0.000000
vt 0.464027 0.712910
vt 0.451061 0.712910
vt 0.456246 0.634790
vt 0.459923 0.634790
vt 0.925283 0.385224
vt 0.916449 0.385224
vt 0.919518 0.297071
vt 0.922023 0.297071
vt 0.464026 0.553746
vt 0.451061 0.553746
vt 0.455638 0.472670
vt 0.459314 0.472670
vt 0.487236 0.659151
vt 0.474271 0.659151
vt 0.478619 0.578121
vt 0.482295 0.578121
vt 0.934082 0.476633
vt 0.925258 0.476633
vt 0.928387 0.388479
vt 0.930889 0.388479
vt 0.753232 0.162106
vt 0.766197 0.162106
vt 0.761472 0.240165
vt 0.757795 0.240165
vt 0.309537 0.711633
vt 0.296572 0.711633
vt 0.301603 0.633512
vt 0.305280 0.633512
vt 0.925267 0.741093
vt 0.916433 0.741093
vt 0.919520 0.652940
vt 0.922026 0.652940
vt 0.195381 0.559733
vt 0.182417 0.559733
vt 0.187108 0.478656
vt 0.190785 0.478656
vt 0.662477 0.162079
vt 0.649512 0.162079
vt 0.653974 0.081049
vt 0.657651 0.081049
vt 0.432882 0.926790
vt 0.424058 0.926790
vt 0.427204 0.838636
vt 0.429707 0.838636
vt 0.597697 0.289348
vt 0.597746 0.271285
vt 0.607363 0.271243
vt 0.607339 0.289306
vt 0.616981 0.271201
vt 0.616981 0.289264
vt 0.597649 0.307412
vt 0.607315 0.307369
vt 0.616981 0.307327
vt 0.411093 0.415436
vt 0.393005 0.415309
vt 0.393005 0.307642
vt 0.411093 0.307431
vt 0.374917 0.415181
vt 0.374917 0.307853
vt 0.499557 0.307431
vt 0.499557 0.415959
vt 0.400084 0.523276
vt 0.400084 0.415436
vt 0.635428 0.289265
vt 0.635428 0.307328
vt 0.626251 0.307327
vt 0.626228 0.289264
vt 0.617074 0.307325
vt 0.617028 0.289263
vt 0.635428 0.271203
vt 0.626205 0.271202
vt 0.616981 0.271201
vt 0.438096 0.307597
vt 0.456183 0.307514
vt 0.456184 0.394622
vt 0.438097 0.394468
vt 0.474271 0.307431
vt 0.474271 0.394776
vt 0.309536 0.420844
vt 0.319023 0.329204
vt 0.411093 0.315257
vt 0.420509 0.407343
vn -0.0167 -0.9547 0.2970
vn -0.0167 0.2973 0.9546
vn -0.5835 0.2472 0.7736
vn -0.5835 -0.7772 0.2354
vn -0.7071 0.6260 0.3288
vn -0.5773 0.7796 -0.2426
vn -0.5773 -0.2426 -0.7796
vn -0.7071 -0.6260 -0.3288
vn 0.0000 0.9548 -0.2972
vn 0.5773 0.7796 -0.2426
vn 0.5773 -0.2426 -0.7796
vn 0.0000 -0.2972 -0.9548
vn 0.7071 -0.6260 -0.3288
vn 0.7071 0.6260 0.3288
vn 0.3021 0.9408 0.1535
vn 0.0000 -0.8853 -0.4650
vn -0.3008 0.9412 0.1538
vn -0.3009 0.9412 0.1538
vn 0.5711 -0.7819 0.2498
vn 0.5711 0.2381 0.7856
vn -0.0168 0.2973 0.9546
vn -0.0168 -0.9547 0.2970
vn 0.0000 0.8853 0.4650
vn 0.2944 0.6631 0.6882
vn 0.2951 0.6629 0.6881
vn 0.0001 0.8853 0.4650
vn 0.5779 0.7794 -0.2420
vn 0.3073 0.9393 0.1523
vn 0.2964 0.6624 0.6880
vn -0.0001 0.8853 0.4650
vn 0.3060 0.9397 0.1527
vn 0.2976 0.6619 0.6879
vn -0.0002 0.8853 0.4650
vn 0.3047 0.9401 0.1529
vn 0.2989 0.6615 0.6878
vn -0.3066 0.6587 0.6870
vn -0.5815 0.2457 0.7755
vn 0.3034 0.9404 0.1532
vn 0.3002 0.6610 0.6877
vn -0.3086 0.6581 0.6868
vn -0.2957 0.9426 0.1551
vn -0.5726 0.7814 -0.2480
vn -0.3080 0.6583 0.6868
vn -0.5824 0.2465 0.7746
vn -0.5830 0.2468 0.7740
vn 0.0002 0.8853 0.4650
vn -0.5769 0.7797 -0.2432
vn -0.3028 0.6601 0.6874
vn -0.5784 0.2434 0.7786
vn -0.5768 0.7798 -0.2432
vn -0.2995 0.9415 0.1541
vn -0.3041 0.6597 0.6873
vn -0.5794 0.2442 0.7776
vn -0.5758 0.7802 -0.2444
vn 0.5716 0.2385 0.7851
vn -0.2983 0.9419 0.1545
vn -0.3054 0.6592 0.6871
vn -0.5804 0.2449 0.7766
vn -0.5747 0.7806 -0.2456
vn 0.5778 0.7794 -0.2420
vn -0.2970 0.9422 0.1548
vn -0.5737 0.7809 -0.2468
vn -0.5767 0.7798 -0.2432
vn -0.1978 -0.9547 -0.2221
vn -0.4167 -0.6186 -0.6661
vn -0.0087 -0.9976 0.0680
vn -0.6218 0.3648 -0.6930
vn -0.7071 0.0363 -0.7061
vn 0.4252 -0.6163 -0.6628
vn 0.7071 0.0363 -0.7062
vn 0.6265 0.3586 -0.6920
vn 0.0107 -0.0879 -0.9961
vn 0.1890 -0.9556 -0.2261
vn 0.0063 0.4629 -0.8864
vn 0.2827 0.6781 0.6784
vn 0.2946 0.9403 0.1703
vn 0.5668 0.7942 -0.2188
vn 0.5570 0.2638 0.7874
vn -0.2952 0.6737 0.6775
vn 0.2824 0.6782 0.6785
vn 0.5570 0.2640 0.7874
vn -0.5675 0.2710 0.7775
vn -0.2929 0.6745 0.6777
vn 0.2852 0.6771 0.6783
vn 0.5590 0.2648 0.7857
vn -0.5654 0.2690 0.7797
vn -0.2825 0.9435 0.1733
vn -0.2957 0.6735 0.6774
vn -0.5679 0.2713 0.7771
vn -0.5570 0.7981 -0.2295
vn 0.2900 0.9415 0.1715
vn -0.2876 0.9421 0.1721
vn -0.5612 0.7965 -0.2249
vn 0.5634 0.7956 -0.2226
vn 0.2936 0.9406 0.1705
vn -0.2848 0.9429 0.1727
vn -0.5586 0.7973 -0.2284
vn 0.5658 0.7945 -0.2205
vn -0.2882 0.9420 0.1718
vn -0.2900 0.6755 0.6779
vn -0.5632 0.2681 0.7816
vn -0.5617 0.7963 -0.2246
vn -0.2907 0.6753 0.6778
vn 0.2868 0.6766 0.6781
vn 0.5609 0.2664 0.7838
vn -0.5637 0.2686 0.7810
vn -0.2943 0.6740 0.6776
vn 0.2841 0.6775 0.6784
vn 0.5580 0.2641 0.7867
vn -0.5664 0.2698 0.7787
vn 0.2869 0.6766 0.6782
vn 0.2901 0.9415 0.1714
vn 0.5633 0.7956 -0.2229
vn 0.5607 0.2663 0.7840
vn 0.2913 0.9412 0.1711
vn -0.2860 0.9426 0.1724
vn -0.5602 0.7968 -0.2261
vn 0.5643 0.7953 -0.2215
vn 0.2948 0.9402 0.1702
vn -0.2833 0.9433 0.1730
vn -0.5575 0.7978 -0.2296
vn 0.5668 0.7941 -0.2192
vn -0.2870 0.9423 0.1722
vn -0.2914 0.6750 0.6778
vn -0.5643 0.2687 0.7805
vn -0.5608 0.7966 -0.2257
vn -0.2918 0.6749 0.6777
vn 0.2855 0.6771 0.6782
vn 0.5596 0.2658 0.7850
vn -0.5650 0.2693 0.7799
vn -0.2954 0.6736 0.6774
vn 0.2828 0.6780 0.6784
vn 0.5570 0.2634 0.7876
vn -0.5674 0.2704 0.7778
vn 0.2857 0.6770 0.6782
vn 0.2914 0.9412 0.1711
vn 0.5642 0.7953 -0.2217
vn 0.5596 0.2656 0.7850
vn 0.2925 0.9409 0.1708
vn -0.2849 0.9428 0.1727
vn -0.5592 0.7973 -0.2272
vn 0.5654 0.7949 -0.2203
vn 0.2904 0.9414 0.1713
vn -0.2876 0.9421 0.1719
vn -0.5612 0.7963 -0.2256
vn 0.5632 0.7956 -0.2232
vn -0.2856 0.9427 0.1725
vn -0.2926 0.6746 0.6777
vn -0.5654 0.2694 0.7795
vn -0.5597 0.7971 -0.2268
vn -0.2931 0.6744 0.6776
vn 0.2843 0.6775 0.6783
vn 0.5586 0.2651 0.7859
vn -0.5659 0.2700 0.7790
vn -0.2908 0.6752 0.6779
vn 0.2872 0.6765 0.6782
vn 0.5606 0.2660 0.7842
vn -0.5638 0.2680 0.7812
vn 0.2845 0.6775 0.6783
vn 0.2927 0.9408 0.1708
vn 0.5653 0.7948 -0.2206
vn 0.5586 0.2649 0.7859
vn 0.2939 0.9405 0.1705
vn -0.2837 0.9432 0.1730
vn -0.5582 0.7977 -0.2283
vn 0.5664 0.7944 -0.2192
vn 0.2917 0.9411 0.1710
vn -0.2865 0.9424 0.1722
vn -0.5601 0.7967 -0.2267
vn 0.5643 0.7951 -0.2221
vn -0.2844 0.9430 0.1728
vn -0.2939 0.6741 0.6776
vn -0.5664 0.2701 0.7786
vn -0.5586 0.7975 -0.2279
vn -0.2944 0.6740 0.6775
vn 0.2831 0.6780 0.6784
vn 0.5575 0.2644 0.7869
vn -0.5670 0.2707 0.7779
vn -0.2922 0.6747 0.6778
vn 0.2860 0.6769 0.6782
vn 0.5596 0.2652 0.7851
vn -0.5648 0.2688 0.7802
vn 0.2832 0.6779 0.6784
vn 0.2939 0.9405 0.1704
vn 0.5663 0.7944 -0.2194
vn 0.5576 0.2641 0.7869
vn 0.2951 0.9402 0.1702
vn -0.2824 0.9435 0.1733
vn -0.5571 0.7981 -0.2294
vn 0.5674 0.7940 -0.2181
vn 0.2927 0.9408 0.1707
vn -0.2853 0.9427 0.1726
vn -0.5591 0.7971 -0.2278
vn 0.5653 0.7947 -0.2209
vn -0.2832 0.9433 0.1731
vn -0.5674 0.2709 0.7776
vn -0.5577 0.7978 -0.2289
vn 0.2817 0.6784 0.6785
vn 0.5565 0.2637 0.7878
vn -0.5679 0.2714 0.7770
vn -0.2935 0.6742 0.6777
vn 0.2846 0.6774 0.6784
vn 0.5586 0.2645 0.7861
vn -0.5658 0.2695 0.7793
vn 0.2818 0.6784 0.6785
vn 0.5673 0.7940 -0.2183
vn 0.5565 0.2634 0.7880
vn 0.2893 0.9417 0.1716
vn -0.2879 0.9421 0.1719
vn -0.5616 0.7964 -0.2243
vn 0.5630 0.7958 -0.2231
vn 0.2940 0.9405 0.1704
vn -0.2840 0.9431 0.1729
vn -0.5581 0.7975 -0.2289
vn 0.5663 0.7943 -0.2198
vn 0.2876 0.6763 0.6781
vn 0.2895 0.9416 0.1715
vn 0.5628 0.7958 -0.2234
vn 0.5612 0.2665 0.7835
vn -0.2898 0.6756 0.6779
vn 0.2875 0.6764 0.6781
vn 0.5614 0.2669 0.7833
vn -0.5632 0.2683 0.7815
vn -0.2947 0.6738 0.6775
vn 0.2833 0.6778 0.6784
vn 0.5575 0.2638 0.7871
vn -0.5669 0.2701 0.7782
vn -0.2875 0.9422 0.1720
vn -0.2907 0.6753 0.6779
vn -0.5638 0.2684 0.7810
vn -0.5613 0.7964 -0.2252
vn -0.2869 0.9423 0.1722
vn -0.5607 0.7967 -0.2254
vn 0.5639 0.7955 -0.2220
vn 0.2954 0.9401 0.1701
vn -0.2828 0.9434 0.1733
vn -0.5570 0.7980 -0.2300
vn 0.5674 0.7939 -0.2187
vn 0.2864 0.6768 0.6782
vn 0.2907 0.9413 0.1712
vn 0.5637 0.7955 -0.2224
vn 0.5601 0.2658 0.7845
vn -0.2913 0.6750 0.6778
vn 0.2860 0.6768 0.6782
vn 0.5602 0.2662 0.7844
vn -0.5644 0.2690 0.7804
vn -0.2961 0.6734 0.6774
vn 0.2821 0.6782 0.6785
vn 0.5564 0.2631 0.7881
vn -0.5679 0.2709 0.7772
vn -0.2862 0.9425 0.1724
vn -0.2919 0.6748 0.6778
vn -0.5649 0.2691 0.7800
vn -0.5603 0.7967 -0.2263
vn 0.2918 0.9410 0.1710
vn -0.2855 0.9427 0.1726
vn -0.5596 0.7971 -0.2265
vn 0.5649 0.7950 -0.2208
vn 0.2895 0.9417 0.1715
vn -0.2886 0.9419 0.1718
vn -0.5617 0.7962 -0.2248
vn 0.5628 0.7957 -0.2238
vn 0.2851 0.6772 0.6782
vn 0.2920 0.9410 0.1709
vn 0.5648 0.7950 -0.2212
vn 0.5591 0.2651 0.7855
vn -0.2924 0.6746 0.6777
vn 0.2849 0.6773 0.6783
vn 0.5593 0.2654 0.7853
vn -0.5653 0.2697 0.7795
vn -0.2904 0.6754 0.6779
vn 0.2877 0.6763 0.6781
vn 0.5613 0.2663 0.7836
vn -0.5632 0.2677 0.7817
vn -0.2931 0.6744 0.6777
vn -0.5658 0.2698 0.7791
vn -0.5592 0.7972 -0.2275
vn 0.2931 0.9407 0.1707
vn -0.2842 0.9430 0.1729
vn -0.5588 0.7974 -0.2277
vn 0.5658 0.7947 -0.2197
vn -0.2872 0.9423 0.1721
vn -0.5607 0.7966 -0.2259
vn 0.5638 0.7953 -0.2227
vn 0.2839 0.6777 0.6783
vn 0.2933 0.9407 0.1706
vn 0.5658 0.7946 -0.2201
vn 0.5581 0.2644 0.7865
vn -0.2938 0.6742 0.6776
vn 0.2836 0.6778 0.6784
vn 0.5580 0.2648 0.7864
vn -0.5665 0.2704 0.7784
vn -0.2915 0.6749 0.6778
vn 0.2864 0.6767 0.6782
vn 0.5602 0.2656 0.7846
vn -0.5643 0.2684 0.7807
vn -0.2838 0.9431 0.1729
vn -0.2945 0.6739 0.6775
vn -0.5669 0.2705 0.7781
vn -0.5581 0.7976 -0.2285
vn 0.2945 0.9403 0.1704
vn -0.2830 0.9433 0.1732
vn -0.5576 0.7979 -0.2289
vn 0.5670 0.7942 -0.2185
vn 0.2921 0.9410 0.1708
vn -0.5597 0.7969 -0.2272
vn 0.5647 0.7950 -0.2214
vn 0.2825 0.6781 0.6785
vn 0.2944 0.9403 0.1704
vn 0.5669 0.7941 -0.2190
vn 0.5571 0.2638 0.7874
vn -0.2950 0.6737 0.6775
vn 0.2825 0.6782 0.6784
vn 0.5571 0.2641 0.7873
vn -0.5674 0.2711 0.7775
vn 0.2851 0.6772 0.6783
vn 0.5590 0.2649 0.7857
vn -0.5654 0.2691 0.7796
vn -0.2826 0.9434 0.1733
vn -0.2958 0.6735 0.6774
vn -0.5679 0.2712 0.7771
vn -0.5571 0.7980 -0.2296
vn 0.2898 0.9416 0.1715
vn -0.2873 0.9422 0.1721
vn -0.5612 0.7966 -0.2248
vn 0.5634 0.7956 -0.2225
vn 0.2933 0.9406 0.1706
vn -0.2846 0.9429 0.1727
vn -0.5586 0.7973 -0.2283
vn 0.5658 0.7945 -0.2203
vn -0.2901 0.6754 0.6779
vn -0.5632 0.2680 0.7816
vn -0.5617 0.7962 -0.2246
vn -0.2905 0.6753 0.6778
vn 0.2866 0.6767 0.6782
vn 0.5608 0.2666 0.7838
vn -0.5638 0.2687 0.7809
vn -0.2941 0.6741 0.6776
vn 0.2838 0.6776 0.6784
vn 0.5580 0.2643 0.7866
vn -0.5664 0.2699 0.7787
vn 0.2870 0.6765 0.6781
vn 0.2902 0.9415 0.1714
vn 0.5634 0.7955 -0.2230
vn 0.5607 0.2661 0.7840
vn -0.2861 0.9425 0.1724
vn -0.5602 0.7969 -0.2259
vn 0.5644 0.7952 -0.2214
vn -0.2834 0.9432 0.1731
vn -0.5576 0.7977 -0.2295
vn 0.5668 0.7942 -0.2192
vn -0.5643 0.2687 0.7806
vn -0.2918 0.6749 0.6778
vn 0.2857 0.6771 0.6782
vn 0.5597 0.2659 0.7848
vn -0.5649 0.2694 0.7799
vn 0.2826 0.6781 0.6785
vn 0.5570 0.2636 0.7876
vn -0.5674 0.2706 0.7777
vn -0.5830 0.2468 0.7741
vn 0.0000 0.8853 0.4649
vn -0.5829 0.2468 0.7741
vn 0.5715 0.2385 0.7851
vn 0.5716 0.2384 0.7851
vn 0.5820 0.7778 -0.2372
vn 0.5721 0.2388 0.7846
vn 0.5810 0.7782 -0.2384
vn 0.5732 0.2396 0.7836
vn 0.5799 0.7786 -0.2396
vn 0.5742 0.2403 0.7826
vn 0.5789 0.7790 -0.2408
vn 0.5753 0.2411 0.7816
vn 0.5763 0.2419 0.7806
vn -0.2860 0.9426 0.1723
vn -0.2917 0.6749 0.6778
vn -0.2904 0.6753 0.6779
vn -0.2884 0.9420 0.1718
vn 0.2910 0.9413 0.1711
vn 0.2865 0.6767 0.6782
vn 0.2897 0.9416 0.1715
vn 0.2878 0.6762 0.6781
vn -0.2959 0.6734 0.6774
vn -0.2827 0.9434 0.1733
vn -0.2839 0.9431 0.1729
vn -0.2934 0.6742 0.6777
vn -0.2852 0.9428 0.1726
vn -0.2865 0.9424 0.1723
vn -0.2909 0.6752 0.6778
vn -0.2879 0.9421 0.1720
vn 0.2953 0.9401 0.1702
vn 0.2821 0.6783 0.6785
vn 0.2941 0.9404 0.1704
vn -0.2940 0.6741 0.6776
vn 0.2844 0.6774 0.6784
vn -0.2857 0.9427 0.1725
vn 0.2915 0.9411 0.1711
vn -0.2916 0.6749 0.6778
vn -0.2871 0.9423 0.1721
vn 0.2871 0.6765 0.6781
vn 0.2947 0.9403 0.1703
vn -0.2838 0.9431 0.1730
vn 0.2839 0.6776 0.6783
vn -0.2934 0.6743 0.6776
vn -0.2851 0.9428 0.1726
vn 0.2922 0.9409 0.1709
vn 0.2853 0.6772 0.6782
vn -0.2921 0.6748 0.6777
vn -0.2864 0.9424 0.1723
vn 0.2909 0.9413 0.1712
vn -0.2908 0.6752 0.6778
vn -0.2876 0.9421 0.1720
vn 0.2896 0.9416 0.1715
vn 0.2954 0.9401 0.1702
vn -0.2951 0.6737 0.6775
vn -0.2831 0.9433 0.1731
vn 0.2940 0.9405 0.1705
vn -0.2939 0.6742 0.6776
vn -0.2845 0.9430 0.1728
vn 0.2844 0.6774 0.6783
vn -0.2927 0.6746 0.6777
vn -0.2857 0.9426 0.1725
vn -0.2944 0.6739 0.6775
vn 0.2837 0.6777 0.6784
vn -0.2933 0.6743 0.6776
vn 0.2850 0.6772 0.6783
vn -0.2920 0.6748 0.6778
vn -0.2863 0.9425 0.1724
vn 0.2907 0.9413 0.1713
vn 0.2863 0.6768 0.6782
vn -0.2906 0.6753 0.6779
vn -0.2874 0.9422 0.1721
vn 0.2894 0.9417 0.1715
vn 0.2876 0.6764 0.6781
vn 0.2950 0.9402 0.1702
vn -0.2832 0.9433 0.1732
vn 0.2937 0.9405 0.1705
vn 0.2830 0.6780 0.6784
vn -0.2843 0.9430 0.1728
vn 0.2926 0.9409 0.1708
vn 0.2912 0.9412 0.1711
vn 0.2855 0.6771 0.6783
vn 0.2870 0.6766 0.6781
vn -0.2901 0.6755 0.6778
vn -0.2882 0.9420 0.1719
vn 0.2933 0.9407 0.1707
vn 0.2838 0.6777 0.6784
vn 0.2920 0.9410 0.1710
vn 0.2906 0.9414 0.1713
vn 0.2862 0.6768 0.6782
vn 0.2874 0.6764 0.6781
vn -0.2822 0.9435 0.1734
vn -0.2943 0.6740 0.6775
vn -0.2836 0.9432 0.1730
vn -0.2931 0.6745 0.6776
vn 0.2950 0.9402 0.1703
vn -0.2948 0.6738 0.6775
vn 0.2832 0.6780 0.6783
vn -0.2936 0.6742 0.6776
vn -0.2841 0.9431 0.1729
vn 0.2842 0.6776 0.6783
vn -0.2924 0.6747 0.6777
vn -0.2854 0.9427 0.1726
vn -0.2911 0.6751 0.6778
vn -0.2867 0.9424 0.1723
vn -0.2897 0.6756 0.6779
vn 0.2944 0.9404 0.1705
vn 0.2823 0.6782 0.6784
vn 0.2930 0.9407 0.1708
vn 0.2835 0.6778 0.6783
vn 0.2918 0.9411 0.1710
vn 0.2848 0.6773 0.6783
vn 0.2905 0.9414 0.1714
vn 0.2861 0.6768 0.6782
vn 0.2892 0.9417 0.1716
vn 0.2874 0.6765 0.6781
vn -0.5675 0.2712 0.7774
vn 0.5571 0.2642 0.7873
vn 0.5669 0.7943 -0.2184
vn -0.5577 0.7979 -0.2287
vn -0.5664 0.2705 0.7784
vn 0.5582 0.2649 0.7863
vn 0.5659 0.7947 -0.2195
vn -0.5587 0.7975 -0.2276
vn -0.5654 0.2698 0.7794
vn 0.5592 0.2656 0.7853
vn 0.5649 0.7950 -0.2207
vn -0.5597 0.7971 -0.2264
vn -0.5644 0.2691 0.7804
vn 0.5602 0.2663 0.7844
vn 0.5638 0.7955 -0.2218
vn -0.5608 0.7967 -0.2253
vn -0.5633 0.2684 0.7814
vn 0.5614 0.2670 0.7833
vn 0.5628 0.7960 -0.2230
vn -0.5618 0.7963 -0.2242
vn -0.5679 0.2715 0.7770
vn 0.5566 0.2638 0.7877
vn 0.5674 0.7940 -0.2180
vn -0.5571 0.7981 -0.2293
vn -0.5669 0.2708 0.7779
vn 0.5576 0.2645 0.7868
vn 0.5664 0.7944 -0.2191
vn -0.5581 0.7977 -0.2282
vn -0.5658 0.2701 0.7790
vn 0.5587 0.2652 0.7858
vn 0.5655 0.7948 -0.2202
vn -0.5591 0.7974 -0.2271
vn 0.5669 0.7942 -0.2188
vn -0.5664 0.2703 0.7785
vn 0.5581 0.2647 0.7864
vn 0.5658 0.7946 -0.2199
vn -0.5587 0.7974 -0.2278
vn -0.5653 0.2696 0.7795
vn 0.5592 0.2654 0.7854
vn 0.5648 0.7950 -0.2210
vn -0.5597 0.7970 -0.2267
vn -0.5643 0.2689 0.7805
vn 0.5602 0.2661 0.7844
vn 0.5639 0.7954 -0.2221
vn -0.5607 0.7967 -0.2256
vn -0.5633 0.2682 0.7815
vn 0.5613 0.2668 0.7834
vn 0.5628 0.7958 -0.2233
vn -0.5618 0.7963 -0.2243
vn 0.5566 0.2635 0.7879
vn -0.5668 0.2706 0.7781
vn 0.5577 0.2643 0.7868
vn 0.5664 0.7944 -0.2193
vn -0.5581 0.7977 -0.2284
vn -0.5660 0.2698 0.7790
vn 0.5585 0.2650 0.7860
vn 0.5653 0.7949 -0.2204
vn -0.5593 0.7972 -0.2273
vn -0.5650 0.2691 0.7800
vn 0.5596 0.2657 0.7850
vn 0.5642 0.7953 -0.2216
vn -0.5603 0.7968 -0.2262
vn -0.5639 0.2684 0.7810
vn 0.5607 0.2664 0.7840
vn 0.5632 0.7957 -0.2227
vn -0.5613 0.7964 -0.2251
vn 0.5581 0.2645 0.7865
vn 0.5659 0.7946 -0.2199
vn 0.5591 0.2653 0.7855
vn 0.5648 0.7950 -0.2211
vn 0.5602 0.2660 0.7845
vn 0.5638 0.7955 -0.2222
vn 0.5613 0.2666 0.7834
vn -0.5674 0.2708 0.7776
vn -0.5576 0.7978 -0.2291
vn -0.5663 0.2701 0.7786
vn -0.5587 0.7974 -0.2280
vn -0.5654 0.2694 0.7796
vn -0.5597 0.7970 -0.2269
vn -0.5679 0.2711 0.7772
vn 0.5565 0.2633 0.7880
vn 0.5674 0.7939 -0.2183
vn -0.5570 0.7980 -0.2298
vn -0.5668 0.2704 0.7782
vn 0.5576 0.2640 0.7870
vn 0.5664 0.7943 -0.2196
vn -0.5580 0.7977 -0.2286
vn -0.5659 0.2697 0.7791
vn 0.5585 0.2648 0.7860
vn 0.5654 0.7947 -0.2207
vn -0.5590 0.7973 -0.2275
vn -0.5649 0.2690 0.7801
vn 0.5596 0.2655 0.7851
vn 0.5643 0.7952 -0.2219
vn -0.5602 0.7968 -0.2264
vn -0.5637 0.2683 0.7812
vn -0.5611 0.7965 -0.2253
vn -0.5673 0.2707 0.7777
vn 0.5571 0.2636 0.7874
vn -0.5575 0.7978 -0.2293
vn -0.5663 0.2699 0.7787
vn 0.5581 0.2643 0.7865
vn 0.5658 0.7945 -0.2202
vn -0.5586 0.7974 -0.2281
vn -0.5653 0.2692 0.7797
vn 0.5592 0.2650 0.7855
vn 0.5648 0.7949 -0.2213
vn -0.5596 0.7971 -0.2270
vn -0.5642 0.2685 0.7807
vn 0.5603 0.2657 0.7845
vn 0.5640 0.7953 -0.2224
vn -0.5605 0.7967 -0.2259
vn -0.5633 0.2678 0.7816
vn 0.5612 0.2665 0.7836
vn 0.5627 0.7958 -0.2237
vn -0.5618 0.7962 -0.2247
vn -0.5679 0.2710 0.7772
vn 0.5674 0.7939 -0.2186
vn -0.5570 0.7980 -0.2299
vn -0.5669 0.2703 0.7782
vn 0.5575 0.2640 0.7870
vn 0.5663 0.7943 -0.2197
vn -0.5581 0.7976 -0.2288
vn -0.5659 0.2696 0.7791
vn 0.5585 0.2647 0.7861
vn 0.5653 0.7948 -0.2208
vn -0.5592 0.7971 -0.2277
vn 0.5596 0.2653 0.7851
vn 0.5642 0.7952 -0.2220
vn -0.5602 0.7967 -0.2264
vn -0.5637 0.2681 0.7812
vn 0.5608 0.2660 0.7841
vn 0.5632 0.7956 -0.2231
vn -0.5612 0.7964 -0.2253
vn 0.5647 0.7949 -0.2216
vn -0.5597 0.7969 -0.2273
vn -0.5644 0.2683 0.7807
vn 0.5600 0.2655 0.7847
vn 0.5637 0.7953 -0.2227
vn -0.5607 0.7965 -0.2261
vn -0.5633 0.2676 0.7817
vn 0.5611 0.2662 0.7837
vn 0.5627 0.7957 -0.2238
vn -0.5617 0.7961 -0.2250
vn -0.0167 -0.3751 0.9268
vn -0.0168 0.9269 0.3748
vn -0.5835 0.7551 0.2988
vn -0.5835 -0.3103 0.7505
vn -0.7071 0.6510 -0.2760
vn -0.5773 0.3062 -0.7569
vn -0.5773 -0.7569 -0.3062
vn -0.7071 -0.6510 0.2760
vn 0.0000 0.3750 -0.9270
vn 0.5773 0.3062 -0.7569
vn 0.5773 -0.7569 -0.3062
vn 0.0000 -0.9270 -0.3750
vn 0.7071 -0.6510 0.2760
vn 0.7071 0.6510 -0.2760
vn 0.3022 0.7149 -0.6306
vn 0.0000 -0.9207 0.3903
vn -0.3008 0.7153 -0.6307
vn 0.3021 0.7149 -0.6306
vn -0.3009 0.7153 -0.6307
vn 0.3021 0.7148 -0.6306
vn 0.3022 0.7148 -0.6306
vn 0.5711 -0.3022 0.7632
vn 0.5711 0.7587 0.3135
vn -0.0167 0.9269 0.3748
vn -0.0168 -0.3751 0.9268
vn 0.0000 0.9207 -0.3903
vn 0.2944 0.9525 -0.0770
vn 0.2951 0.9524 -0.0768
vn -0.0001 0.9207 -0.3903
vn 0.0001 0.9207 -0.3903
vn 0.5779 0.3066 -0.7563
vn 0.3073 0.7130 -0.6302
vn 0.2964 0.9520 -0.0766
vn 0.3060 0.7135 -0.6303
vn 0.2976 0.9516 -0.0763
vn 0.3047 0.7139 -0.6304
vn 0.2990 0.9512 -0.0760
vn -0.3067 0.9489 -0.0744
vn -0.5814 0.7557 0.3013
vn 0.3035 0.7144 -0.6305
vn 0.3002 0.9508 -0.0757
vn -0.3086 0.9483 -0.0740
vn 0.0002 0.9207 -0.3903
vn -0.0002 0.9207 -0.3903
vn -0.2957 0.7172 -0.6310
vn -0.5726 0.3032 -0.7617
vn -0.3080 0.9485 -0.0741
vn -0.5825 0.7554 0.3001
vn -0.5830 0.7552 0.2994
vn -0.5768 0.3059 -0.7574
vn -0.3085 0.9483 -0.0740
vn -0.3027 0.9501 -0.0752
vn -0.5784 0.7566 0.3049
vn -0.2996 0.7158 -0.6308
vn -0.3041 0.9497 -0.0749
vn -0.5794 0.7563 0.3038
vn -0.5757 0.3052 -0.7585
vn 0.5716 0.7585 0.3129
vn 0.5716 0.7585 0.3128
vn -0.2983 0.7163 -0.6308
vn -0.3054 0.9493 -0.0746
vn -0.5804 0.7560 0.3025
vn -0.5747 0.3045 -0.7595
vn -0.5769 0.3059 -0.7574
vn 0.5779 0.3065 -0.7563
vn -0.2970 0.7167 -0.6309
vn -0.5737 0.3039 -0.7606
vn -0.5768 0.3058 -0.7574
vn 0.5778 0.3065 -0.7564
vn -0.3528 -0.6929 0.6288
vn -0.2316 -0.9662 0.1133
vn -0.0070 -0.2904 0.9568
vn -0.5406 -0.7920 0.2834
vn -0.7071 0.0052 0.7071
vn 0.2356 -0.9654 0.1117
vn 0.7071 0.0052 0.7071
vn 0.5481 -0.7866 0.2841
vn 0.0039 -0.9705 -0.2411
vn 0.3459 -0.6953 0.6299
vn 0.0094 -0.9410 0.3383
vn 0.2825 0.9546 -0.0948
vn 0.2945 0.7276 -0.6196
vn 0.5668 0.3339 -0.7531
vn 0.5570 0.7764 0.2948
vn -0.2951 0.9510 -0.0920
vn 0.2824 0.9546 -0.0948
vn 0.5569 0.7765 0.2946
vn -0.5676 0.7732 0.2829
vn -0.2929 0.9517 -0.0924
vn 0.2854 0.9537 -0.0941
vn 0.5591 0.7756 0.2929
vn -0.5653 0.7738 0.2858
vn -0.2824 0.7319 -0.6201
vn -0.2958 0.9508 -0.0919
vn -0.5680 0.7730 0.2824
vn -0.5571 0.3280 -0.7629
vn 0.2900 0.7291 -0.6198
vn -0.2873 0.7301 -0.6200
vn -0.5612 0.3306 -0.7588
vn 0.5634 0.3318 -0.7566
vn 0.2937 0.7279 -0.6196
vn -0.2846 0.7311 -0.6201
vn -0.5585 0.3285 -0.7617
vn 0.5659 0.3328 -0.7543
vn -0.2882 0.7299 -0.6199
vn -0.2901 0.9525 -0.0930
vn -0.5633 0.7745 0.2878
vn -0.5618 0.3308 -0.7583
vn -0.2905 0.9523 -0.0930
vn 0.2868 0.9534 -0.0938
vn 0.5608 0.7753 0.2904
vn -0.5638 0.7744 0.2871
vn -0.2941 0.9513 -0.0921
vn 0.2842 0.9541 -0.0944
vn 0.5581 0.7759 0.2940
vn -0.5663 0.7734 0.2847
vn 0.2870 0.9533 -0.0938
vn 0.2901 0.7291 -0.6198
vn 0.5634 0.3316 -0.7567
vn 0.5607 0.7753 0.2907
vn 0.2913 0.7287 -0.6197
vn -0.2860 0.7306 -0.6200
vn -0.5601 0.3300 -0.7598
vn 0.5644 0.3325 -0.7555
vn 0.2949 0.7274 -0.6196
vn -0.2834 0.7315 -0.6201
vn -0.5575 0.3278 -0.7627
vn 0.5669 0.3334 -0.7533
vn -0.2869 0.7303 -0.6200
vn -0.2914 0.9521 -0.0928
vn -0.5644 0.7742 0.2866
vn -0.5607 0.3301 -0.7593
vn -0.2917 0.9520 -0.0927
vn 0.2856 0.9537 -0.0941
vn 0.5597 0.7757 0.2916
vn -0.5649 0.7740 0.2859
vn -0.2954 0.9509 -0.0919
vn 0.2829 0.9544 -0.0947
vn 0.5570 0.7763 0.2952
vn -0.5674 0.7731 0.2835
vn 0.2857 0.9536 -0.0941
vn 0.2914 0.7287 -0.6198
vn 0.5643 0.3323 -0.7557
vn 0.5597 0.7756 0.2919
vn 0.2924 0.7283 -0.6197
vn -0.2848 0.7310 -0.6201
vn -0.5591 0.3294 -0.7608
vn 0.5654 0.3331 -0.7545
vn 0.2903 0.7290 -0.6198
vn -0.2879 0.7299 -0.6200
vn -0.5612 0.3301 -0.7590
vn 0.5632 0.3314 -0.7569
vn -0.2857 0.7307 -0.6200
vn -0.2926 0.9517 -0.0925
vn -0.5654 0.7739 0.2853
vn -0.5597 0.3295 -0.7603
vn -0.2930 0.9516 -0.0924
vn 0.5587 0.7759 0.2928
vn -0.5658 0.7738 0.2847
vn -0.2911 0.9522 -0.0928
vn 0.2871 0.9533 -0.0937
vn 0.5607 0.7751 0.2911
vn -0.5638 0.7742 0.2876
vn 0.2844 0.9540 -0.0944
vn 0.2927 0.7282 -0.6197
vn 0.5654 0.3329 -0.7547
vn 0.5585 0.7760 0.2931
vn 0.2937 0.7278 -0.6196
vn -0.2837 0.7314 -0.6200
vn -0.5582 0.3287 -0.7618
vn 0.5664 0.3337 -0.7535
vn 0.2916 0.7286 -0.6198
vn -0.2864 0.7304 -0.6200
vn -0.5602 0.3294 -0.7600
vn 0.5643 0.3319 -0.7559
vn -0.2844 0.7312 -0.6200
vn -0.2939 0.9514 -0.0922
vn -0.5664 0.7735 0.2842
vn -0.5587 0.3289 -0.7613
vn -0.2944 0.9512 -0.0922
vn 0.2831 0.9544 -0.0947
vn 0.5576 0.7763 0.2940
vn -0.5669 0.7735 0.2834
vn -0.2921 0.9519 -0.0925
vn 0.2859 0.9536 -0.0939
vn 0.5597 0.7754 0.2923
vn -0.5647 0.7739 0.2864
vn 0.2832 0.9544 -0.0946
vn 0.2939 0.7278 -0.6196
vn 0.5664 0.3335 -0.7536
vn 0.5576 0.7762 0.2942
vn 0.2950 0.7274 -0.6196
vn -0.5571 0.3281 -0.7628
vn 0.5673 0.3343 -0.7525
vn 0.2928 0.7281 -0.6197
vn -0.2852 0.7309 -0.6200
vn -0.5592 0.3288 -0.7610
vn 0.5653 0.3326 -0.7549
vn -0.2833 0.7316 -0.6200
vn -0.2953 0.9510 -0.0920
vn -0.5675 0.7732 0.2831
vn -0.5576 0.3283 -0.7624
vn -0.2956 0.9509 -0.0919
vn 0.2818 0.9547 -0.0950
vn 0.5566 0.7766 0.2951
vn -0.5679 0.7732 0.2824
vn -0.2934 0.9515 -0.0923
vn 0.2846 0.9540 -0.0943
vn 0.5586 0.7757 0.2935
vn -0.5658 0.7736 0.2852
vn 0.2819 0.9547 -0.0950
vn 0.2952 0.7273 -0.6195
vn 0.5675 0.3341 -0.7525
vn 0.5566 0.7765 0.2954
vn 0.2893 0.7295 -0.6198
vn -0.2879 0.7299 -0.6199
vn -0.5617 0.3310 -0.7582
vn 0.5629 0.3316 -0.7571
vn 0.2940 0.7277 -0.6196
vn -0.2839 0.7313 -0.6201
vn -0.5581 0.3282 -0.7621
vn 0.5663 0.3332 -0.7538
vn 0.2875 0.9532 -0.0936
vn 0.2894 0.7293 -0.6199
vn 0.5628 0.3313 -0.7573
vn 0.5613 0.7750 0.2902
vn -0.2898 0.9525 -0.0931
vn 0.2874 0.9532 -0.0937
vn 0.5613 0.7752 0.2899
vn -0.5633 0.7746 0.2875
vn -0.2946 0.9511 -0.0921
vn 0.2833 0.9543 -0.0946
vn 0.5575 0.7761 0.2945
vn -0.5669 0.7732 0.2841
vn -0.2876 0.7300 -0.6200
vn -0.2907 0.9523 -0.0930
vn -0.5638 0.7743 0.2873
vn -0.5612 0.3305 -0.7588
vn 0.2905 0.7290 -0.6198
vn -0.2869 0.7303 -0.6199
vn -0.5607 0.3303 -0.7592
vn 0.5639 0.3322 -0.7561
vn 0.2954 0.7273 -0.6195
vn -0.2827 0.7317 -0.6201
vn -0.5570 0.3276 -0.7631
vn 0.5674 0.3338 -0.7528
vn 0.2862 0.9535 -0.0939
vn 0.2906 0.7289 -0.6198
vn 0.5638 0.3319 -0.7563
vn 0.5602 0.7754 0.2914
vn -0.2913 0.9521 -0.0929
vn 0.2860 0.9536 -0.0940
vn 0.5603 0.7754 0.2910
vn -0.5643 0.7743 0.2863
vn -0.2960 0.9507 -0.0918
vn 0.2822 0.9546 -0.0949
vn 0.5565 0.7765 0.2956
vn -0.5679 0.7729 0.2829
vn -0.2863 0.7305 -0.6200
vn -0.2919 0.9519 -0.0927
vn -0.5648 0.7740 0.2861
vn -0.5602 0.3298 -0.7598
vn 0.2918 0.7286 -0.6196
vn -0.2855 0.7308 -0.6200
vn -0.5597 0.3298 -0.7602
vn 0.5649 0.3328 -0.7550
vn 0.2897 0.7292 -0.6199
vn -0.2884 0.7297 -0.6199
vn -0.5617 0.3304 -0.7585
vn 0.5628 0.3310 -0.7574
vn 0.2850 0.9539 -0.0942
vn 0.2919 0.7285 -0.6197
vn 0.5648 0.3325 -0.7552
vn 0.5592 0.7757 0.2925
vn -0.2925 0.9518 -0.0926
vn 0.2849 0.9539 -0.0943
vn 0.5592 0.7758 0.2922
vn -0.5654 0.7739 0.2852
vn 0.2877 0.9531 -0.0936
vn 0.5611 0.7751 0.2905
vn -0.5634 0.7743 0.2880
vn -0.2850 0.7309 -0.6200
vn -0.2933 0.9515 -0.0923
vn -0.5659 0.7736 0.2849
vn -0.5591 0.3292 -0.7609
vn 0.2929 0.7281 -0.6197
vn -0.2843 0.7312 -0.6200
vn -0.5587 0.3291 -0.7612
vn 0.5658 0.3335 -0.7541
vn 0.2910 0.7288 -0.6198
vn -0.2872 0.7301 -0.6200
vn -0.5607 0.3298 -0.7595
vn 0.5637 0.3316 -0.7564
vn 0.2838 0.9542 -0.0945
vn 0.2933 0.7280 -0.6196
vn 0.5659 0.3331 -0.7542
vn 0.5582 0.7760 0.2936
vn -0.2937 0.9514 -0.0923
vn 0.2835 0.9543 -0.0945
vn 0.5581 0.7762 0.2933
vn -0.5665 0.7736 0.2840
vn 0.2866 0.9534 -0.0938
vn 0.5601 0.7754 0.2915
vn -0.5644 0.7740 0.2869
vn -0.2839 0.7314 -0.6200
vn -0.2947 0.9511 -0.0921
vn -0.5669 0.7734 0.2837
vn -0.5581 0.3286 -0.7619
vn 0.2944 0.7276 -0.6196
vn -0.2830 0.7317 -0.6201
vn -0.5576 0.3285 -0.7623
vn 0.5669 0.3341 -0.7530
vn 0.2922 0.7284 -0.6197
vn -0.2858 0.7306 -0.6200
vn -0.5596 0.3292 -0.7606
vn 0.5648 0.3323 -0.7553
vn 0.2827 0.9545 -0.0948
vn 0.2947 0.7275 -0.6196
vn 0.5669 0.3338 -0.7532
vn 0.5570 0.7764 0.2949
vn -0.2950 0.9510 -0.0921
vn 0.2824 0.9546 -0.0949
vn 0.5571 0.7765 0.2945
vn -0.5675 0.7733 0.2828
vn -0.2928 0.9517 -0.0925
vn 0.2852 0.9538 -0.0941
vn 0.5591 0.7757 0.2928
vn -0.5654 0.7737 0.2858
vn -0.2825 0.7319 -0.6201
vn -0.5679 0.7731 0.2825
vn -0.5569 0.3280 -0.7630
vn 0.2899 0.7292 -0.6198
vn -0.2874 0.7301 -0.6200
vn -0.5613 0.3307 -0.7587
vn 0.5633 0.3319 -0.7566
vn 0.2933 0.7279 -0.6197
vn -0.5586 0.3286 -0.7616
vn 0.5658 0.3329 -0.7543
vn -0.2882 0.7298 -0.6200
vn -0.2902 0.9524 -0.0931
vn -0.5633 0.7745 0.2879
vn -0.5617 0.3307 -0.7584
vn 0.5607 0.7754 0.2904
vn -0.5638 0.7745 0.2868
vn -0.2941 0.9513 -0.0922
vn 0.2839 0.9542 -0.0944
vn 0.5581 0.7760 0.2939
vn -0.5663 0.7735 0.2846
vn 0.2870 0.9533 -0.0937
vn 0.2902 0.7291 -0.6198
vn 0.5632 0.3315 -0.7568
vn 0.5607 0.7752 0.2909
vn 0.2912 0.7288 -0.6197
vn -0.2861 0.7306 -0.6200
vn -0.5603 0.3301 -0.7597
vn 0.5643 0.3326 -0.7555
vn -0.2832 0.7315 -0.6201
vn -0.5576 0.3280 -0.7625
vn 0.5668 0.3336 -0.7533
vn -0.2870 0.7302 -0.6199
vn -0.5643 0.7742 0.2867
vn -0.5607 0.3300 -0.7593
vn -0.2918 0.9520 -0.0927
vn 0.2855 0.9537 -0.0942
vn 0.5597 0.7757 0.2915
vn -0.5649 0.7741 0.2857
vn -0.2953 0.9510 -0.0919
vn 0.5570 0.7763 0.2951
vn -0.5674 0.7731 0.2834
vn -0.5829 0.7553 0.2994
vn -0.5830 0.7553 0.2994
vn 0.5716 0.7584 0.3129
vn 0.0003 0.9207 -0.3903
vn 0.5820 0.3093 -0.7521
vn 0.5721 0.7584 0.3123
vn 0.5809 0.3086 -0.7532
vn 0.5732 0.7580 0.3111
vn 0.5778 0.3066 -0.7563
vn 0.5778 0.3066 -0.7564
vn 0.5799 0.3079 -0.7542
vn 0.5742 0.7578 0.3098
vn 0.5788 0.3072 -0.7554
vn 0.5752 0.7575 0.3087
vn 0.5763 0.7572 0.3074
vn -0.2859 0.7306 -0.6200
vn -0.2915 0.9520 -0.0927
vn -0.2871 0.7302 -0.6200
vn -0.2903 0.9524 -0.0930
vn 0.2865 0.9534 -0.0938
vn 0.2898 0.7292 -0.6199
vn 0.2879 0.9531 -0.0935
vn -0.2959 0.9508 -0.0918
vn -0.2826 0.7318 -0.6201
vn -0.2935 0.9515 -0.0923
vn -0.2853 0.7308 -0.6200
vn -0.2920 0.9519 -0.0926
vn -0.2863 0.7304 -0.6200
vn -0.2910 0.9522 -0.0929
vn -0.2878 0.7299 -0.6199
vn 0.2821 0.9546 -0.0949
vn -0.2833 0.7315 -0.6201
vn -0.2940 0.9513 -0.0922
vn -0.2846 0.7311 -0.6200
vn 0.2916 0.7286 -0.6197
vn 0.2859 0.9536 -0.0940
vn -0.2915 0.9521 -0.0927
vn -0.2883 0.7298 -0.6199
vn -0.2827 0.7318 -0.6201
vn 0.2946 0.7275 -0.6196
vn 0.2827 0.9545 -0.0947
vn -0.2947 0.9511 -0.0920
vn -0.2840 0.7313 -0.6200
vn 0.2933 0.7280 -0.6197
vn 0.2839 0.9542 -0.0945
vn -0.2850 0.7309 -0.6201
vn 0.2921 0.7284 -0.6197
vn -0.2920 0.9519 -0.0927
vn 0.2908 0.7288 -0.6198
vn 0.2864 0.9535 -0.0939
vn -0.2908 0.9522 -0.0929
vn 0.2896 0.7293 -0.6198
vn -0.2953 0.9509 -0.0920
vn -0.2833 0.7316 -0.6201
vn 0.2832 0.9543 -0.0946
vn -0.2845 0.7311 -0.6201
vn 0.2926 0.7282 -0.6197
vn 0.2844 0.9540 -0.0943
vn 0.2914 0.7287 -0.6197
vn 0.2858 0.9536 -0.0941
vn -0.2838 0.7314 -0.6201
vn 0.2932 0.7280 -0.6196
vn -0.2932 0.9515 -0.0924
vn 0.2920 0.7285 -0.6197
vn 0.2907 0.7289 -0.6198
vn 0.2863 0.9535 -0.0939
vn -0.2906 0.9523 -0.0929
vn -0.2875 0.7301 -0.6199
vn 0.2895 0.7294 -0.6198
vn 0.2951 0.7273 -0.6195
vn -0.2831 0.7317 -0.6201
vn 0.2938 0.7278 -0.6196
vn -0.2938 0.9514 -0.0923
vn 0.2926 0.7283 -0.6197
vn 0.2843 0.9540 -0.0944
vn -0.2926 0.9517 -0.0926
vn 0.2912 0.7287 -0.6198
vn 0.2855 0.9537 -0.0941
vn -0.2912 0.9521 -0.0928
vn -0.2868 0.7303 -0.6200
vn -0.2899 0.9525 -0.0931
vn -0.2880 0.7299 -0.6199
vn 0.2920 0.7285 -0.6196
vn 0.2862 0.9535 -0.0940
vn 0.2894 0.7294 -0.6198
vn 0.2875 0.9532 -0.0937
vn -0.2823 0.7320 -0.6201
vn -0.2837 0.7315 -0.6200
vn -0.2931 0.9516 -0.0925
vn -0.2849 0.7310 -0.6200
vn 0.2951 0.7274 -0.6195
vn -0.2951 0.9510 -0.0921
vn -0.2830 0.7317 -0.6200
vn 0.2830 0.9544 -0.0947
vn -0.2937 0.9514 -0.0924
vn -0.2842 0.7313 -0.6200
vn 0.2925 0.7283 -0.6196
vn 0.2843 0.9540 -0.0945
vn -0.2923 0.9518 -0.0927
vn -0.2868 0.7303 -0.6199
vn -0.2900 0.9525 -0.0931
vn -0.2880 0.7299 -0.6198
vn 0.2944 0.7277 -0.6195
vn 0.2823 0.9546 -0.0949
vn 0.2930 0.7281 -0.6196
vn 0.2835 0.9543 -0.0946
vn 0.2918 0.7285 -0.6197
vn 0.2848 0.9539 -0.0944
vn 0.2904 0.7291 -0.6198
vn 0.2873 0.9532 -0.0937
vn -0.5675 0.7733 0.2827
vn 0.5571 0.7765 0.2944
vn 0.5670 0.3342 -0.7529
vn -0.5576 0.3286 -0.7623
vn -0.5665 0.7736 0.2839
vn 0.5581 0.7762 0.2932
vn 0.5659 0.3336 -0.7540
vn -0.5587 0.3292 -0.7612
vn -0.5654 0.7739 0.2851
vn 0.5592 0.7759 0.2920
vn 0.5649 0.3329 -0.7550
vn -0.5597 0.3299 -0.7602
vn -0.5644 0.7742 0.2863
vn 0.5602 0.7756 0.2909
vn 0.5638 0.3324 -0.7561
vn -0.5608 0.3305 -0.7591
vn -0.5634 0.7745 0.2875
vn 0.5612 0.7753 0.2897
vn 0.5629 0.3316 -0.7570
vn -0.5617 0.3311 -0.7581
vn -0.5679 0.7732 0.2821
vn 0.5566 0.7766 0.2950
vn 0.5675 0.3344 -0.7524
vn -0.5571 0.3283 -0.7628
vn -0.5669 0.7735 0.2833
vn 0.5576 0.7763 0.2939
vn 0.5665 0.3338 -0.7534
vn -0.5581 0.3289 -0.7618
vn -0.5659 0.7737 0.2846
vn 0.5586 0.7760 0.2928
vn 0.5654 0.3332 -0.7545
vn -0.5592 0.3295 -0.7607
vn 0.5669 0.3340 -0.7530
vn -0.5663 0.7736 0.2841
vn 0.5582 0.7761 0.2934
vn 0.5659 0.3334 -0.7541
vn -0.5586 0.3290 -0.7613
vn 0.5592 0.7758 0.2923
vn 0.5649 0.3327 -0.7551
vn -0.5596 0.3297 -0.7603
vn -0.5643 0.7743 0.2864
vn 0.5603 0.7754 0.2911
vn 0.5639 0.3321 -0.7561
vn -0.5606 0.3303 -0.7593
vn -0.5634 0.7745 0.2876
vn 0.5612 0.7752 0.2900
vn 0.5628 0.3315 -0.7572
vn -0.5618 0.3309 -0.7582
vn 0.5564 0.7767 0.2952
vn 0.5674 0.3342 -0.7525
vn -0.5669 0.7734 0.2836
vn 0.5576 0.7762 0.2941
vn 0.5664 0.3336 -0.7536
vn -0.5581 0.3287 -0.7619
vn -0.5659 0.7737 0.2848
vn 0.5585 0.7760 0.2929
vn 0.5653 0.3330 -0.7546
vn -0.5592 0.3293 -0.7608
vn -0.5649 0.7740 0.2860
vn 0.5596 0.7757 0.2917
vn -0.5602 0.3299 -0.7598
vn -0.5637 0.7744 0.2871
vn 0.5608 0.7752 0.2906
vn 0.5633 0.3318 -0.7567
vn -0.5613 0.3305 -0.7588
vn 0.5581 0.7761 0.2936
vn 0.5658 0.3333 -0.7541
vn 0.5591 0.7757 0.2925
vn 0.5648 0.3326 -0.7552
vn 0.5601 0.7754 0.2913
vn 0.5638 0.3320 -0.7562
vn 0.5612 0.7751 0.2901
vn 0.5628 0.3314 -0.7572
vn -0.5674 0.7732 0.2831
vn -0.5576 0.3282 -0.7624
vn -0.5663 0.7736 0.2843
vn -0.5586 0.3288 -0.7615
vn -0.5653 0.7739 0.2855
vn -0.5596 0.3294 -0.7604
vn -0.5678 0.7731 0.2826
vn 0.5566 0.7765 0.2955
vn 0.5674 0.3340 -0.7526
vn -0.5571 0.3279 -0.7630
vn -0.5668 0.7734 0.2838
vn 0.5576 0.7761 0.2944
vn 0.5664 0.3334 -0.7537
vn -0.5581 0.3284 -0.7620
vn -0.5659 0.7736 0.2850
vn 0.5585 0.7759 0.2932
vn 0.5654 0.3328 -0.7547
vn -0.5591 0.3290 -0.7610
vn -0.5648 0.7740 0.2862
vn 0.5597 0.7755 0.2920
vn 0.5643 0.3321 -0.7558
vn -0.5602 0.3297 -0.7599
vn -0.5612 0.3303 -0.7589
vn -0.5674 0.7731 0.2833
vn 0.5668 0.3337 -0.7532
vn -0.5576 0.3281 -0.7625
vn -0.5664 0.7735 0.2845
vn 0.5580 0.7760 0.2938
vn 0.5658 0.3330 -0.7543
vn -0.5587 0.3287 -0.7614
vn -0.5654 0.7738 0.2857
vn 0.5591 0.7757 0.2926
vn 0.5648 0.3324 -0.7553
vn -0.5596 0.3293 -0.7605
vn -0.5643 0.7741 0.2868
vn 0.5601 0.7754 0.2914
vn 0.5637 0.3317 -0.7564
vn -0.5607 0.3299 -0.7594
vn -0.5633 0.7744 0.2880
vn 0.5612 0.7750 0.2904
vn 0.5628 0.3312 -0.7573
vn -0.5617 0.3306 -0.7584
vn -0.5679 0.7730 0.2827
vn 0.5564 0.7765 0.2957
vn 0.5673 0.3339 -0.7527
vn -0.5571 0.3277 -0.7630
vn -0.5669 0.7733 0.2839
vn 0.5663 0.3333 -0.7537
vn -0.5581 0.3283 -0.7620
vn -0.5658 0.7736 0.2851
vn 0.5586 0.7758 0.2933
vn 0.5654 0.3326 -0.7548
vn -0.5591 0.3289 -0.7610
vn -0.5648 0.7739 0.2863
vn 0.5596 0.7755 0.2921
vn 0.5643 0.3320 -0.7558
vn -0.5601 0.3296 -0.7600
vn -0.5638 0.7742 0.2875
vn 0.5606 0.7753 0.2909
vn -0.5612 0.3301 -0.7589
vn 0.5648 0.3322 -0.7554
vn -0.5596 0.3291 -0.7606
vn -0.5643 0.7740 0.2871
vn 0.5600 0.7754 0.2917
vn 0.5638 0.3316 -0.7564
vn -0.5607 0.3297 -0.7595
vn -0.5632 0.7744 0.2882
vn 0.5613 0.7749 0.2906
vn 0.5629 0.3309 -0.7574
vn -0.5616 0.3304 -0.7586
vn -0.0171 -0.8768 -0.4805
vn -0.5564 -0.7270 -0.4024
vn -0.0000 0.0513 -0.9987
vn 0.5437 -0.7378 -0.4001
vn -0.0047 0.2897 0.9571
vn -0.6503 0.2187 0.7274
vn 0.0000 0.0074 1.0000
vn 0.6469 0.2222 0.7295
usemtl None
s 1
f 9/1/1 25/2/2 4/3/3 2/4/4
f 73/5/5 6/6/6 5/7/7 94/8/8
f 41/9/9 8/10/10 7/11/11 72/12/12
f 116/13/13 7/14/11 8/15/10 105/16/14
f 467/17/15 105/18/14 8/19/10 41/20/9
f 291/21/16 94/22/8 5/23/7 57/24/12
f 116/25/13 127/26/16 72/27/12 7/28/11
f 127/26/16 138/29/16 71/30/12 72/27/12
f 138/29/16 149/31/16 70/32/12 71/30/12
f 149/31/16 160/33/16 69/34/12 70/32/12
f 160/33/16 170/35/16 68/36/12 69/34/12
f 170/35/16 181/37/16 67/38/12 68/36/12
f 181/37/16 192/39/16 66/40/12 67/38/12
f 192/39/16 203/41/16 65/42/12 66/40/12
f 203/41/16 214/43/16 64/44/12 65/42/12
f 214/43/16 225/45/16 63/46/12 64/44/12
f 225/45/16 236/47/16 62/48/12 63/46/12
f 236/47/16 247/49/16 61/50/12 62/48/12
f 247/49/16 258/51/16 60/52/12 61/50/12
f 258/51/16 269/53/16 59/54/12 60/52/12
f 269/53/16 280/55/16 58/56/12 59/54/12
f 280/55/16 291/21/16 57/24/12 58/56/12
f 73/57/5 302/58/17 56/59/9 6/60/6
f 302/58/17 313/61/15 55/62/9 56/59/9
f 313/61/15 324/63/17 54/64/9 55/62/9
f 324/63/17 335/65/15 53/66/9 54/64/9
f 335/65/15 346/67/17 52/68/9 53/66/9
f 346/67/17 357/69/15 51/70/9 52/68/9
f 357/69/15 368/71/17 50/72/9 51/70/9
f 368/71/17 379/73/15 49/74/9 50/72/9
f 379/73/15 390/75/17 48/76/9 49/74/9
f 390/75/17 401/77/15 47/78/9 48/76/9
f 401/77/15 412/79/17 46/80/9 47/78/9
f 412/79/17 423/81/15 45/82/9 46/80/9
f 423/81/15 434/83/17 44/84/9 45/82/9
f 434/83/17 445/85/15 43/86/9 44/84/9
f 445/85/15 456/87/18 42/88/9 43/86/9
f 456/87/18 467/17/15 41/20/9 42/88/9
f 6/89/6 56/90/9 57/91/12 5/92/7
f 56/90/9 55/93/9 58/94/12 57/91/12
f 55/93/9 54/95/9 59/96/12 58/94/12
f 54/95/9 53/97/9 60/98/12 59/96/12
f 53/97/9 52/99/9 61/100/12 60/98/12
f 52/99/9 51/101/9 62/102/12 61/100/12
f 51/101/9 50/103/9 63/104/12 62/102/12
f 50/103/9 49/105/9 64/106/12 63/104/12
f 49/105/9 48/107/9 65/108/12 64/106/12
f 48/107/9 47/109/9 66/110/12 65/108/12
f 47/109/9 46/111/9 67/112/12 66/110/12
f 46/111/9 45/113/9 68/114/12 67/112/12
f 45/113/9 44/115/9 69/116/12 68/114/12
f 44/115/9 43/117/9 70/118/12 69/116/12
f 43/117/9 42/119/9 71/120/12 70/118/12
f 42/119/9 41/9/9 72/12/12 71/120/12
f 1/121/19 3/122/20 40/123/2 24/124/1
f 24/124/1 40/123/2 39/125/2 23/126/1
f 23/126/1 39/125/2 38/127/2 22/128/1
f 22/128/1 38/127/2 37/129/2 21/130/1
f 21/130/1 37/129/2 36/131/21 20/132/22
f 20/132/22 36/131/21 35/133/21 19/134/1
f 19/134/1 35/133/21 34/135/2 18/136/1
f 18/136/1 34/135/2 33/137/2 17/138/1
f 17/138/1 33/137/2 32/139/2 16/140/1
f 16/140/1 32/139/2 31/141/21 15/142/22
f 15/142/22 31/141/21 30/143/2 14/144/22
f 14/144/22 30/143/2 29/145/2 13/146/1
f 13/146/1 29/145/2 28/147/2 12/148/1
f 12/148/1 28/147/2 27/149/2 11/150/1
f 11/150/1 27/149/2 26/151/2 10/152/1
f 10/152/1 26/151/2 25/2/2 9/1/1
f 39/153/2 40/154/2 457/155/23 446/156/24
f 446/156/24 457/155/23 458/157/25 447/158/23
f 312/159/26 313/160/15 671/161/27 669/162/26
f 448/163/23 459/164/28 460/165/29 449/166/23
f 416/167/23 417/168/30 859/169/23 857/170/23
f 450/171/23 461/172/31 462/173/32 451/174/23
f 411/175/23 422/176/23 869/177/33 849/178/23
f 452/179/23 463/180/34 464/181/35 453/182/23
f 295/183/36 306/184/26 657/185/26 644/186/37
f 454/187/23 465/188/38 466/189/39 455/190/30
f 312/191/26 311/192/23 667/193/26 669/194/26
f 38/195/2 39/153/2 446/156/24 435/196/40
f 416/197/23 415/198/23 855/199/23 857/200/23
f 436/201/26 447/202/23 448/203/23 437/204/23
f 421/205/23 410/206/23 847/207/23 867/208/23
f 438/209/23 449/210/23 450/211/23 439/212/23
f 305/213/23 294/214/41 643/215/42 655/216/26
f 440/217/23 451/218/23 452/219/23 441/220/30
f 310/221/23 311/222/23 667/223/26 665/224/23
f 442/225/26 453/226/23 454/227/23 443/228/23
f 414/229/23 415/230/23 855/231/23 853/232/23
f 444/233/23 455/190/30 456/87/18 445/85/15
f 37/234/2 38/195/2 435/196/40 424/235/24
f 424/235/24 435/196/40 436/236/26 425/237/23
f 409/238/23 420/239/26 865/240/23 845/241/30
f 426/242/23 437/243/23 438/244/23 427/245/23
f 293/246/43 304/247/23 653/248/30 642/249/44
f 428/250/23 439/251/23 440/252/23 429/253/23
f 310/254/23 309/255/23 663/256/23 665/257/23
f 430/258/23 441/259/30 442/260/26 431/261/23
f 414/262/23 413/263/40 852/264/45 853/265/23
f 432/266/23 443/267/23 444/268/23 433/269/30
f 419/270/23 408/271/23 843/272/33 863/273/46
f 36/274/21 37/234/2 424/235/24 413/275/40
f 308/276/23 309/277/23 663/278/23 661/279/30
f 414/280/23 425/281/23 426/282/23 415/283/23
f 407/284/23 418/285/23 861/286/23 841/287/30
f 416/288/23 427/289/23 428/290/23 417/291/30
f 308/292/23 307/293/23 659/294/26 661/295/30
f 418/296/23 429/297/23 430/298/23 419/299/23
f 412/300/17 411/301/23 849/302/23 851/303/47
f 420/304/26 431/305/23 432/306/23 421/307/23
f 417/308/30 406/309/23 839/310/30 859/311/23
f 422/312/23 433/313/30 434/83/17 423/81/15
f 35/314/21 36/274/21 413/275/40 402/315/24
f 402/315/24 413/275/40 414/316/23 403/317/23
f 323/318/23 312/319/26 669/320/26 689/321/23
f 404/322/23 415/323/23 416/324/23 405/325/23
f 306/326/26 307/327/23 659/328/26 657/329/26
f 406/330/23 417/331/30 418/332/23 407/333/23
f 410/334/23 411/335/23 849/336/23 847/337/23
f 408/338/23 419/339/23 420/340/26 409/341/23
f 405/342/23 416/343/23 857/344/23 837/345/23
f 410/346/23 421/347/23 422/348/23 411/349/23
f 311/350/23 322/351/23 687/352/23 667/353/26
f 34/354/2 35/314/21 402/315/24 391/355/40
f 306/356/26 305/357/23 655/358/26 657/359/26
f 392/360/23 403/361/23 404/362/23 393/363/30
f 410/364/23 409/365/23 845/366/30 847/367/23
f 394/368/23 405/369/23 406/370/23 395/371/23
f 415/372/23 404/373/23 835/374/33 855/375/23
f 396/376/23 407/377/23 408/378/23 397/379/23
f 321/380/30 310/381/23 665/382/23 685/383/23
f 398/384/23 409/385/23 410/386/23 399/387/23
f 304/388/23 305/389/23 655/390/26 653/391/30
f 400/392/23 411/393/23 412/79/17 401/77/15
f 33/394/2 34/354/2 391/355/40 380/395/24
f 380/395/24 391/355/40 392/396/23 381/397/23
f 408/398/23 409/399/23 845/400/30 843/401/33
f 382/402/23 393/403/30 394/404/23 383/405/30
f 403/406/23 414/407/23 853/408/23 833/409/30
f 384/410/23 395/411/23 396/412/23 385/413/23
f 309/414/23 320/415/23 683/416/23 663/417/23
f 386/418/23 397/419/23 398/420/23 387/421/23
f 304/422/23 303/423/40 652/424/45 653/425/30
f 388/426/23 399/427/23 400/428/23 389/429/23
f 408/430/23 407/431/23 841/432/30 843/433/33
f 32/434/2 33/394/2 380/395/24 369/435/40
f 319/436/23 308/437/23 661/438/30 681/439/30
f 370/440/23 381/441/23 382/442/23 371/443/23
f 406/444/23 407/445/23 841/446/30 839/447/30
f 372/448/23 383/449/30 384/450/23 373/451/23
f 307/452/23 318/453/23 679/454/30 659/455/26
f 374/456/23 385/457/23 386/458/23 375/459/23
f 302/460/17 301/461/48 650/462/49 651/463/50
f 376/464/26 387/465/23 388/466/23 377/467/23
f 406/468/23 405/469/23 837/470/23 839/471/30
f 378/472/23 389/473/23 390/75/17 379/73/15
f 31/474/21 32/434/2 369/435/40 358/475/24
f 358/475/24 369/435/40 370/476/23 359/477/23
f 433/478/30 422/479/23 869/480/33 889/481/23
f 360/482/23 371/483/23 372/484/23 361/485/23
f 317/486/23 306/487/26 657/488/26 677/489/23
f 362/490/23 373/491/23 374/492/23 363/493/30
f 404/494/23 405/495/23 837/496/23 835/497/33
f 364/498/23 375/499/23 376/500/26 365/501/23
f 421/502/23 432/503/23 887/504/30 867/505/23
f 366/506/23 377/507/23 378/508/23 367/509/30
f 305/510/23 316/511/26 675/512/30 655/513/26
f 30/514/2 31/474/21 358/475/24 347/515/40
f 300/516/51 299/517/52 648/518/53 649/519/54
f 348/520/23 359/521/23 360/522/23 349/523/30
f 404/524/23 403/525/23 833/526/30 835/527/33
f 350/528/23 361/529/23 362/530/23 351/531/23
f 431/532/23 420/533/26 865/534/23 885/535/23
f 352/536/23 363/537/30 364/538/23 353/539/23
f 315/540/23 304/541/23 653/542/30 673/543/23
f 354/544/23 365/545/23 366/546/23 355/547/23
f 402/548/24 403/549/23 833/550/30 832/551/55
f 356/552/23 367/553/30 368/71/17 357/69/15
f 29/554/2 30/514/2 347/515/40 336/555/24
f 336/555/24 347/515/40 348/556/23 337/557/23
f 419/558/23 430/559/23 883/560/23 863/561/46
f 338/562/23 349/563/30 350/564/23 339/565/23
f 303/566/40 314/567/24 672/568/55 652/569/45
f 340/570/23 351/571/23 352/572/23 341/573/23
f 298/574/56 297/575/57 646/576/58 647/577/59
f 342/578/26 353/579/23 354/580/23 343/581/23
f 429/582/23 418/583/23 861/584/23 881/585/26
f 344/586/23 355/587/23 356/588/23 345/589/23
f 335/590/15 324/591/17 691/592/47 711/593/60
f 28/594/2 29/554/2 336/555/24 325/595/40
f 400/596/23 401/597/15 831/598/60 829/599/23
f 326/600/23 337/601/23 338/602/23 327/603/23
f 417/604/30 428/605/23 879/606/30 859/607/23
f 328/608/26 339/609/23 340/610/23 329/611/23
f 323/612/23 334/613/26 709/614/33 689/615/23
f 330/616/23 341/617/23 342/618/26 331/619/23
f 296/620/61 295/621/36 644/622/37 645/623/62
f 332/624/23 343/625/23 344/626/23 333/627/23
f 400/628/23 399/629/23 827/630/26 829/631/23
f 334/632/26 345/633/23 346/67/17 335/65/15
f 27/634/2 28/594/2 325/595/40 314/635/24
f 314/635/24 325/595/40 326/636/23 315/637/23
f 427/638/23 416/639/23 857/640/23 877/641/26
f 316/642/26 327/643/23 328/644/26 317/645/23
f 333/646/23 322/647/23 687/648/23 707/649/30
f 318/650/23 329/651/23 330/652/23 319/653/23
f 398/654/23 399/655/23 827/656/26 825/657/23
f 320/658/23 331/659/23 332/660/23 321/661/30
f 415/662/23 426/663/23 875/664/23 855/665/23
f 322/666/23 333/667/23 334/668/26 323/669/23
f 321/670/30 332/671/23 705/672/30 685/673/23
f 26/674/2 27/634/2 314/635/24 303/675/40
f 294/676/41 293/677/43 642/678/44 643/679/42
f 304/680/23 315/681/23 316/682/26 305/683/23
f 398/684/23 397/685/23 823/686/23 825/687/23
f 306/688/26 317/689/23 318/690/23 307/691/23
f 425/692/23 414/693/23 853/694/23 873/695/23
f 308/696/23 319/697/23 320/698/23 309/699/23
f 331/700/23 320/701/23 683/702/23 703/703/23
f 310/704/23 321/705/30 322/706/23 311/707/23
f 396/708/23 397/709/23 823/710/23 821/711/30
f 312/712/26 323/713/23 324/63/17 313/61/15
f 25/714/2 26/674/2 303/675/40 292/715/23
f 292/715/23 303/675/40 304/716/23 293/717/43
f 413/718/40 424/719/24 872/720/55 852/721/45
f 294/722/41 305/723/23 306/724/26 295/725/36
f 319/726/23 330/727/23 701/728/30 681/729/30
f 296/730/61 307/731/23 308/732/23 297/733/57
f 396/734/23 395/735/23 819/736/23 821/737/30
f 298/738/56 309/739/23 310/740/23 299/741/52
f 445/742/15 434/743/17 891/744/63 911/745/27
f 300/746/51 311/747/23 312/712/26 301/748/48
f 329/749/23 318/750/23 679/751/30 699/752/23
f 4/753/3 25/714/2 292/715/23 83/754/5
f 83/754/5 292/715/23 293/717/43 82/755/5
f 82/755/5 293/717/43 294/722/41 81/756/5
f 81/756/5 294/722/41 295/725/36 80/757/5
f 80/757/5 295/725/36 296/730/61 79/758/5
f 79/758/5 296/730/61 297/733/57 78/759/5
f 78/759/5 297/733/57 298/738/56 77/760/5
f 77/760/5 298/738/56 299/741/52 76/761/5
f 76/761/5 299/741/52 300/746/51 75/762/5
f 75/762/5 300/746/51 301/748/48 74/763/5
f 74/763/5 301/748/48 302/58/17 73/57/5
f 10/764/1 9/765/1 281/766/16 270/767/16
f 270/767/16 281/766/16 282/768/16 271/769/16
f 271/769/16 282/768/16 283/770/16 272/771/16
f 272/771/16 283/770/16 284/772/16 273/773/16
f 273/773/16 284/772/16 285/774/16 274/775/16
f 274/775/16 285/774/16 286/776/16 275/777/16
f 275/777/16 286/776/16 287/778/16 276/779/16
f 276/779/16 287/778/16 288/780/16 277/781/16
f 277/781/16 288/780/16 289/782/16 278/783/16
f 278/783/16 289/782/16 290/784/16 279/785/16
f 279/785/16 290/784/16 291/21/16 280/55/16
f 11/786/1 10/764/1 270/767/16 259/787/16
f 259/787/16 270/767/16 271/769/16 260/788/16
f 260/788/16 271/769/16 272/771/16 261/789/16
f 261/789/16 272/771/16 273/773/16 262/790/16
f 262/790/16 273/773/16 274/775/16 263/791/16
f 263/791/16 274/775/16 275/777/16 264/792/16
f 264/792/16 275/777/16 276/779/16 265/793/16
f 265/793/16 276/779/16 277/781/16 266/794/16
f 266/794/16 277/781/16 278/783/16 267/795/16
f 267/795/16 278/783/16 279/785/16 268/796/16
f 268/796/16 279/785/16 280/55/16 269/53/16
f 12/797/1 11/786/1 259/787/16 248/798/16
f 248/798/16 259/787/16 260/788/16 249/799/16
f 249/799/16 260/788/16 261/789/16 250/800/16
f 250/800/16 261/789/16 262/790/16 251/801/16
f 251/801/16 262/790/16 263/791/16 252/802/16
f 252/802/16 263/791/16 264/792/16 253/803/16
f 253/803/16 264/792/16 265/793/16 254/804/16
f 254/804/16 265/793/16 266/794/16 255/805/16
f 255/805/16 266/794/16 267/795/16 256/806/16
f 256/806/16 267/795/16 268/796/16 257/807/16
f 257/807/16 268/796/16 269/53/16 258/51/16
f 13/808/1 12/797/1 248/798/16 237/809/16
f 237/809/16 248/798/16 249/799/16 238/810/16
f 238/810/16 249/799/16 250/800/16 239/811/16
f 239/811/16 250/800/16 251/801/16 240/812/16
f 240/812/16 251/801/16 252/802/16 241/813/16
f 241/813/16 252/802/16 253/803/16 242/814/16
f 242/814/16 253/803/16 254/804/16 243/815/16
f 243/815/16 254/804/16 255/805/16 244/816/16
f 244/816/16 255/805/16 256/806/16 245/817/16
f 245/817/16 256/806/16 257/807/16 246/818/16
f 246/818/16 257/807/16 258/51/16 247/49/16
f 14/819/22 13/808/1 237/809/16 226/820/16
f 226/820/16 237/809/16 238/810/16 227/821/16
f 227/821/16 238/810/16 239/811/16 228/822/16
f 228/822/16 239/811/16 240/812/16 229/823/16
f 229/823/16 240/812/16 241/813/16 230/824/16
f 230/824/16 241/813/16 242/814/16 231/825/16
f 231/825/16 242/814/16 243/815/16 232/826/16
f 232/826/16 243/815/16 244/816/16 233/827/16
f 233/827/16 244/816/16 245/817/16 234/828/16
f 234/828/16 245/817/16 246/818/16 235/829/16
f 235/829/16 246/818/16 247/49/16 236/47/16
f 15/830/22 14/819/22 226/820/16 215/831/16
f 215/831/16 226/820/16 227/821/16 216/832/16
f 216/832/16 227/821/16 228/822/16 217/833/16
f 217/833/16 228/822/16 229/823/16 218/834/16
f 218/834/16 229/823/16 230/824/16 219/835/16
f 219/835/16 230/824/16 231/825/16 220/836/16
f 220/836/16 231/825/16 232/826/16 221/837/16
f 221/837/16 232/826/16 233/827/16 222/838/16
f 222/838/16 233/827/16 234/828/16 223/839/16
f 223/839/16 234/828/16 235/829/16 224/840/16
f 224/840/16 235/829/16 236/47/16 225/45/16
f 16/841/1 15/830/22 215/831/16 204/842/16
f 204/842/16 215/831/16 216/832/16 205/843/16
f 205/843/16 216/832/16 217/833/16 206/844/16
f 206/844/16 217/833/16 218/834/16 207/845/16
f 207/845/16 218/834/16 219/835/16 208/846/16
f 208/846/16 219/835/16 220/836/16 209/847/16
f 209/847/16 220/836/16 221/837/16 210/848/16
f 210/848/16 221/837/16 222/838/16 211/849/16
f 211/849/16 222/838/16 223/839/16 212/850/16
f 212/850/16 223/839/16 224/840/16 213/851/16
f 213/851/16 224/840/16 225/45/16 214/43/16
f 17/852/1 16/841/1 204/842/16 193/853/16
f 193/853/16 204/842/16 205/843/16 194/854/16
f 194/854/16 205/843/16 206/844/16 195/855/16
f 195/855/16 206/844/16 207/845/16 196/856/16
f 196/856/16 207/845/16 208/846/16 197/857/16
f 197/857/16 208/846/16 209/847/16 198/858/16
f 198/858/16 209/847/16 210/848/16 199/859/16
f 199/859/16 210/848/16 211/849/16 200/860/16
f 200/860/16 211/849/16 212/850/16 201/861/16
f 201/861/16 212/850/16 213/851/16 202/862/16
f 202/862/16 213/851/16 214/43/16 203/41/16
f 18/863/1 17/852/1 193/853/16 182/864/16
f 182/864/16 193/853/16 194/854/16 183/865/16
f 183/865/16 194/854/16 195/855/16 184/866/16
f 184/866/16 195/855/16 196/856/16 185/867/16
f 185/867/16 196/856/16 197/857/16 186/868/16
f 186/868/16 197/857/16 198/858/16 187/869/16
f 187/869/16 198/858/16 199/859/16 188/870/16
f 188/870/16 199/859/16 200/860/16 189/871/16
f 189/871/16 200/860/16 201/861/16 190/872/16
f 190/872/16 201/861/16 202/862/16 191/873/16
f 191/873/16 202/862/16 203/41/16 192/39/16
f 19/874/1 18/863/1 182/864/16 171/875/16
f 171/875/16 182/864/16 183/865/16 172/876/16
f 172/876/16 183/865/16 184/866/16 173/877/64
f 173/877/64 184/866/16 185/867/16 174/878/8
f 174/878/8 185/867/16 186/868/16 175/879/65
f 175/879/65 186/868/16 187/869/16 176/880/16
f 176/880/16 187/869/16 188/870/16 177/881/16
f 177/881/16 188/870/16 189/871/16 178/882/16
f 178/882/16 189/871/16 190/872/16 179/883/16
f 179/883/16 190/872/16 191/873/16 180/884/16
f 180/884/16 191/873/16 192/39/16 181/37/16
f 20/885/22 19/874/1 171/875/16 161/886/16
f 161/886/16 171/875/16 172/876/16 162/887/16
f 162/887/16 172/876/16 173/877/64 163/888/66
f 174/889/8 175/890/65 2491/891/67 2490/892/68
f 154/893/69 153/894/13 2484/895/70 2485/896/71
f 164/897/72 175/879/65 176/880/16 165/898/16
f 165/898/16 176/880/16 177/881/16 166/899/16
f 166/899/16 177/881/16 178/882/16 167/900/16
f 167/900/16 178/882/16 179/883/16 168/901/16
f 168/901/16 179/883/16 180/884/16 169/902/16
f 169/902/16 180/884/16 181/37/16 170/35/16
f 21/903/1 20/885/22 161/886/16 150/904/16
f 150/904/16 161/886/16 162/887/16 151/905/16
f 151/905/16 162/887/16 163/888/66 152/906/73
f 175/907/65 164/908/72 2488/909/74 2491/910/67
f 164/908/72 154/911/69 2485/912/71 2488/909/74
f 154/913/69 164/897/72 165/898/16 155/914/16
f 155/914/16 165/898/16 166/899/16 156/915/16
f 156/915/16 166/899/16 167/900/16 157/916/16
f 157/916/16 167/900/16 168/901/16 158/917/16
f 158/917/16 168/901/16 169/902/16 159/918/16
f 159/918/16 169/902/16 170/35/16 160/33/16
f 22/919/1 21/903/1 150/904/16 139/920/16
f 139/920/16 150/904/16 151/905/16 140/921/16
f 140/921/16 151/905/16 152/906/73 141/922/16
f 141/922/16 152/906/73 153/923/13 142/924/16
f 142/924/16 153/923/13 154/913/69 143/925/16
f 143/925/16 154/913/69 155/914/16 144/926/16
f 144/926/16 155/914/16 156/915/16 145/927/16
f 145/927/16 156/915/16 157/916/16 146/928/16
f 146/928/16 157/916/16 158/917/16 147/929/16
f 147/929/16 158/917/16 159/918/16 148/930/16
f 148/930/16 159/918/16 160/33/16 149/31/16
f 23/931/1 22/919/1 139/920/16 128/932/16
f 128/932/16 139/920/16 140/921/16 129/933/16
f 129/933/16 140/921/16 141/922/16 130/934/16
f 130/934/16 141/922/16 142/924/16 131/935/16
f 131/935/16 142/924/16 143/925/16 132/936/16
f 132/936/16 143/925/16 144/926/16 133/937/16
f 133/937/16 144/926/16 145/927/16 134/938/16
f 134/938/16 145/927/16 146/928/16 135/939/16
f 135/939/16 146/928/16 147/929/16 136/940/16
f 136/940/16 147/929/16 148/930/16 137/941/16
f 137/941/16 148/930/16 149/31/16 138/29/16
f 24/942/1 23/931/1 128/932/16 117/943/16
f 117/943/16 128/932/16 129/933/16 118/944/16
f 118/944/16 129/933/16 130/934/16 119/945/16
f 119/945/16 130/934/16 131/935/16 120/946/16
f 120/946/16 131/935/16 132/936/16 121/947/16
f 121/947/16 132/936/16 133/937/16 122/948/16
f 122/948/16 133/937/16 134/938/16 123/949/16
f 123/949/16 134/938/16 135/939/16 124/950/16
f 124/950/16 135/939/16 136/940/16 125/951/16
f 125/951/16 136/940/16 137/941/16 126/952/16
f 126/952/16 137/941/16 138/29/16 127/26/16
f 1/953/19 24/942/1 117/943/16 106/954/13
f 106/954/13 117/943/16 118/944/16 107/955/13
f 107/955/13 118/944/16 119/945/16 108/956/13
f 108/956/13 119/945/16 120/946/16 109/957/13
f 109/957/13 120/946/16 121/947/16 110/958/13
f 110/958/13 121/947/16 122/948/16 111/959/13
f 111/959/13 122/948/16 123/949/16 112/960/13
f 112/960/13 123/949/16 124/950/16 113/961/13
f 113/961/13 124/950/16 125/951/16 114/962/13
f 114/962/13 125/951/16 126/952/16 115/963/13
f 115/963/13 126/952/16 127/26/16 116/25/13
f 9/765/1 2/964/4 84/965/8 281/766/16
f 281/766/16 84/965/8 85/966/8 282/768/16
f 282/768/16 85/966/8 86/967/8 283/770/16
f 283/770/16 86/967/8 87/968/8 284/772/16
f 284/772/16 87/968/8 88/969/8 285/774/16
f 285/774/16 88/969/8 89/970/8 286/776/16
f 286/776/16 89/970/8 90/971/8 287/778/16
f 287/778/16 90/971/8 91/972/8 288/780/16
f 288/780/16 91/972/8 92/973/8 289/782/16
f 289/782/16 92/973/8 93/974/8 290/784/16
f 290/784/16 93/974/8 94/22/8 291/21/16
f 40/154/2 3/975/20 95/976/14 457/155/23
f 457/155/23 95/976/14 96/977/14 458/157/25
f 458/157/25 96/977/14 97/978/14 459/164/28
f 459/164/28 97/978/14 98/979/14 460/165/29
f 460/165/29 98/979/14 99/980/14 461/172/31
f 461/172/31 99/980/14 100/981/14 462/173/32
f 462/173/32 100/981/14 101/982/14 463/180/34
f 463/180/34 101/982/14 102/983/14 464/181/35
f 464/181/35 102/983/14 103/984/14 465/188/38
f 465/188/38 103/984/14 104/985/14 466/189/39
f 466/189/39 104/985/14 105/18/14 467/17/15
f 1/986/19 106/987/13 95/988/14 3/989/20
f 106/987/13 107/990/13 96/991/14 95/988/14
f 107/990/13 108/992/13 97/993/14 96/991/14
f 108/992/13 109/994/13 98/995/14 97/993/14
f 109/994/13 110/996/13 99/997/14 98/995/14
f 110/996/13 111/998/13 100/999/14 99/997/14
f 111/998/13 112/1000/13 101/1001/14 100/999/14
f 112/1000/13 113/1002/13 102/1003/14 101/1001/14
f 113/1002/13 114/1004/13 103/1005/14 102/1003/14
f 114/1004/13 115/1006/13 104/1007/14 103/1005/14
f 115/1006/13 116/13/13 105/16/14 104/1007/14
f 4/1008/3 83/1009/5 84/1010/8 2/1011/4
f 83/1009/5 82/1012/5 85/1013/8 84/1010/8
f 82/1012/5 81/1014/5 86/1015/8 85/1013/8
f 81/1014/5 80/1016/5 87/1017/8 86/1015/8
f 80/1016/5 79/1018/5 88/1019/8 87/1017/8
f 79/1018/5 78/1020/5 89/1021/8 88/1019/8
f 78/1020/5 77/1022/5 90/1023/8 89/1021/8
f 77/1022/5 76/1024/5 91/1025/8 90/1023/8
f 76/1024/5 75/1026/5 92/1027/8 91/1025/8
f 75/1026/5 74/1028/5 93/1029/8 92/1027/8
f 74/1028/5 73/5/5 94/8/8 93/1029/8
f 567/1030/75 816/1031/76 1115/1032/77 1114/1033/78
f 578/1034/79 589/1035/80 1154/1036/81 1134/1037/82
f 472/1038/83 483/1039/84 962/1040/85 946/1041/86
f 814/1042/87 566/1043/88 1112/1044/89 1113/1045/90
f 890/1046/91 870/1047/92 1169/1048/93 1189/1049/94
f 660/1050/95 471/1051/96 945/1052/97 959/1053/98
f 565/1054/99 564/1055/100 1110/1056/101 1111/1057/102
f 596/1058/103 607/1059/104 1188/1060/105 1168/1061/106
f 470/1062/107 481/1063/108 958/1064/109 944/1065/110
f 563/1066/111 810/1067/112 1109/1068/113 1108/1069/114
f 886/1070/115 866/1071/116 1165/1072/117 1185/1073/118
f 656/1074/119 469/1075/120 943/1076/121 955/1077/122
f 808/1078/123 562/1079/124 1106/1080/125 1107/1081/126
f 594/1082/127 605/1083/128 1184/1084/129 1164/1085/130
f 468/1086/131 479/1087/132 954/1088/133 942/1089/134
f 561/1090/135 806/1091/136 1105/1092/137 1104/1093/138
f 882/1094/139 862/1095/140 1161/1096/141 1181/1097/142
f 690/1098/143 670/1099/144 969/1100/145 989/1101/146
f 804/1102/147 560/1103/148 1102/1104/149 1103/1105/150
f 592/1106/151 603/1107/152 1180/1108/153 1160/1109/154
f 486/1110/155 497/1111/156 988/1112/157 968/1113/158
f 559/1114/159 802/1115/160 1101/1116/161 1100/1117/162
f 878/1118/163 858/1119/164 1157/1120/165 1177/1121/166
f 686/1122/167 666/1123/168 965/1124/169 985/1125/170
f 800/1126/171 558/1127/172 1098/1128/173 1099/1129/174
f 590/1130/175 601/1131/176 1176/1132/177 1156/1133/178
f 484/1134/179 495/1135/180 984/1136/181 964/1137/182
f 557/1138/183 798/1139/184 1097/1140/185 1096/1141/186
f 874/1142/187 854/1143/188 1153/1144/189 1173/1145/190
f 682/1146/191 662/1147/192 961/1148/193 981/1149/194
f 796/1150/195 556/1151/79 1094/1152/196 1095/1153/197
f 588/1154/88 599/1155/198 1172/1156/199 1152/1157/200
f 482/1158/201 493/1159/202 980/1160/203 960/1161/204
f 555/1162/205 794/1163/187 1093/1164/206 1092/1165/207
f 620/1166/208 609/1167/209 1191/1168/210 1211/1169/211
f 678/1170/212 658/1171/213 957/1172/214 977/1173/215
f 553/1174/216 554/1175/217 1091/1176/218 1090/1177/219
f 608/1178/220 619/1179/221 1210/1180/222 1190/1181/223
f 480/1182/224 491/1183/225 976/1184/226 956/1185/227
f 790/1186/228 552/1187/229 1088/1188/230 1089/1189/231
f 908/1190/143 888/1191/232 1187/1192/233 1207/1193/234
f 674/1194/235 654/1195/236 953/1196/237 973/1197/238
f 551/1198/239 788/1199/240 1087/1200/241 1086/1201/242
f 606/1202/243 617/1203/244 1206/1204/245 1186/1205/246
f 478/1206/247 489/1207/248 972/1208/249 952/1209/250
f 786/1210/251 550/1211/252 1084/1212/253 1085/1213/254
f 904/1214/255 884/1215/256 1183/1216/257 1203/1217/258
f 510/1218/259 499/1219/260 991/1220/261 1011/1221/262
f 549/1222/263 784/1223/264 1083/1224/265 1082/1225/266
f 604/1226/267 615/1227/268 1202/1228/269 1182/1229/270
f 498/1230/271 509/1231/272 1010/1232/273 990/1233/274
f 782/1234/140 548/1235/275 1080/1236/276 1081/1237/277
f 900/1238/278 880/1239/279 1179/1240/280 1199/1241/281
f 708/1242/240 688/1243/282 987/1244/283 1007/1245/284
f 547/1246/285 780/1247/286 1079/1248/287 1078/1249/288
f 602/1250/289 613/1251/290 1198/1252/291 1178/1253/292
f 496/1254/293 507/1255/294 1006/1256/295 986/1257/296
f 778/1258/297 546/1259/298 1076/1260/299 1077/1261/300
f 896/1262/301 876/1263/302 1175/1264/303 1195/1265/304
f 704/1266/305 684/1267/116 983/1268/306 1003/1269/307
f 545/1270/308 776/1271/309 1075/1272/310 1074/1273/311
f 600/1274/312 611/1275/313 1194/1276/314 1174/1277/315
f 494/1278/83 505/1279/316 1002/1280/317 982/1281/318
f 774/1282/319 544/1283/320 1072/1284/321 1073/1285/322
f 930/1286/323 910/1287/324 1209/1288/325 1229/1289/326
f 700/1290/327 680/1291/328 979/1292/329 999/1293/330
f 543/1294/99 542/1295/331 1070/1296/332 1071/1297/333
f 618/1298/334 629/1299/335 1228/1300/336 1208/1301/337
f 492/1302/338 503/1303/339 998/1304/340 978/1305/341
f 541/1306/342 770/1307/343 1069/1308/344 1068/1309/345
f 926/1310/136 906/1311/346 1205/1312/347 1225/1313/348
f 696/1314/76 676/1315/349 975/1316/350 995/1317/351
f 768/1318/123 540/1319/124 1066/1320/352 1067/1321/126
f 616/1322/353 627/1323/354 1224/1324/355 1204/1325/356
f 490/1326/131 501/1327/357 994/1328/358 974/1329/359
f 307/1330/23 296/1331/61 645/1332/62 659/1333/26
f 423/1334/15 412/1335/17 851/1336/47 871/1337/60
f 418/1338/23 417/308/30 859/1339/23 861/1340/23
f 297/1341/57 308/1342/23 661/1343/30 646/1344/58
f 391/1345/40 402/1346/24 832/1347/55 812/1348/45
f 418/1349/23 419/1350/23 863/1351/46 861/1352/23
f 314/1353/24 315/1354/23 673/1355/23 672/1356/55
f 309/1357/23 298/1358/56 647/1359/59 663/1360/23
f 403/1361/23 392/1362/23 813/1363/23 833/1364/30
f 420/1365/26 419/1366/23 863/1367/46 865/1368/23
f 316/1369/26 315/1370/23 673/1371/23 675/1372/30
f 299/1373/52 310/1374/23 665/1375/23 648/1376/53
f 393/1377/30 404/1378/23 835/1379/33 815/1380/26
f 420/1381/26 421/1382/23 867/1383/23 865/1384/23
f 316/1385/26 317/1386/23 677/1387/23 675/1388/30
f 311/1389/23 300/1390/51 649/1391/54 667/1392/26
f 405/1393/23 394/1394/23 817/1395/23 837/1396/23
f 422/1397/23 421/1398/23 867/1399/23 869/1400/33
f 318/1401/23 317/1402/23 677/1403/23 679/1404/30
f 301/1405/48 312/1406/26 669/1407/26 650/1408/49
f 395/1409/23 406/1410/23 839/1411/30 819/1412/23
f 422/1413/23 423/1414/15 871/1415/60 869/1416/33
f 318/1417/23 319/1418/23 681/1419/30 679/1420/30
f 313/1421/15 302/1422/17 651/1423/50 671/1424/27
f 407/1425/23 396/1426/23 821/1427/30 841/1428/30
f 320/1429/23 319/1430/23 681/1431/30 683/1432/23
f 397/1433/23 408/1434/23 843/1435/33 823/1436/23
f 424/1437/24 425/1438/23 873/1439/23 872/1440/55
f 320/1441/23 321/1442/30 685/1443/23 683/1444/23
f 409/1445/23 398/1446/23 825/1447/23 845/1448/30
f 426/1449/23 425/1450/23 873/1451/23 875/1452/23
f 322/1453/23 321/1454/30 685/1455/23 687/1456/23
f 399/1457/23 410/1458/23 847/1459/23 827/1460/26
f 426/1461/23 427/1462/23 877/1463/26 875/1464/23
f 322/1465/23 323/1466/23 689/1467/23 687/1468/23
f 411/1469/23 400/1470/23 829/1471/23 849/1472/23
f 428/1473/23 427/1474/23 877/1475/26 879/1476/30
f 324/1477/17 323/1478/23 689/1479/23 691/1480/47
f 428/1481/23 429/1482/23 881/1483/26 879/1484/30
f 430/1485/23 429/1486/23 881/1487/26 883/1488/23
f 326/1489/23 325/1490/40 692/1491/360 693/1492/30
f 381/1493/23 392/1494/23 813/1495/23 793/1496/30
f 430/1497/23 431/1498/23 885/1499/23 883/1500/23
f 326/1501/23 327/1502/23 695/1503/23 693/1504/30
f 393/1505/30 382/1506/23 795/1507/30 815/1508/26
f 432/1509/23 431/1510/23 885/1511/23 887/1512/30
f 328/1513/26 327/1514/23 695/1515/23 697/1516/30
f 383/1517/30 394/1518/23 817/1519/23 797/1520/23
f 432/1521/23 433/1522/30 889/1523/23 887/1524/30
f 328/1525/26 329/1526/23 699/1527/23 697/1528/30
f 395/1529/23 384/1530/23 799/1531/361 819/1532/23
f 434/1533/17 433/1534/30 889/1535/23 891/1536/63
f 330/1537/23 329/1538/23 699/1539/23 701/1540/30
f 385/1541/23 396/1542/23 821/1543/30 801/1544/26
f 330/1545/23 331/1546/23 703/1547/23 701/1548/30
f 397/1549/23 386/1550/23 803/1551/23 823/1552/23
f 436/1553/26 435/1554/40 892/1555/362 893/1556/26
f 332/1557/23 331/1558/23 703/1559/23 705/1560/30
f 387/1561/23 398/1562/23 825/1563/23 805/1564/26
f 436/1565/26 437/1566/23 895/1567/26 893/1568/26
f 332/1569/23 333/1570/23 707/1571/30 705/1572/30
f 399/1573/23 388/1574/23 807/1575/23 827/1576/26
f 438/1577/23 437/1578/23 895/1579/26 897/1580/23
f 334/1581/26 333/1582/23 707/1583/30 709/1584/33
f 389/1585/23 400/1586/23 829/1587/23 809/1588/23
f 438/1589/23 439/1590/23 899/1591/23 897/1592/23
f 334/1593/26 335/1594/15 711/1595/60 709/1596/33
f 401/1597/15 390/1598/17 811/1599/50 831/1600/60
f 440/1601/23 439/1602/23 899/1603/23 901/1604/23
f 369/1605/40 380/1606/24 792/1607/363 772/1608/45
f 440/1609/23 441/1610/30 903/1611/23 901/1612/23
f 336/1613/24 337/1614/23 713/1615/23 712/1616/364
f 381/1617/23 370/1618/23 773/1619/30 793/1620/30
f 442/1621/26 441/1622/30 903/1623/23 905/1624/23
f 338/1625/23 337/1626/23 713/1627/23 715/1628/30
f 371/1629/23 382/1630/23 795/1631/30 775/1632/23
f 442/1633/26 443/1634/23 907/1635/23 905/1636/23
f 338/1637/23 339/1638/23 717/1639/26 715/1640/30
f 383/1641/30 372/1642/23 777/1643/23 797/1644/23
f 444/1645/23 443/1646/23 907/1647/23 909/1648/23
f 340/1649/23 339/1650/23 717/1651/26 719/1652/30
f 373/1653/23 384/1654/23 799/1655/361 779/1656/26
f 444/1657/23 445/1658/15 911/1659/27 909/1660/23
f 340/1661/23 341/1662/23 721/1663/23 719/1664/30
f 385/1665/23 374/1666/23 781/1667/26 801/1668/26
f 342/1669/26 341/1670/23 721/1671/23 723/1672/46
f 375/1673/23 386/1674/23 803/1675/23 783/1676/26
f 446/1677/24 447/1678/23 913/1679/26 912/1680/364
f 342/1681/26 343/1682/23 725/1683/23 723/1684/46
f 387/1685/23 376/1686/26 785/1687/26 805/1688/26
f 448/1689/23 447/1690/23 913/1691/26 915/1692/26
f 344/1693/23 343/1694/23 725/1695/23 727/1696/30
f 377/1697/23 388/1698/23 807/1699/23 787/1700/26
f 448/1701/23 449/1702/23 917/1703/46 915/1704/26
f 344/1705/23 345/1706/23 729/1707/26 727/1708/30
f 389/1709/23 378/1710/23 789/1711/23 809/1712/23
f 450/1713/23 449/1714/23 917/1715/46 919/1716/23
f 346/1717/17 345/1718/23 729/1719/26 731/1720/50
f 450/1721/23 451/1722/23 921/1723/23 919/1724/23
f 452/1725/23 451/1726/23 921/1727/23 923/1728/26
f 348/1729/23 347/1730/40 732/1731/45 733/1732/23
f 359/1733/23 370/1734/23 773/1735/30 753/1736/26
f 452/1737/23 453/1738/23 925/1739/46 923/1740/26
f 348/1741/23 349/1742/30 735/1743/23 733/1744/23
f 371/1745/23 360/1746/23 755/1747/23 775/1748/23
f 454/1749/23 453/1750/23 925/1751/46 927/1752/30
f 350/1753/23 349/1754/30 735/1755/23 737/1756/23
f 361/1757/23 372/1758/23 777/1759/23 757/1760/26
f 454/1761/23 455/1762/30 929/1763/23 927/1764/30
f 350/1765/23 351/1766/23 739/1767/23 737/1768/23
f 373/1769/23 362/1770/23 759/1771/23 779/1772/26
f 456/1773/18 455/1774/30 929/1775/23 931/1776/50
f 352/1777/23 351/1778/23 739/1779/23 741/1780/23
f 363/1781/30 374/1782/23 781/1783/26 761/1784/23
f 352/1785/23 353/1786/23 743/1787/26 741/1788/23
f 375/1789/23 364/1790/23 763/1791/23 783/1792/26
f 354/1793/23 353/1794/23 743/1795/26 745/1796/30
f 365/1797/23 376/1798/26 785/1799/26 765/1800/23
f 458/1801/25 459/1802/28 933/1803/365 932/1804/366
f 354/1805/23 355/1806/23 747/1807/23 745/1808/30
f 377/1809/23 366/1810/23 767/1811/23 787/1812/26
f 356/1813/23 355/1814/23 747/1815/23 749/1816/23
f 367/1817/30 378/1818/23 789/1819/23 769/1820/23
f 460/1821/29 461/1822/31 935/1823/367 934/1824/368
f 356/1825/23 357/1826/15 751/1827/27 749/1828/23
f 379/1829/15 368/1830/17 771/1831/50 791/1832/27
f 347/1833/40 358/1834/24 752/1835/364 732/1836/45
f 462/1837/32 463/1838/34 937/1839/369 936/1840/370
f 358/1841/24 359/1842/23 753/1843/26 752/1844/364
f 359/1845/23 348/1846/23 733/1847/23 753/1848/26
f 360/1849/23 359/1850/23 753/1851/26 755/1852/23
f 349/1853/30 360/1854/23 755/1855/23 735/1856/23
f 464/1857/35 465/1858/38 939/1859/371 938/1860/372
f 360/1861/23 361/1862/23 757/1863/26 755/1864/23
f 361/1865/23 350/1866/23 737/1867/23 757/1868/26
f 362/1869/23 361/1870/23 757/1871/26 759/1872/23
f 351/1873/23 362/1874/23 759/1875/23 739/1876/23
f 466/1877/39 467/1878/15 941/1879/27 940/1880/373
f 362/1881/23 363/1882/30 761/1883/23 759/1884/23
f 363/1885/30 352/1886/23 741/1887/23 761/1888/23
f 364/1889/23 363/1890/30 761/1891/23 763/1892/23
f 353/1893/23 364/1894/23 763/1895/23 743/1896/26
f 447/1897/23 458/1898/25 932/1899/366 913/1900/26
f 364/1901/23 365/1902/23 765/1903/23 763/1904/23
f 365/1905/23 354/1906/23 745/1907/30 765/1908/23
f 459/1909/28 448/1910/23 915/1911/26 933/1912/365
f 366/1913/23 365/1914/23 765/1915/23 767/1916/23
f 355/1917/23 366/1918/23 767/1919/23 747/1920/23
f 449/1921/23 460/1922/29 934/1923/368 917/1924/46
f 366/1925/23 367/1926/30 769/1927/23 767/1928/23
f 367/1929/30 356/1930/23 749/1931/23 769/1932/23
f 461/1933/31 450/1934/23 919/1935/23 935/1936/367
f 368/1937/17 367/1938/30 769/1939/23 771/1940/50
f 451/1941/23 462/1942/32 936/1943/370 921/1944/23
f 463/1945/34 452/1946/23 923/1947/26 937/1948/369
f 370/1949/23 369/1950/40 772/1951/45 773/1952/30
f 337/1953/23 348/1954/23 733/1955/23 713/1956/23
f 453/1957/23 464/1958/35 938/1959/372 925/1960/46
f 370/1961/23 371/1962/23 775/1963/23 773/1964/30
f 349/1965/30 338/1966/23 715/1967/30 735/1968/23
f 465/1969/38 454/1970/23 927/1971/30 939/1972/371
f 372/1973/23 371/1974/23 775/1975/23 777/1976/23
f 339/1977/23 350/1978/23 737/1979/23 717/1980/26
f 455/1981/30 466/1982/39 940/1983/373 929/1984/23
f 372/1985/23 373/1986/23 779/1987/26 777/1988/23
f 351/1989/23 340/1990/23 719/1991/30 739/1992/23
f 467/1993/15 456/1994/18 931/1995/50 941/1996/27
f 374/1997/23 373/1998/23 779/1999/26 781/2000/26
f 341/2001/23 352/2002/23 741/2003/23 721/2004/23
f 435/2005/40 446/2006/24 912/2007/364 892/2008/362
f 374/2009/23 375/2010/23 783/2011/26 781/2012/26
f 353/2013/23 342/2014/26 723/2015/46 743/2016/26
f 447/2017/23 436/2018/26 893/2019/26 913/2020/26
f 376/2021/26 375/2022/23 783/2023/26 785/2024/26
f 343/2025/23 354/2026/23 745/2027/30 725/2028/23
f 437/2029/23 448/2030/23 915/2031/26 895/2032/26
f 376/2033/26 377/2034/23 787/2035/26 785/2036/26
f 355/2037/23 344/2038/23 727/2039/30 747/2040/23
f 449/2041/23 438/2042/23 897/2043/23 917/2044/46
f 378/2045/23 377/2046/23 787/2047/26 789/2048/23
f 345/2049/23 356/2050/23 749/2051/23 729/2052/26
f 439/2053/23 450/2054/23 919/2055/23 899/2056/23
f 378/2057/23 379/2058/15 791/2059/27 789/2060/23
f 357/2061/15 346/2062/17 731/2063/50 751/2064/27
f 451/2065/23 440/2066/23 901/2067/23 921/2068/23
f 325/2069/40 336/2070/24 712/2071/364 692/2072/360
f 441/2073/30 452/2074/23 923/2075/26 903/2076/23
f 380/2077/24 381/2078/23 793/2079/30 792/2080/363
f 337/2081/23 326/2082/23 693/2083/30 713/2084/23
f 453/2085/23 442/2086/26 905/2087/23 925/2088/46
f 382/2089/23 381/2090/23 793/2091/30 795/2092/30
f 327/2093/23 338/2094/23 715/2095/30 695/2096/23
f 443/2097/23 454/2098/23 927/2099/30 907/2100/23
f 382/2101/23 383/2102/30 797/2103/23 795/2104/30
f 339/2105/23 328/2106/26 697/2107/30 717/2108/26
f 455/2109/30 444/2110/23 909/2111/23 929/2112/23
f 384/2113/23 383/2114/30 797/2115/23 799/2116/361
f 329/2117/23 340/2118/23 719/2119/30 699/2120/23
f 384/2121/23 385/2122/23 801/2123/26 799/2124/361
f 341/2125/23 330/2126/23 701/2127/30 721/2128/23
f 386/2129/23 385/2130/23 801/2131/26 803/2132/23
f 331/2133/23 342/2134/26 723/2135/46 703/2136/23
f 425/2137/23 436/2138/26 893/2139/26 873/2140/23
f 386/2141/23 387/2142/23 805/2143/26 803/2144/23
f 343/2145/23 332/2146/23 705/2147/30 725/2148/23
f 437/2149/23 426/2150/23 875/2151/23 895/2152/26
f 388/2153/23 387/2154/23 805/2155/26 807/2156/23
f 333/2157/23 344/2158/23 727/2159/30 707/2160/30
f 427/2161/23 438/2162/23 897/2163/23 877/2164/26
f 388/2165/23 389/2166/23 809/2167/23 807/2168/23
f 345/2169/23 334/2170/26 709/2171/33 729/2172/26
f 439/2173/23 428/2174/23 879/2175/30 899/2176/23
f 390/2177/17 389/2178/23 809/2179/23 811/2180/50
f 429/2181/23 440/2182/23 901/2183/23 881/2184/26
f 441/2185/30 430/2186/23 883/2187/23 903/2188/23
f 392/2189/23 391/2190/40 812/2191/45 813/2192/23
f 315/2193/23 326/2194/23 693/2195/30 673/2196/23
f 431/2197/23 442/2198/26 905/2199/23 885/2200/23
f 392/2201/23 393/2202/30 815/2203/26 813/2204/23
f 327/2205/23 316/2206/26 675/2207/30 695/2208/23
f 443/2209/23 432/2210/23 887/2211/30 907/2212/23
f 394/2213/23 393/2214/30 815/2215/26 817/2216/23
f 317/2217/23 328/2218/26 697/2219/30 677/2220/23
f 433/2221/30 444/2222/23 909/2223/23 889/2224/23
f 394/2225/23 395/2226/23 819/2227/23 817/2228/23
f 468/2229/131 469/2230/120 643/2231/42 642/2232/44
f 470/2233/107 471/2234/96 645/2235/62 644/2236/37
f 472/2237/83 473/2238/374 647/2239/59 646/2240/58
f 474/2241/375 475/2242/282 649/2243/54 648/2244/53
f 476/2245/376 477/2246/377 651/2247/50 650/2248/49
f 478/2249/247 654/2250/236 653/2251/30 652/2252/45
f 656/2253/119 479/2254/132 653/2255/30 655/2256/26
f 480/2257/224 658/2258/213 657/2259/26 655/2260/26
f 660/2261/95 481/2262/108 657/2263/26 659/2264/26
f 482/2265/201 662/2266/192 661/2267/30 659/2268/26
f 664/2269/305 483/2270/84 661/2271/30 663/2272/23
f 484/2273/179 666/2274/168 665/2275/23 663/2276/23
f 668/2277/378 485/2278/379 665/2279/23 667/2280/26
f 486/2281/155 670/2282/144 669/2283/26 667/2284/26
f 488/2285/380 487/2286/381 669/2287/26 671/2288/27
f 674/2289/235 489/2290/248 672/2291/55 673/2292/23
f 490/2293/131 676/2294/349 675/2295/30 673/2296/23
f 678/2297/212 491/2298/225 675/2299/30 677/2300/23
f 492/2301/338 680/2302/328 679/2303/30 677/2304/23
f 682/2305/191 493/2306/202 679/2307/30 681/2308/30
f 494/2309/83 684/2310/116 683/2311/23 681/2312/30
f 686/2313/167 495/2314/180 683/2315/23 685/2316/23
f 496/2317/293 688/2318/282 687/2319/23 685/2320/23
f 690/2321/143 497/2322/156 687/2323/23 689/2324/23
f 498/2325/271 499/2326/260 691/2327/47 689/2328/23
f 500/2329/382 694/2330/383 693/2331/30 692/2332/360
f 696/2333/76 501/2334/357 693/2335/30 695/2336/23
f 502/2337/224 698/2338/384 697/2339/30 695/2340/23
f 700/2341/327 503/2342/339 697/2343/30 699/2344/23
f 504/2345/385 702/2346/386 701/2347/30 699/2348/23
f 704/2349/305 505/2350/316 701/2351/30 703/2352/23
f 506/2353/179 706/2354/387 705/2355/30 703/2356/23
f 708/2357/240 507/2358/294 705/2359/30 707/2360/30
f 508/2361/388 710/2362/389 709/2363/33 707/2364/30
f 510/2365/259 509/2366/272 709/2367/33 711/2368/60
f 714/2369/390 511/2370/391 712/2371/364 713/2372/23
f 512/2373/131 716/2374/349 715/2375/30 713/2376/23
f 718/2377/392 513/2378/225 715/2379/30 717/2380/26
f 514/2381/393 720/2382/328 719/2383/30 717/2384/26
f 722/2385/160 515/2386/394 719/2387/30 721/2388/23
f 516/2389/148 724/2390/395 723/2391/46 721/2392/23
f 726/2393/396 517/2394/180 723/2395/46 725/2396/23
f 518/2397/397 728/2398/398 727/2399/30 725/2400/23
f 730/2401/343 519/2402/399 727/2403/30 729/2404/26
f 520/2405/331 521/2406/99 731/2407/50 729/2408/26
f 522/2409/382 734/2410/319 733/2411/23 732/2412/45
f 736/2413/400 523/2414/75 733/2415/23 735/2416/23
f 524/2417/298 738/2418/401 737/2419/23 735/2420/23
f 740/2421/327 525/2422/402 737/2423/23 739/2424/23
f 526/2425/403 742/2426/404 741/2427/23 739/2428/23
f 744/2429/405 527/2430/406 741/2431/23 743/2432/26
f 528/2433/407 746/2434/408 745/2435/30 743/2436/26
f 748/2437/409 529/2438/294 745/2439/30 747/2440/23
f 530/2441/410 750/2442/411 749/2443/23 747/2444/23
f 532/2445/412 531/2446/272 749/2447/23 751/2448/27
f 754/2449/413 533/2450/391 752/2451/364 753/2452/26
f 534/2453/414 756/2454/415 755/2455/23 753/2456/26
f 758/2457/416 535/2458/225 755/2459/23 757/2460/26
f 536/2461/417 760/2462/418 759/2463/23 757/2464/26
f 762/2465/160 537/2466/419 759/2467/23 761/2468/23
f 538/2469/420 764/2470/421 763/2471/23 761/2472/23
f 766/2473/136 539/2474/135 763/2475/23 765/2476/23
f 540/2477/124 768/2478/123 767/2479/23 765/2480/23
f 770/2481/343 541/2482/342 767/2483/23 769/2484/23
f 542/2485/331 543/2486/99 771/2487/50 769/2488/23
f 544/2489/320 774/2490/319 773/2491/30 772/2492/45
f 776/2493/309 545/2494/308 773/2495/30 775/2496/23
f 546/2497/298 778/2498/297 777/2499/23 775/2500/23
f 780/2501/286 547/2502/285 777/2503/23 779/2504/26
f 548/2505/275 782/2506/140 781/2507/26 779/2508/26
f 784/2509/264 549/2510/263 781/2511/26 783/2512/26
f 550/2513/252 786/2514/251 785/2515/26 783/2516/26
f 788/2517/240 551/2518/239 785/2519/26 787/2520/26
f 552/2521/229 790/2522/228 789/2523/23 787/2524/26
f 554/2525/217 553/2526/216 789/2527/23 791/2528/27
f 794/2529/187 555/2530/205 792/2531/363 793/2532/30
f 556/2533/79 796/2534/195 795/2535/30 793/2536/30
f 798/2537/184 557/2538/183 795/2539/30 797/2540/23
f 558/2541/172 800/2542/171 799/2543/361 797/2544/23
f 802/2545/160 559/2546/159 799/2547/361 801/2548/26
f 560/2549/148 804/2550/147 803/2551/23 801/2552/26
f 806/2553/136 561/2554/135 803/2555/23 805/2556/26
f 562/2557/124 808/2558/123 807/2559/23 805/2560/26
f 810/2561/112 563/2562/111 807/2563/23 809/2564/23
f 564/2565/100 565/2566/99 811/2567/50 809/2568/23
f 566/2569/88 814/2570/87 813/2571/23 812/2572/45
f 816/2573/76 567/2574/75 813/2575/23 815/2576/26
f 568/2577/422 818/2578/401 817/2579/23 815/2580/26
f 820/2581/286 569/2582/423 817/2583/23 819/2584/23
f 570/2585/424 822/2586/404 821/2587/30 819/2588/23
f 824/2589/264 571/2590/425 821/2591/30 823/2592/23
f 572/2593/426 826/2594/427 825/2595/23 823/2596/23
f 828/2597/428 573/2598/429 825/2599/23 827/2600/26
f 574/2601/430 830/2602/431 829/2603/23 827/2604/26
f 576/2605/432 575/2606/433 829/2607/23 831/2608/60
f 834/2609/434 577/2610/198 832/2611/55 833/2612/30
f 578/2613/79 836/2614/435 835/2615/33 833/2616/30
f 838/2617/436 579/2618/437 835/2619/33 837/2620/23
f 580/2621/289 840/2622/438 839/2623/30 837/2624/23
f 842/2625/439 581/2626/152 839/2627/30 841/2628/30
f 582/2629/148 844/2630/421 843/2631/33 841/2632/30
f 846/2633/440 583/2634/441 843/2635/33 845/2636/30
f 584/2637/124 848/2638/123 847/2639/23 845/2640/30
f 850/2641/343 585/2642/442 847/2643/23 849/2644/23
f 586/2645/443 587/2646/444 851/2647/47 849/2648/23
f 588/2649/88 854/2650/188 853/2651/23 852/2652/45
f 856/2653/309 589/2654/80 853/2655/23 855/2656/23
f 590/2657/175 858/2658/164 857/2659/23 855/2660/23
f 860/2661/445 591/2662/446 857/2663/23 859/2664/23
f 592/2665/151 862/2666/140 861/2667/23 859/2668/23
f 864/2669/447 593/2670/316 861/2671/23 863/2672/46
f 594/2673/127 866/2674/116 865/2675/23 863/2676/46
f 868/2677/448 595/2678/449 865/2679/23 867/2680/23
f 596/2681/103 870/2682/92 869/2683/33 867/2684/23
f 598/2685/208 597/2686/450 869/2687/33 871/2688/60
f 874/2689/187 599/2690/198 872/2691/55 873/2692/23
f 600/2693/312 876/2694/302 875/2695/23 873/2696/23
f 878/2697/163 601/2698/176 875/2699/23 877/2700/26
f 602/2701/289 880/2702/279 879/2703/30 877/2704/26
f 882/2705/139 603/2706/152 879/2707/30 881/2708/26
f 604/2709/267 884/2710/256 883/2711/23 881/2712/26
f 886/2713/115 605/2714/128 883/2715/23 885/2716/23
f 606/2717/243 888/2718/232 887/2719/30 885/2720/23
f 890/2721/91 607/2722/104 887/2723/30 889/2724/23
f 608/2725/220 609/2726/209 891/2727/63 889/2728/23
f 610/2729/131 894/2730/451 893/2731/26 892/2732/362
f 896/2733/301 611/2734/313 893/2735/26 895/2736/26
f 612/2737/452 898/2738/453 897/2739/23 895/2740/26
f 900/2741/278 613/2742/290 897/2743/23 899/2744/23
f 614/2745/454 902/2746/96 901/2747/23 899/2748/23
f 904/2749/255 615/2750/268 901/2751/23 903/2752/23
f 616/2753/353 906/2754/346 905/2755/23 903/2756/23
f 908/2757/143 617/2758/244 905/2759/23 907/2760/23
f 618/2761/334 910/2762/324 909/2763/23 907/2764/23
f 620/2765/208 619/2766/221 909/2767/23 911/2768/27
f 914/2769/455 621/2770/198 912/2771/364 913/2772/26
f 622/2773/456 916/2774/236 915/2775/26 913/2776/26
f 918/2777/163 623/2778/457 915/2779/26 917/2780/46
f 624/2781/458 920/2782/459 919/2783/23 917/2784/46
f 922/2785/139 625/2786/460 919/2787/23 921/2788/23
f 626/2789/461 924/2790/462 923/2791/26 921/2792/23
f 926/2793/136 627/2794/354 923/2795/26 925/2796/46
f 628/2797/463 928/2798/464 927/2799/30 925/2800/46
f 930/2801/323 629/2802/335 927/2803/30 929/2804/23
f 630/2805/465 631/2806/209 931/2807/50 929/2808/23
f 633/2809/466 632/2810/467 932/2811/366 933/2812/365
f 635/2813/468 634/2814/469 934/2815/368 935/2816/367
f 637/2817/470 636/2818/471 936/2819/370 937/2820/369
f 639/2821/472 638/2822/473 938/2823/372 939/2824/371
f 641/2825/474 640/2826/475 940/2827/373 941/2828/27
f 632/2810/467 622/2773/456 913/2776/26 932/2811/366
f 916/2774/236 633/2809/466 933/2812/365 915/2775/26
f 634/2814/469 624/2781/458 917/2784/46 934/2815/368
f 920/2782/459 635/2813/468 935/2816/367 919/2783/23
f 636/2818/471 626/2789/461 921/2792/23 936/2819/370
f 924/2790/462 637/2817/470 937/2820/369 923/2791/26
f 638/2822/473 628/2797/463 925/2800/46 938/2823/372
f 928/2798/464 639/2821/472 939/2824/371 927/2799/30
f 640/2826/475 630/2805/465 929/2808/23 940/2827/373
f 631/2806/209 641/2825/474 941/2828/27 931/2807/50
f 621/2770/198 610/2729/131 892/2732/362 912/2771/364
f 894/2730/451 914/2769/455 913/2772/26 893/2731/26
f 623/2778/457 612/2737/452 895/2740/26 915/2779/26
f 898/2738/453 918/2777/163 917/2780/46 897/2739/23
f 625/2786/460 614/2745/454 899/2748/23 919/2787/23
f 902/2746/96 922/2785/139 921/2788/23 901/2747/23
f 627/2794/354 616/2753/353 903/2756/23 923/2795/26
f 906/2754/346 926/2793/136 925/2796/46 905/2755/23
f 629/2802/335 618/2761/334 907/2764/23 927/2803/30
f 910/2762/324 930/2801/323 929/2804/23 909/2763/23
f 611/2734/313 600/2693/312 873/2696/23 893/2735/26
f 876/2694/302 896/2733/301 895/2736/26 875/2695/23
f 613/2742/290 602/2701/289 877/2704/26 897/2743/23
f 880/2702/279 900/2741/278 899/2744/23 879/2703/30
f 615/2750/268 604/2709/267 881/2712/26 901/2751/23
f 884/2710/256 904/2749/255 903/2752/23 883/2711/23
f 617/2758/244 606/2717/243 885/2720/23 905/2759/23
f 888/2718/232 908/2757/143 907/2760/23 887/2719/30
f 619/2766/221 608/2725/220 889/2728/23 909/2767/23
f 609/2726/209 620/2765/208 911/2768/27 891/2727/63
f 599/2690/198 588/2649/88 852/2652/45 872/2691/55
f 854/2650/188 874/2689/187 873/2692/23 853/2651/23
f 601/2698/176 590/2657/175 855/2660/23 875/2699/23
f 858/2658/164 878/2697/163 877/2700/26 857/2659/23
f 603/2706/152 592/2665/151 859/2668/23 879/2707/30
f 862/2666/140 882/2705/139 881/2708/26 861/2667/23
f 605/2714/128 594/2673/127 863/2676/46 883/2715/23
f 866/2674/116 886/2713/115 885/2716/23 865/2675/23
f 607/2722/104 596/2681/103 867/2684/23 887/2723/30
f 870/2682/92 890/2721/91 889/2724/23 869/2683/33
f 589/2654/80 578/2613/79 833/2616/30 853/2655/23
f 836/2614/435 856/2653/309 855/2656/23 835/2615/33
f 591/2662/446 580/2621/289 837/2624/23 857/2663/23
f 840/2622/438 860/2661/445 859/2664/23 839/2623/30
f 593/2670/316 582/2629/148 841/2632/30 861/2671/23
f 844/2630/421 864/2669/447 863/2672/46 843/2631/33
f 595/2678/449 584/2637/124 845/2640/30 865/2679/23
f 848/2638/123 868/2677/448 867/2680/23 847/2639/23
f 597/2686/450 586/2645/443 849/2648/23 869/2687/33
f 587/2646/444 598/2685/208 871/2688/60 851/2647/47
f 577/2610/198 566/2569/88 812/2572/45 832/2611/55
f 814/2570/87 834/2609/434 833/2612/30 813/2571/23
f 579/2618/437 568/2577/422 815/2580/26 835/2619/33
f 818/2578/401 838/2617/436 837/2620/23 817/2579/23
f 581/2626/152 570/2585/424 819/2588/23 839/2627/30
f 822/2586/404 842/2625/439 841/2628/30 821/2587/30
f 583/2634/441 572/2593/426 823/2596/23 843/2635/33
f 826/2594/427 846/2633/440 845/2636/30 825/2595/23
f 585/2642/442 574/2601/430 827/2604/26 847/2643/23
f 830/2602/431 850/2641/343 849/2644/23 829/2603/23
f 567/2574/75 556/2533/79 793/2536/30 813/2575/23
f 796/2534/195 816/2573/76 815/2576/26 795/2535/30
f 569/2582/423 558/2541/172 797/2544/23 817/2583/23
f 800/2542/171 820/2581/286 819/2584/23 799/2543/361
f 571/2590/425 560/2549/148 801/2552/26 821/2591/30
f 804/2550/147 824/2589/264 823/2592/23 803/2551/23
f 573/2598/429 562/2557/124 805/2560/26 825/2599/23
f 808/2558/123 828/2597/428 827/2600/26 807/2559/23
f 575/2606/433 564/2565/100 809/2568/23 829/2607/23
f 565/2566/99 576/2605/432 831/2608/60 811/2567/50
f 555/2530/205 544/2489/320 772/2492/45 792/2531/363
f 774/2490/319 794/2529/187 793/2532/30 773/2491/30
f 557/2538/183 546/2497/298 775/2500/23 795/2539/30
f 778/2498/297 798/2537/184 797/2540/23 777/2499/23
f 559/2546/159 548/2505/275 779/2508/26 799/2547/361
f 782/2506/140 802/2545/160 801/2548/26 781/2507/26
f 561/2554/135 550/2513/252 783/2516/26 803/2555/23
f 786/2514/251 806/2553/136 805/2556/26 785/2515/26
f 563/2562/111 552/2521/229 787/2524/26 807/2563/23
f 790/2522/228 810/2561/112 809/2564/23 789/2523/23
f 545/2494/308 534/2453/414 753/2456/26 773/2495/30
f 756/2454/415 776/2493/309 775/2496/23 755/2455/23
f 547/2502/285 536/2461/417 757/2464/26 777/2503/23
f 760/2462/418 780/2501/286 779/2504/26 759/2463/23
f 549/2510/263 538/2469/420 761/2472/23 781/2511/26
f 764/2470/421 784/2509/264 783/2512/26 763/2471/23
f 551/2518/239 540/2477/124 765/2480/23 785/2519/26
f 768/2478/123 788/2517/240 787/2520/26 767/2479/23
f 553/2526/216 542/2485/331 769/2488/23 789/2527/23
f 543/2486/99 554/2525/217 791/2528/27 771/2487/50
f 533/2450/391 522/2409/382 732/2412/45 752/2451/364
f 734/2410/319 754/2449/413 753/2452/26 733/2411/23
f 535/2458/225 524/2417/298 735/2420/23 755/2459/23
f 738/2418/401 758/2457/416 757/2460/26 737/2419/23
f 537/2466/419 526/2425/403 739/2428/23 759/2467/23
f 742/2426/404 762/2465/160 761/2468/23 741/2427/23
f 539/2474/135 528/2433/407 743/2436/26 763/2475/23
f 746/2434/408 766/2473/136 765/2476/23 745/2435/30
f 541/2482/342 530/2441/410 747/2444/23 767/2483/23
f 750/2442/411 770/2481/343 769/2484/23 749/2443/23
f 523/2414/75 512/2373/131 713/2376/23 733/2415/23
f 716/2374/349 736/2413/400 735/2416/23 715/2375/30
f 525/2422/402 514/2381/393 717/2384/26 737/2423/23
f 720/2382/328 740/2421/327 739/2424/23 719/2383/30
f 527/2430/406 516/2389/148 721/2392/23 741/2431/23
f 724/2390/395 744/2429/405 743/2432/26 723/2391/46
f 529/2438/294 518/2397/397 725/2400/23 745/2439/30
f 728/2398/398 748/2437/409 747/2440/23 727/2399/30
f 531/2446/272 520/2405/331 729/2408/26 749/2447/23
f 521/2406/99 532/2445/412 751/2448/27 731/2407/50
f 511/2370/391 500/2329/382 692/2332/360 712/2371/364
f 694/2330/383 714/2369/390 713/2372/23 693/2331/30
f 513/2378/225 502/2337/224 695/2340/23 715/2379/30
f 698/2338/384 718/2377/392 717/2380/26 697/2339/30
f 515/2386/394 504/2345/385 699/2348/23 719/2387/30
f 702/2346/386 722/2385/160 721/2388/23 701/2347/30
f 517/2394/180 506/2353/179 703/2356/23 723/2395/46
f 706/2354/387 726/2393/396 725/2396/23 705/2355/30
f 519/2402/399 508/2361/388 707/2364/30 727/2403/30
f 710/2362/389 730/2401/343 729/2404/26 709/2363/33
f 501/2334/357 490/2293/131 673/2296/23 693/2335/30
f 676/2294/349 696/2333/76 695/2336/23 675/2295/30
f 503/2342/339 492/2301/338 677/2304/23 697/2343/30
f 680/2302/328 700/2341/327 699/2344/23 679/2303/30
f 505/2350/316 494/2309/83 681/2312/30 701/2351/30
f 684/2310/116 704/2349/305 703/2352/23 683/2311/23
f 507/2358/294 496/2317/293 685/2320/23 705/2359/30
f 688/2318/282 708/2357/240 707/2360/30 687/2319/23
f 509/2366/272 498/2325/271 689/2328/23 709/2367/33
f 499/2326/260 510/2365/259 711/2368/60 691/2327/47
f 489/2290/248 478/2249/247 652/2252/45 672/2291/55
f 654/2250/236 674/2289/235 673/2292/23 653/2251/30
f 491/2298/225 480/2257/224 655/2260/26 675/2299/30
f 658/2258/213 678/2297/212 677/2300/23 657/2259/26
f 493/2306/202 482/2265/201 659/2268/26 679/2307/30
f 662/2266/192 682/2305/191 681/2308/30 661/2267/30
f 495/2314/180 484/2273/179 663/2276/23 683/2315/23
f 666/2274/168 686/2313/167 685/2316/23 665/2275/23
f 497/2322/156 486/2281/155 667/2284/26 687/2323/23
f 670/2282/144 690/2321/143 689/2324/23 669/2283/26
f 479/2254/132 468/2229/131 642/2232/44 653/2255/30
f 469/2230/120 656/2253/119 655/2256/26 643/2231/42
f 481/2262/108 470/2233/107 644/2236/37 657/2263/26
f 471/2234/96 660/2261/95 659/2264/26 645/2235/62
f 483/2270/84 472/2237/83 646/2240/58 661/2271/30
f 473/2238/374 664/2269/305 663/2272/23 647/2239/59
f 485/2278/379 474/2241/375 648/2244/53 665/2279/23
f 475/2242/282 668/2277/378 667/2280/26 649/2243/54
f 487/2286/381 476/2245/376 650/2248/49 669/2287/26
f 477/2246/377 488/2285/380 671/2288/27 651/2247/50
f 1214/2829/476 1232/2830/477 1233/2831/478 1215/2832/479
f 1218/2833/480 1234/2834/481 1235/2835/482 1219/2836/483
f 1222/2837/484 1236/2838/485 1237/2839/486 1223/2840/487
f 1226/2841/488 1238/2842/489 1239/2843/490 1227/2844/491
f 1230/2845/492 1240/2846/493 1241/2847/494 1231/2848/495
f 1192/2849/496 1212/2850/497 1213/2851/498 1193/2852/499
f 1196/2853/500 1216/2854/501 1217/2855/502 1197/2856/503
f 1200/2857/504 1220/2858/505 1221/2859/506 1201/2860/507
f 1204/2861/356 1224/2862/355 1225/2863/348 1205/2864/347
f 1208/2865/337 1228/2866/336 1229/2867/326 1209/2868/325
f 1174/2869/315 1194/2870/314 1195/2871/304 1175/2872/303
f 1178/2873/292 1198/2874/291 1199/2875/281 1179/2876/280
f 1182/2877/270 1202/2878/269 1203/2879/258 1183/2880/257
f 1186/2881/246 1206/2882/245 1207/2883/234 1187/2884/233
f 1190/2885/223 1210/2886/222 1211/2887/211 1191/2888/210
f 1152/2889/200 1172/2890/199 1173/2891/190 1153/2892/189
f 1156/2893/178 1176/2894/177 1177/2895/166 1157/2896/165
f 1160/2897/154 1180/2898/153 1181/2899/142 1161/2900/141
f 1164/2901/130 1184/2902/129 1185/2903/118 1165/2904/117
f 1168/2905/106 1188/2906/105 1189/2907/94 1169/2908/93
f 1134/2909/82 1154/2910/81 1155/2911/508 1135/2912/303
f 1138/2913/509 1158/2914/510 1159/2915/511 1139/2916/512
f 1142/2917/513 1162/2918/514 1163/2919/515 1143/2920/516
f 1146/2921/517 1166/2922/518 1167/2923/519 1147/2924/520
f 1150/2925/521 1170/2926/522 1171/2927/523 1151/2928/524
f 1112/2929/89 1132/2930/525 1133/2931/190 1113/2932/90
f 1116/2933/526 1136/2934/527 1137/2935/528 1117/2936/529
f 1120/2937/530 1140/2938/531 1141/2939/532 1121/2940/533
f 1124/2941/534 1144/2942/535 1145/2943/536 1125/2944/537
f 1128/2945/538 1148/2946/539 1149/2947/540 1129/2948/541
f 1094/2949/196 1114/2950/78 1115/2951/77 1095/2952/197
f 1098/2953/173 1118/2954/542 1119/2955/543 1099/2956/174
f 1102/2957/149 1122/2958/544 1123/2959/545 1103/2960/150
f 1106/2961/125 1126/2962/546 1127/2963/547 1107/2964/126
f 1110/2965/101 1130/2966/548 1131/2967/523 1111/2968/102
f 1072/2969/321 1092/2970/207 1093/2971/206 1073/2972/322
f 1076/2973/299 1096/2974/186 1097/2975/185 1077/2976/300
f 1080/2977/276 1100/2978/162 1101/2979/161 1081/2980/277
f 1084/2981/253 1104/2982/138 1105/2983/137 1085/2984/254
f 1088/2985/230 1108/2986/114 1109/2987/113 1089/2988/231
f 1054/2989/549 1074/2990/311 1075/2991/310 1055/2992/550
f 1058/2993/551 1078/2994/288 1079/2995/287 1059/2996/552
f 1062/2997/553 1082/2998/266 1083/2999/265 1063/3000/554
f 1066/3001/352 1086/3002/242 1087/3003/241 1067/3004/126
f 1070/3005/332 1090/3006/219 1091/3007/218 1071/3008/333
f 1032/3009/555 1052/3010/556 1053/3011/557 1033/3012/558
f 1036/3013/559 1056/3014/560 1057/3015/561 1037/3016/562
f 1040/3017/563 1060/3018/564 1061/3019/565 1041/3020/566
f 1044/3021/567 1064/3022/568 1065/3023/569 1045/3024/570
f 1048/3025/571 1068/3026/345 1069/3027/344 1049/3028/572
f 1014/3029/573 1034/3030/574 1035/3031/310 1015/3032/575
f 1018/3033/576 1038/3034/577 1039/3035/578 1019/3036/579
f 1022/3037/580 1042/3038/581 1043/3039/582 1023/3040/583
f 1026/3041/584 1046/3042/585 1047/3043/586 1027/3044/587
f 1030/3045/588 1050/3046/589 1051/3047/590 1031/3048/591
f 992/3049/592 1012/3050/556 1013/3051/593 993/3052/594
f 996/3053/595 1016/3054/596 1017/3055/597 997/3056/598
f 1000/3057/599 1020/3058/600 1021/3059/601 1001/3060/602
f 1004/3061/182 1024/3062/603 1025/3063/604 1005/3064/605
f 1008/3065/606 1028/3066/607 1029/3067/608 1009/3068/609
f 974/3069/359 994/3070/358 995/3071/351 975/3072/350
f 978/3073/341 998/3074/340 999/3075/330 979/3076/329
f 982/3077/318 1002/3078/317 1003/3079/307 983/3080/306
f 986/3081/296 1006/3082/295 1007/3083/284 987/3084/283
f 990/3085/274 1010/3086/273 1011/3087/262 991/3088/261
f 952/3089/250 972/3090/249 973/3091/238 953/3092/237
f 956/3093/227 976/3094/226 977/3095/215 957/3096/214
f 960/3097/204 980/3098/203 981/3099/194 961/3100/193
f 964/3101/182 984/3102/181 985/3103/170 965/3104/169
f 968/3105/158 988/3106/157 989/3107/146 969/3108/145
f 942/3109/134 954/3110/133 955/3111/122 943/3112/121
f 944/3113/110 958/3114/109 959/3115/98 945/3116/97
f 946/3117/86 962/3118/85 963/3119/610 947/3120/611
f 948/3121/612 966/3122/613 967/3123/614 949/3124/615
f 950/3125/616 970/3126/617 971/3127/618 951/3128/619
f 664/3129/305 473/3130/374 947/3131/611 963/3132/610
f 856/3133/309 836/3134/435 1135/3135/303 1155/3136/508
f 818/3137/401 568/3138/422 1116/3139/526 1117/3140/529
f 474/3141/375 485/3142/379 966/3143/613 948/3144/612
f 580/3145/289 591/3146/446 1158/3147/510 1138/3148/509
f 569/3149/423 820/3150/286 1119/3151/543 1118/3152/542
f 668/3153/378 475/3154/282 949/3155/615 967/3156/614
f 860/3157/445 840/3158/438 1139/3159/512 1159/3160/511
f 822/3161/404 570/3162/424 1120/3163/530 1121/3164/533
f 476/3165/376 487/3166/381 970/3167/617 950/3168/616
f 582/3169/148 593/3170/316 1162/3171/514 1142/3172/513
f 571/3173/425 824/3174/264 1123/3175/545 1122/3176/544
f 488/3177/380 477/3178/377 951/3179/619 971/3180/618
f 864/3181/447 844/3182/421 1143/3183/516 1163/3184/515
f 826/3185/427 572/3186/426 1124/3187/534 1125/3188/537
f 584/3189/124 595/3190/449 1166/3191/518 1146/3192/517
f 573/3193/429 828/3194/428 1127/3195/547 1126/3196/546
f 868/3197/448 848/3198/123 1147/3199/520 1167/3200/519
f 830/3201/431 574/3202/430 1128/3203/538 1129/3204/541
f 586/3205/443 597/3206/450 1170/3207/522 1150/3208/521
f 575/3209/433 576/3210/432 1131/3211/523 1130/3212/548
f 598/3213/208 587/3214/444 1151/3215/524 1171/3216/523
f 577/3217/198 834/3218/434 1133/3219/190 1132/3220/525
f 566/3221/88 577/3222/198 1132/3223/525 1112/3224/89
f 836/3225/435 578/3226/79 1134/3227/82 1135/3228/303
f 834/3229/434 814/3230/87 1113/3231/90 1133/3232/190
f 579/3233/437 838/3234/436 1137/3235/528 1136/3236/527
f 568/3237/422 579/3238/437 1136/3239/527 1116/3240/526
f 840/3241/438 580/3242/289 1138/3243/509 1139/3244/512
f 838/3245/436 818/3246/401 1117/3247/529 1137/3248/528
f 581/3249/152 842/3250/439 1141/3251/532 1140/3252/531
f 570/3253/424 581/3254/152 1140/3255/531 1120/3256/530
f 844/3257/421 582/3258/148 1142/3259/513 1143/3260/516
f 842/3261/439 822/3262/404 1121/3263/533 1141/3264/532
f 583/3265/441 846/3266/440 1145/3267/536 1144/3268/535
f 572/3269/426 583/3270/441 1144/3271/535 1124/3272/534
f 848/3273/123 584/3274/124 1146/3275/517 1147/3276/520
f 846/3277/440 826/3278/427 1125/3279/537 1145/3280/536
f 585/3281/442 850/3282/343 1149/3283/540 1148/3284/539
f 574/3285/430 585/3286/442 1148/3287/539 1128/3288/538
f 587/3289/444 586/3290/443 1150/3291/521 1151/3292/524
f 469/3293/120 468/3294/131 942/3295/134 943/3296/121
f 850/3297/343 830/3298/431 1129/3299/541 1149/3300/540
f 854/3301/188 588/3302/88 1152/3303/200 1153/3304/189
f 471/3305/96 470/3306/107 944/3307/110 945/3308/97
f 556/3309/79 567/3310/75 1114/3311/78 1094/3312/196
f 589/3313/80 856/3314/309 1155/3315/508 1154/3316/81
f 473/3317/374 472/3318/83 946/3319/86 947/3320/611
f 816/3321/76 796/3322/195 1095/3323/197 1115/3324/77
f 858/3325/164 590/3326/175 1156/3327/178 1157/3328/165
f 475/3329/282 474/3330/375 948/3331/612 949/3332/615
f 558/3333/172 569/3334/423 1118/3335/542 1098/3336/173
f 591/3337/446 860/3338/445 1159/3339/511 1158/3340/510
f 477/3341/377 476/3342/376 950/3343/616 951/3344/619
f 820/3345/286 800/3346/171 1099/3347/174 1119/3348/543
f 862/3349/140 592/3350/151 1160/3351/154 1161/3352/141
f 654/3353/236 478/3354/247 952/3355/250 953/3356/237
f 560/3357/148 571/3358/425 1122/3359/544 1102/3360/149
f 593/3361/316 864/3362/447 1163/3363/515 1162/3364/514
f 479/3365/132 656/3366/119 955/3367/122 954/3368/133
f 824/3369/264 804/3370/147 1103/3371/150 1123/3372/545
f 866/3373/116 594/3374/127 1164/3375/130 1165/3376/117
f 658/3377/213 480/3378/224 956/3379/227 957/3380/214
f 562/3381/124 573/3382/429 1126/3383/546 1106/3384/125
f 595/3385/449 868/3386/448 1167/3387/519 1166/3388/518
f 481/3389/108 660/3390/95 959/3391/98 958/3392/109
f 828/3393/428 808/3394/123 1107/3395/126 1127/3396/547
f 870/3397/92 596/3398/103 1168/3399/106 1169/3400/93
f 662/3401/192 482/3402/201 960/3403/204 961/3404/193
f 564/3405/100 575/3406/433 1130/3407/548 1110/3408/101
f 597/3409/450 598/3410/208 1171/3411/523 1170/3412/522
f 483/3413/84 664/3414/305 963/3415/610 962/3416/85
f 576/3417/432 565/3418/99 1111/3419/102 1131/3420/523
f 599/3421/198 874/3422/187 1173/3423/190 1172/3424/199
f 666/3425/168 484/3426/179 964/3427/182 965/3428/169
f 544/3429/320 555/3430/205 1092/3431/207 1072/3432/321
f 876/3433/302 600/3434/312 1174/3435/315 1175/3436/303
f 485/3437/379 668/3438/378 967/3439/614 966/3440/613
f 794/3441/187 774/3442/319 1073/3443/322 1093/3444/206
f 601/3445/176 878/3446/163 1177/3447/166 1176/3448/177
f 670/3449/144 486/3450/155 968/3451/158 969/3452/145
f 546/3453/298 557/3454/183 1096/3455/186 1076/3456/299
f 880/3457/279 602/3458/289 1178/3459/292 1179/3460/280
f 487/3461/381 488/3462/380 971/3463/618 970/3464/617
f 798/3465/184 778/3466/297 1077/3467/300 1097/3468/185
f 603/3469/152 882/3470/139 1181/3471/142 1180/3472/153
f 489/3473/248 674/3474/235 973/3475/238 972/3476/249
f 548/3477/275 559/3478/159 1100/3479/162 1080/3480/276
f 884/3481/256 604/3482/267 1182/3483/270 1183/3484/257
f 676/3485/349 490/3486/131 974/3487/359 975/3488/350
f 802/3489/160 782/3490/140 1081/3491/277 1101/3492/161
f 605/3493/128 886/3494/115 1185/3495/118 1184/3496/129
f 491/3497/225 678/3498/212 977/3499/215 976/3500/226
f 550/3501/252 561/3502/135 1104/3503/138 1084/3504/253
f 888/3505/232 606/3506/243 1186/3507/246 1187/3508/233
f 680/3509/328 492/3510/338 978/3511/341 979/3512/329
f 806/3513/136 786/3514/251 1085/3515/254 1105/3516/137
f 607/3517/104 890/3518/91 1189/3519/94 1188/3520/105
f 493/3521/202 682/3522/191 981/3523/194 980/3524/203
f 552/3525/229 563/3526/111 1108/3527/114 1088/3528/230
f 609/3529/209 608/3530/220 1190/3531/223 1191/3532/210
f 684/3533/116 494/3534/83 982/3535/318 983/3536/306
f 810/3537/112 790/3538/228 1089/3539/231 1109/3540/113
f 894/3541/451 610/3542/131 1192/3543/496 1193/3544/499
f 495/3545/180 686/3546/167 985/3547/170 984/3548/181
f 534/3549/414 545/3550/308 1074/3551/311 1054/3552/549
f 611/3553/313 896/3554/301 1195/3555/304 1194/3556/314
f 688/3557/282 496/3558/293 986/3559/296 987/3560/283
f 776/3561/309 756/3562/415 1055/3563/550 1075/3564/310
f 898/3565/453 612/3566/452 1196/3567/500 1197/3568/503
f 497/3569/156 690/3570/143 989/3571/146 988/3572/157
f 536/3573/417 547/3574/285 1078/3575/288 1058/3576/551
f 613/3577/290 900/3578/278 1199/3579/281 1198/3580/291
f 499/3581/260 498/3582/271 990/3583/274 991/3584/261
f 780/3585/286 760/3586/418 1059/3587/552 1079/3588/287
f 902/3589/96 614/3590/454 1200/3591/504 1201/3592/507
f 694/3593/383 500/3594/382 992/3595/592 993/3596/594
f 538/3597/420 549/3598/263 1082/3599/266 1062/3600/553
f 615/3601/268 904/3602/255 1203/3603/258 1202/3604/269
f 501/3605/357 696/3606/76 995/3607/351 994/3608/358
f 784/3609/264 764/3610/421 1063/3611/554 1083/3612/265
f 906/3613/346 616/3614/353 1204/3615/356 1205/3616/347
f 698/3617/384 502/3618/224 996/3619/595 997/3620/598
f 540/3621/124 551/3622/239 1086/3623/242 1066/3624/352
f 617/3625/244 908/3626/143 1207/3627/234 1206/3628/245
f 503/3629/339 700/3630/327 999/3631/330 998/3632/340
f 788/3633/240 768/3634/123 1067/3635/126 1087/3636/241
f 910/3637/324 618/3638/334 1208/3639/337 1209/3640/325
f 702/3641/386 504/3642/385 1000/3643/599 1001/3644/602
f 542/3645/331 553/3646/216 1090/3647/219 1070/3648/332
f 619/3649/221 620/3650/208 1211/3651/211 1210/3652/222
f 505/3653/316 704/3654/305 1003/3655/307 1002/3656/317
f 554/3657/217 543/3658/99 1071/3659/333 1091/3660/218
f 621/3661/198 914/3662/455 1213/3663/498 1212/3664/497
f 706/3665/387 506/3666/179 1004/3667/182 1005/3668/605
f 522/3669/382 533/3670/391 1052/3671/556 1032/3672/555
f 916/3673/236 622/3674/456 1214/3675/476 1215/3676/479
f 507/3677/294 708/3678/240 1007/3679/284 1006/3680/295
f 754/3681/413 734/3682/319 1033/3683/558 1053/3684/557
f 623/3685/457 918/3686/163 1217/3687/502 1216/3688/501
f 710/3689/389 508/3690/388 1008/3691/606 1009/3692/609
f 524/3693/298 535/3694/225 1056/3695/560 1036/3696/559
f 920/3697/459 624/3698/458 1218/3699/480 1219/3700/483
f 509/3701/272 510/3702/259 1011/3703/262 1010/3704/273
f 758/3705/416 738/3706/401 1037/3707/562 1057/3708/561
f 625/3709/460 922/3710/139 1221/3711/506 1220/3712/505
f 511/3713/391 714/3714/390 1013/3715/593 1012/3716/556
f 526/3717/403 537/3718/419 1060/3719/564 1040/3720/563
f 924/3721/462 626/3722/461 1222/3723/484 1223/3724/487
f 716/3725/349 512/3726/131 1014/3727/573 1015/3728/575
f 762/3729/160 742/3730/404 1041/3731/566 1061/3732/565
f 627/3733/354 926/3734/136 1225/3735/348 1224/3736/355
f 513/3737/225 718/3738/392 1017/3739/597 1016/3740/596
f 528/3741/407 539/3742/135 1064/3743/568 1044/3744/567
f 928/3745/464 628/3746/463 1226/3747/488 1227/3748/491
f 720/3749/328 514/3750/393 1018/3751/576 1019/3752/579
f 766/3753/136 746/3754/408 1045/3755/570 1065/3756/569
f 629/3757/335 930/3758/323 1229/3759/326 1228/3760/336
f 515/3761/394 722/3762/160 1021/3763/601 1020/3764/600
f 530/3765/410 541/3766/342 1068/3767/345 1048/3768/571
f 631/3769/209 630/3770/465 1230/3771/492 1231/3772/495
f 724/3773/395 516/3774/148 1022/3775/580 1023/3776/583
f 770/3777/343 750/3778/411 1049/3779/572 1069/3780/344
f 632/3781/467 633/3782/466 1233/3783/478 1232/3784/477
f 517/3785/180 726/3786/396 1025/3787/604 1024/3788/603
f 512/3789/131 523/3790/75 1034/3791/574 1014/3792/573
f 634/3793/469 635/3794/468 1235/3795/482 1234/3796/481
f 728/3797/398 518/3798/397 1026/3799/584 1027/3800/587
f 736/3801/400 716/3802/349 1015/3803/575 1035/3804/310
f 636/3805/471 637/3806/470 1237/3807/486 1236/3808/485
f 519/3809/399 730/3810/343 1029/3811/608 1028/3812/607
f 514/3813/393 525/3814/402 1038/3815/577 1018/3816/576
f 638/3817/473 639/3818/472 1239/3819/490 1238/3820/489
f 521/3821/99 520/3822/331 1030/3823/588 1031/3824/591
f 740/3825/327 720/3826/328 1019/3827/579 1039/3828/578
f 640/3829/475 641/3830/474 1241/3831/494 1240/3832/493
f 734/3833/319 522/3834/382 1032/3835/555 1033/3836/558
f 516/3837/148 527/3838/406 1042/3839/581 1022/3840/580
f 622/3841/456 632/3842/467 1232/3843/477 1214/3844/476
f 523/3845/75 736/3846/400 1035/3847/310 1034/3848/574
f 744/3849/405 724/3850/395 1023/3851/583 1043/3852/582
f 633/3853/466 916/3854/236 1215/3855/479 1233/3856/478
f 738/3857/401 524/3858/298 1036/3859/559 1037/3860/562
f 518/3861/397 529/3862/294 1046/3863/585 1026/3864/584
f 624/3865/458 634/3866/469 1234/3867/481 1218/3868/480
f 525/3869/402 740/3870/327 1039/3871/578 1038/3872/577
f 748/3873/409 728/3874/398 1027/3875/587 1047/3876/586
f 635/3877/468 920/3878/459 1219/3879/483 1235/3880/482
f 742/3881/404 526/3882/403 1040/3883/563 1041/3884/566
f 520/3885/331 531/3886/272 1050/3887/589 1030/3888/588
f 626/3889/461 636/3890/471 1236/3891/485 1222/3892/484
f 527/3893/406 744/3894/405 1043/3895/582 1042/3896/581
f 532/3897/412 521/3898/99 1031/3899/591 1051/3900/590
f 637/3901/470 924/3902/462 1223/3903/487 1237/3904/486
f 746/3905/408 528/3906/407 1044/3907/567 1045/3908/570
f 500/3909/382 511/3910/391 1012/3911/556 992/3912/592
f 628/3913/463 638/3914/473 1238/3915/489 1226/3916/488
f 529/3917/294 748/3918/409 1047/3919/586 1046/3920/585
f 714/3921/390 694/3922/383 993/3923/594 1013/3924/593
f 639/3925/472 928/3926/464 1227/3927/491 1239/3928/490
f 750/3929/411 530/3930/410 1048/3931/571 1049/3932/572
f 502/3933/224 513/3934/225 1016/3935/596 996/3936/595
f 630/3937/465 640/3938/475 1240/3939/493 1230/3940/492
f 531/3941/272 532/3942/412 1051/3943/590 1050/3944/589
f 718/3945/392 698/3946/384 997/3947/598 1017/3948/597
f 641/3949/474 631/3950/209 1231/3951/495 1241/3952/494
f 533/3953/391 754/3954/413 1053/3955/557 1052/3956/556
f 504/3957/385 515/3958/394 1020/3959/600 1000/3960/599
f 610/3961/131 621/3962/198 1212/3963/497 1192/3964/496
f 756/3965/415 534/3966/414 1054/3967/549 1055/3968/550
f 722/3969/160 702/3970/386 1001/3971/602 1021/3972/601
f 914/3973/455 894/3974/451 1193/3975/499 1213/3976/498
f 535/3977/225 758/3978/416 1057/3979/561 1056/3980/560
f 506/3981/179 517/3982/180 1024/3983/603 1004/3984/182
f 612/3985/452 623/3986/457 1216/3987/501 1196/3988/500
f 760/3989/418 536/3990/417 1058/3991/551 1059/3992/552
f 726/3993/396 706/3994/387 1005/3995/605 1025/3996/604
f 918/3997/163 898/3998/453 1197/3999/503 1217/4000/502
f 537/4001/419 762/4002/160 1061/4003/565 1060/4004/564
f 508/4005/388 519/4006/399 1028/4007/607 1008/4008/606
f 614/4009/454 625/4010/460 1220/4011/505 1200/4012/504
f 764/4013/421 538/4014/420 1062/4015/553 1063/4016/554
f 730/4017/343 710/4018/389 1009/4019/609 1029/4020/608
f 922/4021/139 902/4022/96 1201/4023/507 1221/4024/506
f 539/4025/135 766/4026/136 1065/4027/569 1064/4028/568
f 1250/4029/620 1266/4030/621 1245/4031/622 1243/4032/623
f 1314/4033/624 1247/4034/625 1246/4035/626 1335/4036/627
f 1282/4037/628 1249/4038/629 1248/4039/630 1313/4040/631
f 1357/4041/632 1248/4042/630 1249/4043/629 1346/4044/633
f 1708/4045/634 1346/4046/633 1249/4047/629 1282/4048/628
f 1532/4049/635 1335/4050/627 1246/4051/626 1298/4052/631
f 1357/4053/632 1368/4054/635 1313/4055/631 1248/4056/630
f 1368/4054/635 1379/4057/635 1312/4058/631 1313/4055/631
f 1379/4057/635 1390/4059/635 1311/4060/631 1312/4058/631
f 1390/4059/635 1401/4061/635 1310/4062/631 1311/4060/631
f 1401/4061/635 1412/4063/635 1309/4064/631 1310/4062/631
f 1412/4063/635 1422/4065/635 1308/4066/631 1309/4064/631
f 1422/4065/635 1433/4067/635 1307/4068/631 1308/4066/631
f 1433/4067/635 1444/4069/635 1306/4070/631 1307/4068/631
f 1444/4069/635 1455/4071/635 1305/4072/631 1306/4070/631
f 1455/4071/635 1466/4073/635 1304/4074/631 1305/4072/631
f 1466/4073/635 1477/4075/635 1303/4076/631 1304/4074/631
f 1477/4075/635 1488/4077/635 1302/4078/631 1303/4076/631
f 1488/4077/635 1499/4079/635 1301/4080/631 1302/4078/631
f 1499/4079/635 1510/4081/635 1300/4082/631 1301/4080/631
f 1510/4081/635 1521/4083/635 1299/4084/631 1300/4082/631
f 1521/4083/635 1532/4049/635 1298/4052/631 1299/4084/631
f 1314/4085/624 1543/4086/636 1297/4087/628 1247/4088/625
f 1543/4086/636 1554/4089/634 1296/4090/628 1297/4087/628
f 1554/4089/634 1565/4091/636 1295/4092/628 1296/4090/628
f 1565/4091/636 1576/4093/637 1294/4094/628 1295/4092/628
f 1576/4093/637 1587/4095/638 1293/4096/628 1294/4094/628
f 1587/4095/638 1598/4097/637 1292/4098/628 1293/4096/628
f 1598/4097/637 1609/4099/636 1291/4100/628 1292/4098/628
f 1609/4099/636 1620/4101/637 1290/4102/628 1291/4100/628
f 1620/4101/637 1631/4103/638 1289/4104/628 1290/4102/628
f 1631/4103/638 1642/4105/639 1288/4106/628 1289/4104/628
f 1642/4105/639 1653/4107/636 1287/4108/628 1288/4106/628
f 1653/4107/636 1664/4109/637 1286/4110/628 1287/4108/628
f 1664/4109/637 1675/4111/638 1285/4112/628 1286/4110/628
f 1675/4111/638 1686/4113/640 1284/4114/628 1285/4112/628
f 1686/4113/640 1697/4115/636 1283/4116/628 1284/4114/628
f 1697/4115/636 1708/4045/634 1282/4048/628 1283/4116/628
f 1247/4117/625 1297/4118/628 1298/4119/631 1246/4120/626
f 1297/4118/628 1296/4121/628 1299/4122/631 1298/4119/631
f 1296/4121/628 1295/4123/628 1300/4124/631 1299/4122/631
f 1295/4123/628 1294/4125/628 1301/4126/631 1300/4124/631
f 1294/4125/628 1293/4127/628 1302/4128/631 1301/4126/631
f 1293/4127/628 1292/4129/628 1303/4130/631 1302/4128/631
f 1292/4129/628 1291/4131/628 1304/4132/631 1303/4130/631
f 1291/4131/628 1290/4133/628 1305/4134/631 1304/4132/631
f 1290/4133/628 1289/4135/628 1306/4136/631 1305/4134/631
f 1289/4135/628 1288/4137/628 1307/4138/631 1306/4136/631
f 1288/4137/628 1287/4139/628 1308/4140/631 1307/4138/631
f 1287/4139/628 1286/4141/628 1309/4142/631 1308/4140/631
f 1286/4141/628 1285/4143/628 1310/4144/631 1309/4142/631
f 1285/4143/628 1284/4145/628 1311/4146/631 1310/4144/631
f 1284/4145/628 1283/4147/628 1312/4148/631 1311/4146/631
f 1283/4147/628 1282/4037/628 1313/4040/631 1312/4148/631
f 1242/4149/641 1244/4150/642 1281/4151/643 1265/4152/620
f 1265/4152/620 1281/4151/643 1280/4153/643 1264/4154/620
f 1264/4154/620 1280/4153/643 1279/4155/643 1263/4156/620
f 1263/4156/620 1279/4155/643 1278/4157/643 1262/4158/644
f 1262/4158/644 1278/4157/643 1277/4159/621 1261/4160/644
f 1261/4160/644 1277/4159/621 1276/4161/643 1260/4162/620
f 1260/4162/620 1276/4161/643 1275/4163/643 1259/4164/620
f 1259/4164/620 1275/4163/643 1274/4165/643 1258/4166/620
f 1258/4166/620 1274/4165/643 1273/4167/621 1257/4168/644
f 1257/4168/644 1273/4167/621 1272/4169/643 1256/4170/620
f 1256/4170/620 1272/4169/643 1271/4171/643 1255/4172/620
f 1255/4172/620 1271/4171/643 1270/4173/621 1254/4174/644
f 1254/4174/644 1270/4173/621 1269/4175/643 1253/4176/620
f 1253/4176/620 1269/4175/643 1268/4177/643 1252/4178/620
f 1252/4178/620 1268/4177/643 1267/4179/643 1251/4180/620
f 1251/4180/620 1267/4179/643 1266/4030/621 1250/4029/620
f 1280/4181/643 1281/4182/643 1698/4183/645 1687/4184/646
f 1687/4184/646 1698/4183/645 1699/4185/647 1688/4186/648
f 1553/4187/649 1554/4188/634 1912/4189/650 1910/4190/648
f 1689/4191/645 1700/4192/651 1701/4193/652 1690/4194/645
f 1657/4195/645 1658/4196/648 2100/4197/649 2098/4198/648
f 1691/4199/645 1702/4200/653 1703/4201/654 1692/4202/649
f 1652/4203/648 1663/4204/645 2110/4205/645 2090/4206/645
f 1693/4207/649 1704/4208/655 1705/4209/656 1694/4210/645
f 1536/4211/657 1547/4212/645 1898/4213/649 1885/4214/658
f 1695/4215/645 1706/4216/659 1707/4217/660 1696/4218/645
f 1553/4219/649 1552/4220/648 1908/4221/648 1910/4222/648
f 1279/4223/643 1280/4181/643 1687/4184/646 1676/4224/661
f 1657/4225/645 1656/4226/662 2096/4227/663 2098/4228/648
f 1677/4229/645 1688/4230/648 1689/4231/645 1678/4232/648
f 1662/4233/648 1651/4234/645 2088/4235/648 2108/4236/649
f 1679/4237/649 1690/4238/645 1691/4239/645 1680/4240/648
f 1546/4241/648 1535/4242/664 1884/4243/665 1896/4244/662
f 1681/4245/645 1692/4246/649 1693/4247/649 1682/4248/645
f 1551/4249/649 1552/4250/648 1908/4251/648 1906/4252/645
f 1683/4253/648 1694/4254/645 1695/4255/645 1684/4256/645
f 1655/4257/645 1656/4258/662 2096/4259/663 2094/4260/648
f 1685/4261/649 1696/4218/645 1697/4115/636 1686/4113/640
f 1278/4262/643 1279/4223/643 1676/4224/661 1665/4263/646
f 1665/4263/646 1676/4224/661 1677/4264/645 1666/4265/662
f 1650/4266/645 1661/4267/649 2106/4268/645 2086/4269/645
f 1667/4270/645 1678/4271/648 1679/4272/649 1668/4273/645
f 1534/4274/666 1545/4275/645 1894/4276/645 1883/4277/667
f 1669/4278/645 1680/4279/648 1681/4280/645 1670/4281/645
f 1551/4282/649 1550/4283/645 1904/4284/662 1906/4285/645
f 1671/4286/645 1682/4287/645 1683/4288/648 1672/4289/645
f 1655/4290/645 1654/4291/661 2093/4292/668 2094/4293/648
f 1673/4294/649 1684/4295/645 1685/4296/649 1674/4297/645
f 1660/4298/645 1649/4299/645 2084/4300/663 2104/4301/662
f 1277/4302/621 1278/4262/643 1665/4263/646 1654/4303/661
f 1549/4304/645 1550/4305/645 1904/4306/662 1902/4307/645
f 1655/4308/645 1666/4309/662 1667/4310/645 1656/4311/662
f 1648/4312/662 1659/4313/645 2102/4314/649 2082/4315/663
f 1657/4316/645 1668/4317/645 1669/4318/645 1658/4319/648
f 1549/4320/645 1548/4321/645 1900/4322/662 1902/4323/645
f 1659/4324/645 1670/4325/645 1671/4326/645 1660/4327/645
f 1653/4328/636 1652/4329/648 2090/4330/645 2092/4331/669
f 1661/4332/649 1672/4333/645 1673/4334/649 1662/4335/648
f 1658/4336/648 1647/4337/645 2080/4338/648 2100/4339/649
f 1663/4340/645 1674/4341/645 1675/4111/638 1664/4109/637
f 1276/4342/643 1277/4302/621 1654/4303/661 1643/4343/646
f 1643/4343/646 1654/4303/661 1655/4344/645 1644/4345/648
f 1564/4346/645 1553/4347/649 1910/4348/648 1930/4349/645
f 1645/4350/645 1656/4351/662 1657/4352/645 1646/4353/648
f 1547/4354/645 1548/4355/645 1900/4356/662 1898/4357/649
f 1647/4358/645 1658/4359/648 1659/4360/645 1648/4361/662
f 1651/4362/645 1652/4363/648 2090/4364/645 2088/4365/648
f 1649/4366/645 1660/4367/645 1661/4368/649 1650/4369/645
f 1646/4370/648 1657/4371/645 2098/4372/648 2078/4373/645
f 1651/4374/645 1662/4375/648 1663/4376/645 1652/4377/648
f 1552/4378/648 1563/4379/645 1928/4380/648 1908/4381/648
f 1275/4382/643 1276/4342/643 1643/4343/646 1632/4383/661
f 1547/4384/645 1546/4385/648 1896/4386/662 1898/4387/649
f 1633/4388/645 1644/4389/648 1645/4390/645 1634/4391/648
f 1651/4392/645 1650/4393/645 2086/4394/645 2088/4395/648
f 1635/4396/645 1646/4397/648 1647/4398/645 1636/4399/648
f 1656/4400/662 1645/4401/645 2076/4402/645 2096/4403/663
f 1637/4404/645 1648/4405/662 1649/4406/645 1638/4407/648
f 1562/4408/645 1551/4409/649 1906/4410/645 1926/4411/645
f 1639/4412/645 1650/4413/645 1651/4414/645 1640/4415/645
f 1545/4416/645 1546/4417/648 1896/4418/662 1894/4419/645
f 1641/4420/645 1652/4421/648 1653/4107/636 1642/4105/639
f 1274/4422/643 1275/4382/643 1632/4383/661 1621/4423/646
f 1621/4423/646 1632/4383/661 1633/4424/645 1622/4425/645
f 1649/4426/645 1650/4427/645 2086/4428/645 2084/4429/663
f 1623/4430/649 1634/4431/648 1635/4432/645 1624/4433/645
f 1644/4434/648 1655/4435/645 2094/4436/648 2074/4437/645
f 1625/4438/645 1636/4439/648 1637/4440/645 1626/4441/645
f 1550/4442/645 1561/4443/649 1924/4444/645 1904/4445/662
f 1627/4446/645 1638/4447/648 1639/4448/645 1628/4449/645
f 1545/4450/645 1544/4451/670 1893/4452/668 1894/4453/645
f 1629/4454/645 1640/4455/645 1641/4456/645 1630/4457/648
f 1649/4458/645 1648/4459/662 2082/4460/663 2084/4461/663
f 1273/4462/621 1274/4422/643 1621/4423/646 1610/4463/661
f 1560/4464/649 1549/4465/645 1902/4466/645 1922/4467/648
f 1611/4468/649 1622/4469/645 1623/4470/649 1612/4471/645
f 1647/4472/645 1648/4473/662 2082/4474/663 2080/4475/648
f 1613/4476/649 1624/4477/645 1625/4478/645 1614/4479/648
f 1548/4480/645 1559/4481/648 1920/4482/662 1900/4483/662
f 1615/4484/649 1626/4485/645 1627/4486/645 1616/4487/645
f 1543/4488/636 1542/4489/671 1891/4490/672 1892/4491/669
f 1617/4492/645 1628/4493/645 1629/4494/645 1618/4495/649
f 1647/4496/645 1646/4497/648 2078/4498/645 2080/4499/648
f 1619/4500/645 1630/4501/648 1631/4103/638 1620/4101/637
f 1272/4502/643 1273/4462/621 1610/4463/661 1599/4503/646
f 1599/4503/646 1610/4463/661 1611/4504/649 1600/4505/645
f 1674/4506/645 1663/4507/645 2110/4508/645 2130/4509/649
f 1601/4510/649 1612/4511/645 1613/4512/649 1602/4513/645
f 1558/4514/648 1547/4515/645 1898/4516/649 1918/4517/645
f 1603/4518/645 1614/4519/648 1615/4520/649 1604/4521/662
f 1645/4522/645 1646/4523/648 2078/4524/645 2076/4525/645
f 1605/4526/645 1616/4527/645 1617/4528/645 1606/4529/648
f 1662/4530/648 1673/4531/649 2128/4532/648 2108/4533/649
f 1607/4534/649 1618/4535/649 1619/4536/645 1608/4537/645
f 1546/4538/648 1557/4539/645 1916/4540/648 1896/4541/662
f 1271/4542/643 1272/4502/643 1599/4503/646 1588/4543/661
f 1541/4544/673 1540/4545/674 1889/4546/675 1890/4547/676
f 1589/4548/649 1600/4549/645 1601/4550/649 1590/4551/645
f 1645/4552/645 1644/4553/648 2074/4554/645 2076/4555/645
f 1591/4556/649 1602/4557/645 1603/4558/645 1592/4559/648
f 1672/4560/645 1661/4561/649 2106/4562/645 2126/4563/645
f 1593/4564/645 1604/4565/662 1605/4566/645 1594/4567/645
f 1556/4568/648 1545/4569/645 1894/4570/645 1914/4571/649
f 1595/4572/645 1606/4573/648 1607/4574/649 1596/4575/645
f 1643/4576/646 1644/4577/648 2074/4578/645 2073/4579/677
f 1597/4580/649 1608/4581/645 1609/4099/636 1598/4097/637
f 1270/4582/621 1271/4542/643 1588/4543/661 1577/4583/646
f 1577/4583/646 1588/4543/661 1589/4584/649 1578/4585/645
f 1660/4586/645 1671/4587/645 2124/4588/645 2104/4589/662
f 1579/4590/645 1590/4591/645 1591/4592/649 1580/4593/645
f 1544/4594/670 1555/4595/646 1913/4596/678 1893/4597/668
f 1581/4598/663 1592/4599/648 1593/4600/645 1582/4601/645
f 1539/4602/679 1538/4603/680 1887/4604/681 1888/4605/682
f 1583/4606/648 1594/4607/645 1595/4608/645 1584/4609/645
f 1670/4610/645 1659/4611/645 2102/4612/649 2122/4613/645
f 1585/4614/645 1596/4615/645 1597/4616/649 1586/4617/645
f 1576/4618/637 1565/4619/636 1932/4620/683 1952/4621/684
f 1269/4622/643 1270/4582/621 1577/4583/646 1566/4623/661
f 1641/4624/645 1642/4625/639 2072/4626/684 2070/4627/645
f 1567/4628/645 1578/4629/645 1579/4630/645 1568/4631/648
f 1658/4632/648 1669/4633/645 2120/4634/663 2100/4635/649
f 1569/4636/649 1580/4637/645 1581/4638/663 1570/4639/645
f 1564/4640/645 1575/4641/645 1950/4642/648 1930/4643/645
f 1571/4644/649 1582/4645/645 1583/4646/648 1572/4647/662
f 1537/4648/685 1536/4649/657 1885/4650/658 1886/4651/686
f 1573/4652/645 1584/4653/645 1585/4654/645 1574/4655/645
f 1641/4656/645 1640/4657/645 2068/4658/645 2070/4659/645
f 1575/4660/645 1586/4661/645 1587/4095/638 1576/4093/637
f 1268/4662/643 1269/4622/643 1566/4623/661 1555/4663/646
f 1555/4663/646 1566/4623/661 1567/4664/645 1556/4665/648
f 1668/4666/645 1657/4667/645 2098/4668/648 2118/4669/649
f 1557/4670/645 1568/4671/648 1569/4672/649 1558/4673/648
f 1574/4674/645 1563/4675/645 1928/4676/648 1948/4677/645
f 1559/4678/648 1570/4679/645 1571/4680/649 1560/4681/649
f 1639/4682/645 1640/4683/645 2068/4684/645 2066/4685/648
f 1561/4686/649 1572/4687/662 1573/4688/645 1562/4689/645
f 1656/4690/662 1667/4691/645 2116/4692/648 2096/4693/663
f 1563/4694/645 1574/4695/645 1575/4696/645 1564/4697/645
f 1562/4698/645 1573/4699/645 1946/4700/649 1926/4701/645
f 1267/4702/643 1268/4662/643 1555/4663/646 1544/4703/670
f 1535/4704/664 1534/4705/666 1883/4706/667 1884/4707/665
f 1545/4708/645 1556/4709/648 1557/4710/645 1546/4711/648
f 1639/4712/645 1638/4713/648 2064/4714/645 2066/4715/648
f 1547/4716/645 1558/4717/648 1559/4718/648 1548/4719/645
f 1666/4720/662 1655/4721/645 2094/4722/648 2114/4723/648
f 1549/4724/645 1560/4725/649 1561/4726/649 1550/4727/645
f 1572/4728/662 1561/4729/649 1924/4730/645 1944/4731/645
f 1551/4732/649 1562/4733/645 1563/4734/645 1552/4735/648
f 1637/4736/645 1638/4737/648 2064/4738/645 2062/4739/645
f 1553/4740/649 1564/4741/645 1565/4091/636 1554/4089/634
f 1266/4742/621 1267/4702/643 1544/4703/670 1533/4743/645
f 1533/4743/645 1544/4703/670 1545/4744/645 1534/4745/666
f 1654/4746/661 1665/4747/646 2113/4748/677 2093/4749/668
f 1535/4750/664 1546/4751/648 1547/4752/645 1536/4753/657
f 1560/4754/649 1571/4755/649 1942/4756/645 1922/4757/648
f 1537/4758/685 1548/4759/645 1549/4760/645 1538/4761/680
f 1637/4762/645 1636/4763/648 2060/4764/645 2062/4765/645
f 1539/4766/679 1550/4767/645 1551/4768/649 1540/4769/674
f 1686/4770/640 1675/4771/638 2132/4772/687 2152/4773/688
f 1541/4774/673 1552/4775/648 1553/4740/649 1542/4776/671
f 1570/4777/645 1559/4778/648 1920/4779/662 1940/4780/648
f 1245/4781/622 1266/4742/621 1533/4743/645 1324/4782/624
f 1324/4782/624 1533/4743/645 1534/4745/666 1323/4783/624
f 1323/4783/624 1534/4745/666 1535/4750/664 1322/4784/624
f 1322/4784/624 1535/4750/664 1536/4753/657 1321/4785/624
f 1321/4785/624 1536/4753/657 1537/4758/685 1320/4786/624
f 1320/4786/624 1537/4758/685 1538/4761/680 1319/4787/624
f 1319/4787/624 1538/4761/680 1539/4766/679 1318/4788/624
f 1318/4788/624 1539/4766/679 1540/4769/674 1317/4789/624
f 1317/4789/624 1540/4769/674 1541/4774/673 1316/4790/624
f 1316/4790/624 1541/4774/673 1542/4776/671 1315/4791/624
f 1315/4791/624 1542/4776/671 1543/4086/636 1314/4085/624
f 1251/4792/620 1250/4793/620 1522/4794/635 1511/4795/635
f 1511/4795/635 1522/4794/635 1523/4796/635 1512/4797/635
f 1512/4797/635 1523/4796/635 1524/4798/635 1513/4799/635
f 1513/4799/635 1524/4798/635 1525/4800/635 1514/4801/635
f 1514/4801/635 1525/4800/635 1526/4802/635 1515/4803/635
f 1515/4803/635 1526/4802/635 1527/4804/635 1516/4805/635
f 1516/4805/635 1527/4804/635 1528/4806/635 1517/4807/635
f 1517/4807/635 1528/4806/635 1529/4808/635 1518/4809/635
f 1518/4809/635 1529/4808/635 1530/4810/635 1519/4811/635
f 1519/4811/635 1530/4810/635 1531/4812/635 1520/4813/635
f 1520/4813/635 1531/4812/635 1532/4049/635 1521/4083/635
f 1252/4814/620 1251/4792/620 1511/4795/635 1500/4815/635
f 1500/4815/635 1511/4795/635 1512/4797/635 1501/4816/635
f 1501/4816/635 1512/4797/635 1513/4799/635 1502/4817/635
f 1502/4817/635 1513/4799/635 1514/4801/635 1503/4818/635
f 1503/4818/635 1514/4801/635 1515/4803/635 1504/4819/635
f 1504/4819/635 1515/4803/635 1516/4805/635 1505/4820/635
f 1505/4820/635 1516/4805/635 1517/4807/635 1506/4821/635
f 1506/4821/635 1517/4807/635 1518/4809/635 1507/4822/635
f 1507/4822/635 1518/4809/635 1519/4811/635 1508/4823/635
f 1508/4823/635 1519/4811/635 1520/4813/635 1509/4824/635
f 1509/4824/635 1520/4813/635 1521/4083/635 1510/4081/635
f 1253/4825/620 1252/4814/620 1500/4815/635 1489/4826/635
f 1489/4826/635 1500/4815/635 1501/4816/635 1490/4827/635
f 1490/4827/635 1501/4816/635 1502/4817/635 1491/4828/635
f 1491/4828/635 1502/4817/635 1503/4818/635 1492/4829/635
f 1492/4829/635 1503/4818/635 1504/4819/635 1493/4830/635
f 1493/4830/635 1504/4819/635 1505/4820/635 1494/4831/635
f 1494/4831/635 1505/4820/635 1506/4821/635 1495/4832/635
f 1495/4832/635 1506/4821/635 1507/4822/635 1496/4833/635
f 1496/4833/635 1507/4822/635 1508/4823/635 1497/4834/635
f 1497/4834/635 1508/4823/635 1509/4824/635 1498/4835/635
f 1498/4835/635 1509/4824/635 1510/4081/635 1499/4079/635
f 1254/4836/644 1253/4825/620 1489/4826/635 1478/4837/635
f 1478/4837/635 1489/4826/635 1490/4827/635 1479/4838/635
f 1479/4838/635 1490/4827/635 1491/4828/635 1480/4839/635
f 1480/4839/635 1491/4828/635 1492/4829/635 1481/4840/635
f 1481/4840/635 1492/4829/635 1493/4830/635 1482/4841/635
f 1482/4841/635 1493/4830/635 1494/4831/635 1483/4842/635
f 1483/4842/635 1494/4831/635 1495/4832/635 1484/4843/635
f 1484/4843/635 1495/4832/635 1496/4833/635 1485/4844/635
f 1485/4844/635 1496/4833/635 1497/4834/635 1486/4845/635
f 1486/4845/635 1497/4834/635 1498/4835/635 1487/4846/635
f 1487/4846/635 1498/4835/635 1499/4079/635 1488/4077/635
f 1255/4847/620 1254/4836/644 1478/4837/635 1467/4848/635
f 1467/4848/635 1478/4837/635 1479/4838/635 1468/4849/635
f 1468/4849/635 1479/4838/635 1480/4839/635 1469/4850/635
f 1469/4850/635 1480/4839/635 1481/4840/635 1470/4851/635
f 1470/4851/635 1481/4840/635 1482/4841/635 1471/4852/635
f 1471/4852/635 1482/4841/635 1483/4842/635 1472/4853/635
f 1472/4853/635 1483/4842/635 1484/4843/635 1473/4854/635
f 1473/4854/635 1484/4843/635 1485/4844/635 1474/4855/635
f 1474/4855/635 1485/4844/635 1486/4845/635 1475/4856/635
f 1475/4856/635 1486/4845/635 1487/4846/635 1476/4857/635
f 1476/4857/635 1487/4846/635 1488/4077/635 1477/4075/635
f 1256/4858/620 1255/4847/620 1467/4848/635 1456/4859/635
f 1456/4859/635 1467/4848/635 1468/4849/635 1457/4860/635
f 1457/4860/635 1468/4849/635 1469/4850/635 1458/4861/635
f 1458/4861/635 1469/4850/635 1470/4851/635 1459/4862/635
f 1459/4862/635 1470/4851/635 1471/4852/635 1460/4863/635
f 1460/4863/635 1471/4852/635 1472/4853/635 1461/4864/635
f 1461/4864/635 1472/4853/635 1473/4854/635 1462/4865/635
f 1462/4865/635 1473/4854/635 1474/4855/635 1463/4866/635
f 1463/4866/635 1474/4855/635 1475/4856/635 1464/4867/635
f 1464/4867/635 1475/4856/635 1476/4857/635 1465/4868/635
f 1465/4868/635 1476/4857/635 1477/4075/635 1466/4073/635
f 1257/4869/644 1256/4858/620 1456/4859/635 1445/4870/635
f 1445/4870/635 1456/4859/635 1457/4860/635 1446/4871/635
f 1446/4871/635 1457/4860/635 1458/4861/635 1447/4872/635
f 1447/4872/635 1458/4861/635 1459/4862/635 1448/4873/635
f 1448/4873/635 1459/4862/635 1460/4863/635 1449/4874/635
f 1449/4874/635 1460/4863/635 1461/4864/635 1450/4875/635
f 1450/4875/635 1461/4864/635 1462/4865/635 1451/4876/635
f 1451/4876/635 1462/4865/635 1463/4866/635 1452/4877/635
f 1452/4877/635 1463/4866/635 1464/4867/635 1453/4878/635
f 1453/4878/635 1464/4867/635 1465/4868/635 1454/4879/635
f 1454/4879/635 1465/4868/635 1466/4073/635 1455/4071/635
f 1258/4880/620 1257/4869/644 1445/4870/635 1434/4881/635
f 1434/4881/635 1445/4870/635 1446/4871/635 1435/4882/635
f 1435/4882/635 1446/4871/635 1447/4872/635 1436/4883/635
f 1436/4883/635 1447/4872/635 1448/4873/635 1437/4884/635
f 1437/4884/635 1448/4873/635 1449/4874/635 1438/4885/635
f 1438/4885/635 1449/4874/635 1450/4875/635 1439/4886/635
f 1439/4886/635 1450/4875/635 1451/4876/635 1440/4887/635
f 1440/4887/635 1451/4876/635 1452/4877/635 1441/4888/635
f 1441/4888/635 1452/4877/635 1453/4878/635 1442/4889/635
f 1442/4889/635 1453/4878/635 1454/4879/635 1443/4890/635
f 1443/4890/635 1454/4879/635 1455/4071/635 1444/4069/635
f 1259/4891/620 1258/4880/620 1434/4881/635 1423/4892/635
f 1423/4892/635 1434/4881/635 1435/4882/635 1424/4893/635
f 1424/4893/635 1435/4882/635 1436/4883/635 1425/4894/635
f 1425/4894/635 1436/4883/635 1437/4884/635 1426/4895/635
f 1426/4895/635 1437/4884/635 1438/4885/635 1427/4896/635
f 1427/4896/635 1438/4885/635 1439/4886/635 1428/4897/689
f 1428/4897/689 1439/4886/635 1440/4887/635 1429/4898/627
f 1429/4898/627 1440/4887/635 1441/4888/635 1430/4899/690
f 1430/4899/690 1441/4888/635 1442/4889/635 1431/4900/635
f 1431/4900/635 1442/4889/635 1443/4890/635 1432/4901/635
f 1432/4901/635 1443/4890/635 1444/4069/635 1433/4067/635
f 1260/4902/620 1259/4891/620 1423/4892/635 1413/4903/635
f 1413/4903/635 1423/4892/635 1424/4893/635 1414/4904/635
f 1414/4904/635 1424/4893/635 1425/4894/635 1415/4905/635
f 1415/4905/635 1425/4894/635 1426/4895/635 1416/4906/635
f 1416/4906/635 1426/4895/635 1427/4896/635 1417/4907/635
f 1417/4907/635 1427/4896/635 1428/4897/689 1418/4908/691
f 1429/4909/627 1430/4910/690 2500/4911/692 2499/4912/693
f 1409/4913/694 1408/4914/632 2493/4915/695 2494/4916/696
f 1419/4917/697 1430/4899/690 1431/4900/635 1420/4918/635
f 1420/4918/635 1431/4900/635 1432/4901/635 1421/4919/635
f 1421/4919/635 1432/4901/635 1433/4067/635 1422/4065/635
f 1261/4920/644 1260/4902/620 1413/4903/635 1402/4921/635
f 1402/4921/635 1413/4903/635 1414/4904/635 1403/4922/635
f 1403/4922/635 1414/4904/635 1415/4905/635 1404/4923/635
f 1404/4923/635 1415/4905/635 1416/4906/635 1405/4924/635
f 1405/4924/635 1416/4906/635 1417/4907/635 1406/4925/635
f 1406/4925/635 1417/4907/635 1418/4908/691 1407/4926/698
f 1430/4927/690 1419/4928/697 2497/4929/699 2500/4930/692
f 1419/4928/697 1409/4931/694 2494/4932/696 2497/4929/699
f 1409/4933/694 1419/4917/697 1420/4918/635 1410/4934/635
f 1410/4934/635 1420/4918/635 1421/4919/635 1411/4935/635
f 1411/4935/635 1421/4919/635 1422/4065/635 1412/4063/635
f 1262/4936/644 1261/4920/644 1402/4921/635 1391/4937/635
f 1391/4937/635 1402/4921/635 1403/4922/635 1392/4938/635
f 1392/4938/635 1403/4922/635 1404/4923/635 1393/4939/635
f 1393/4939/635 1404/4923/635 1405/4924/635 1394/4940/635
f 1394/4940/635 1405/4924/635 1406/4925/635 1395/4941/635
f 1395/4941/635 1406/4925/635 1407/4926/698 1396/4942/635
f 1396/4942/635 1407/4926/698 1408/4943/632 1397/4944/635
f 1397/4944/635 1408/4943/632 1409/4933/694 1398/4945/635
f 1398/4945/635 1409/4933/694 1410/4934/635 1399/4946/635
f 1399/4946/635 1410/4934/635 1411/4935/635 1400/4947/635
f 1400/4947/635 1411/4935/635 1412/4063/635 1401/4061/635
f 1263/4948/620 1262/4936/644 1391/4937/635 1380/4949/635
f 1380/4949/635 1391/4937/635 1392/4938/635 1381/4950/635
f 1381/4950/635 1392/4938/635 1393/4939/635 1382/4951/635
f 1382/4951/635 1393/4939/635 1394/4940/635 1383/4952/635
f 1383/4952/635 1394/4940/635 1395/4941/635 1384/4953/635
f 1384/4953/635 1395/4941/635 1396/4942/635 1385/4954/635
f 1385/4954/635 1396/4942/635 1397/4944/635 1386/4955/635
f 1386/4955/635 1397/4944/635 1398/4945/635 1387/4956/635
f 1387/4956/635 1398/4945/635 1399/4946/635 1388/4957/635
f 1388/4957/635 1399/4946/635 1400/4947/635 1389/4958/635
f 1389/4958/635 1400/4947/635 1401/4061/635 1390/4059/635
f 1264/4959/620 1263/4948/620 1380/4949/635 1369/4960/635
f 1369/4960/635 1380/4949/635 1381/4950/635 1370/4961/635
f 1370/4961/635 1381/4950/635 1382/4951/635 1371/4962/635
f 1371/4962/635 1382/4951/635 1383/4952/635 1372/4963/635
f 1372/4963/635 1383/4952/635 1384/4953/635 1373/4964/635
f 1373/4964/635 1384/4953/635 1385/4954/635 1374/4965/635
f 1374/4965/635 1385/4954/635 1386/4955/635 1375/4966/635
f 1375/4966/635 1386/4955/635 1387/4956/635 1376/4967/635
f 1376/4967/635 1387/4956/635 1388/4957/635 1377/4968/635
f 1377/4968/635 1388/4957/635 1389/4958/635 1378/4969/635
f 1378/4969/635 1389/4958/635 1390/4059/635 1379/4057/635
f 1265/4970/620 1264/4959/620 1369/4960/635 1358/4971/635
f 1358/4971/635 1369/4960/635 1370/4961/635 1359/4972/635
f 1359/4972/635 1370/4961/635 1371/4962/635 1360/4973/635
f 1360/4973/635 1371/4962/635 1372/4963/635 1361/4974/635
f 1361/4974/635 1372/4963/635 1373/4964/635 1362/4975/635
f 1362/4975/635 1373/4964/635 1374/4965/635 1363/4976/635
f 1363/4976/635 1374/4965/635 1375/4966/635 1364/4977/635
f 1364/4977/635 1375/4966/635 1376/4967/635 1365/4978/635
f 1365/4978/635 1376/4967/635 1377/4968/635 1366/4979/635
f 1366/4979/635 1377/4968/635 1378/4969/635 1367/4980/635
f 1367/4980/635 1378/4969/635 1379/4057/635 1368/4054/635
f 1242/4981/641 1265/4970/620 1358/4971/635 1347/4982/632
f 1347/4982/632 1358/4971/635 1359/4972/635 1348/4983/632
f 1348/4983/632 1359/4972/635 1360/4973/635 1349/4984/632
f 1349/4984/632 1360/4973/635 1361/4974/635 1350/4985/632
f 1350/4985/632 1361/4974/635 1362/4975/635 1351/4986/632
f 1351/4986/632 1362/4975/635 1363/4976/635 1352/4987/632
f 1352/4987/632 1363/4976/635 1364/4977/635 1353/4988/632
f 1353/4988/632 1364/4977/635 1365/4978/635 1354/4989/632
f 1354/4989/632 1365/4978/635 1366/4979/635 1355/4990/632
f 1355/4990/632 1366/4979/635 1367/4980/635 1356/4991/632
f 1356/4991/632 1367/4980/635 1368/4054/635 1357/4053/632
f 1250/4793/620 1243/4992/623 1325/4993/627 1522/4794/635
f 1522/4794/635 1325/4993/627 1326/4994/627 1523/4796/635
f 1523/4796/635 1326/4994/627 1327/4995/627 1524/4798/635
f 1524/4798/635 1327/4995/627 1328/4996/627 1525/4800/635
f 1525/4800/635 1328/4996/627 1329/4997/627 1526/4802/635
f 1526/4802/635 1329/4997/627 1330/4998/627 1527/4804/635
f 1527/4804/635 1330/4998/627 1331/4999/627 1528/4806/635
f 1528/4806/635 1331/4999/627 1332/5000/627 1529/4808/635
f 1529/4808/635 1332/5000/627 1333/5001/627 1530/4810/635
f 1530/4810/635 1333/5001/627 1334/5002/627 1531/4812/635
f 1531/4812/635 1334/5002/627 1335/4050/627 1532/4049/635
f 1281/4182/643 1244/5003/642 1336/5004/633 1698/4183/645
f 1698/4183/645 1336/5004/633 1337/5005/633 1699/4185/647
f 1699/4185/647 1337/5005/633 1338/5006/633 1700/4192/651
f 1700/4192/651 1338/5006/633 1339/5007/633 1701/4193/652
f 1701/4193/652 1339/5007/633 1340/5008/633 1702/4200/653
f 1702/4200/653 1340/5008/633 1341/5009/633 1703/4201/654
f 1703/4201/654 1341/5009/633 1342/5010/633 1704/4208/655
f 1704/4208/655 1342/5010/633 1343/5011/633 1705/4209/656
f 1705/4209/656 1343/5011/633 1344/5012/633 1706/4216/659
f 1706/4216/659 1344/5012/633 1345/5013/633 1707/4217/660
f 1707/4217/660 1345/5013/633 1346/4046/633 1708/4045/634
f 1242/5014/641 1347/5015/632 1336/5016/633 1244/5017/642
f 1347/5015/632 1348/5018/632 1337/5019/633 1336/5016/633
f 1348/5018/632 1349/5020/632 1338/5021/633 1337/5019/633
f 1349/5020/632 1350/5022/632 1339/5023/633 1338/5021/633
f 1350/5022/632 1351/5024/632 1340/5025/633 1339/5023/633
f 1351/5024/632 1352/5026/632 1341/5027/633 1340/5025/633
f 1352/5026/632 1353/5028/632 1342/5029/633 1341/5027/633
f 1353/5028/632 1354/5030/632 1343/5031/633 1342/5029/633
f 1354/5030/632 1355/5032/632 1344/5033/633 1343/5031/633
f 1355/5032/632 1356/5034/632 1345/5035/633 1344/5033/633
f 1356/5034/632 1357/4041/632 1346/4044/633 1345/5035/633
f 1245/5036/622 1324/5037/624 1325/5038/627 1243/5039/623
f 1324/5037/624 1323/5040/624 1326/5041/627 1325/5038/627
f 1323/5040/624 1322/5042/624 1327/5043/627 1326/5041/627
f 1322/5042/624 1321/5044/624 1328/5045/627 1327/5043/627
f 1321/5044/624 1320/5046/624 1329/5047/627 1328/5045/627
f 1320/5046/624 1319/5048/624 1330/5049/627 1329/5047/627
f 1319/5048/624 1318/5050/624 1331/5051/627 1330/5049/627
f 1318/5050/624 1317/5052/624 1332/5053/627 1331/5051/627
f 1317/5052/624 1316/5054/624 1333/5055/627 1332/5053/627
f 1316/5054/624 1315/5056/624 1334/5057/627 1333/5055/627
f 1315/5056/624 1314/4033/624 1335/4036/627 1334/5057/627
f 1808/5058/700 2057/5059/701 2356/5060/702 2355/5061/703
f 1819/5062/704 1830/5063/705 2395/5064/706 2375/5065/707
f 1713/5066/708 1724/5067/709 2203/5068/710 2187/5069/711
f 2055/5070/712 1807/5071/713 2353/5072/714 2354/5073/715
f 2131/5074/716 2111/5075/717 2410/5076/718 2430/5077/719
f 1901/5078/720 1712/5079/721 2186/5080/722 2200/5081/723
f 1806/5082/724 1805/5083/725 2351/5084/726 2352/5085/727
f 1837/5086/728 1848/5087/729 2429/5088/730 2409/5089/731
f 1711/5090/732 1722/5091/733 2199/5092/734 2185/5093/735
f 1804/5094/736 2051/5095/737 2350/5096/738 2349/5097/739
f 2127/5098/740 2107/5099/741 2406/5100/742 2426/5101/743
f 1897/5102/744 1710/5103/745 2184/5104/746 2196/5105/747
f 2049/5106/748 1803/5107/749 2347/5108/750 2348/5109/751
f 1835/5110/752 1846/5111/753 2425/5112/754 2405/5113/755
f 1709/5114/756 1720/5115/757 2195/5116/758 2183/5117/759
f 1802/5118/760 2047/5119/761 2346/5120/762 2345/5121/763
f 2123/5122/764 2103/5123/765 2402/5124/766 2422/5125/767
f 1931/5126/768 1911/5127/769 2210/5128/770 2230/5129/771
f 2045/5130/772 1801/5131/773 2343/5132/774 2344/5133/775
f 1833/5134/776 1844/5135/733 2421/5136/777 2401/5137/778
f 1727/5138/779 1738/5139/780 2229/5140/781 2209/5141/782
f 1800/5142/783 2043/5143/784 2342/5144/785 2341/5145/786
f 2119/5146/787 2099/5147/788 2398/5148/789 2418/5149/790
f 1927/5150/791 1907/5151/792 2206/5152/793 2226/5153/794
f 2041/5154/795 1799/5155/796 2339/5156/797 2340/5157/798
f 1831/5158/799 1842/5159/800 2417/5160/801 2397/5161/802
f 1725/5162/803 1736/5163/804 2225/5164/805 2205/5165/806
f 1798/5166/807 2039/5167/808 2338/5168/809 2337/5169/810
f 2115/5170/811 2095/5171/712 2394/5172/812 2414/5173/813
f 1923/5174/814 1903/5175/815 2202/5176/816 2222/5177/817
f 2037/5178/818 1797/5179/819 2335/5180/820 2336/5181/821
f 1829/5182/822 1840/5183/823 2413/5184/824 2393/5185/825
f 1723/5186/826 1734/5187/827 2221/5188/828 2201/5189/829
f 1796/5190/830 2035/5191/831 2334/5192/832 2333/5193/833
f 1861/5194/834 1850/5195/835 2432/5196/836 2452/5197/837
f 1919/5198/838 1899/5199/839 2198/5200/840 2218/5201/841
f 1794/5202/842 1795/5203/843 2332/5204/844 2331/5205/845
f 1849/5206/846 1860/5207/847 2451/5208/848 2431/5209/849
f 1721/5210/850 1732/5211/851 2217/5212/852 2197/5213/853
f 2031/5214/854 1793/5215/855 2329/5216/856 2330/5217/857
f 2149/5218/858 2129/5219/859 2428/5220/860 2448/5221/861
f 1915/5222/862 1895/5223/863 2194/5224/864 2214/5225/865
f 1792/5226/866 2029/5227/867 2328/5228/868 2327/5229/869
f 1847/5230/870 1858/5231/871 2447/5232/872 2427/5233/873
f 1719/5234/874 1730/5235/875 2213/5236/876 2193/5237/877
f 2027/5238/878 1791/5239/879 2325/5240/880 2326/5241/881
f 2145/5242/882 2125/5243/883 2424/5244/884 2444/5245/885
f 1751/5246/886 1740/5247/887 2232/5248/888 2252/5249/889
f 1790/5250/890 2025/5251/891 2324/5252/892 2323/5253/893
f 1845/5254/894 1856/5255/895 2443/5256/896 2423/5257/897
f 1739/5258/728 1750/5259/898 2251/5260/899 2231/5261/900
f 2023/5262/901 1789/5263/902 2321/5264/903 2322/5265/904
f 2141/5266/905 2121/5267/906 2420/5268/907 2440/5269/908
f 1949/5270/909 1929/5271/910 2228/5272/911 2248/5273/912
f 1788/5274/913 2021/5275/914 2320/5276/915 2319/5277/916
f 1843/5278/917 1854/5279/918 2439/5280/919 2419/5281/920
f 1737/5282/752 1748/5283/921 2247/5284/922 2227/5285/923
f 2019/5286/924 1787/5287/925 2317/5288/926 2318/5289/927
f 2137/5290/928 2117/5291/929 2416/5292/930 2436/5293/931
f 1945/5294/932 1925/5295/933 2224/5296/934 2244/5297/935
f 1786/5298/936 2017/5299/937 2316/5300/938 2315/5301/939
f 1841/5302/940 1852/5303/941 2435/5304/942 2415/5305/943
f 1735/5306/944 1746/5307/945 2243/5308/946 2223/5309/947
f 2015/5310/948 1785/5311/713 2313/5312/949 2314/5313/950
f 2171/5314/951 2151/5315/952 2450/5316/953 2470/5317/954
f 1941/5318/955 1921/5319/721 2220/5320/956 2240/5321/957
f 1784/5322/958 1783/5323/959 2311/5324/960 2312/5325/961
f 1859/5326/728 1870/5327/729 2469/5328/962 2449/5329/963
f 1733/5330/964 1744/5331/965 2239/5332/966 2219/5333/967
f 1782/5334/968 2011/5335/969 2310/5336/970 2309/5337/971
f 2167/5338/972 2147/5339/973 2446/5340/974 2466/5341/975
f 1937/5342/937 1917/5343/976 2216/5344/977 2236/5345/978
f 2009/5346/979 1781/5347/749 2307/5348/980 2308/5349/981
f 1857/5350/982 1868/5351/983 2465/5352/984 2445/5353/985
f 1731/5354/986 1742/5355/936 2235/5356/987 2215/5357/988
f 1548/5358/645 1537/5359/685 1886/5360/686 1900/5361/662
f 1664/5362/637 1653/5363/636 2092/5364/669 2112/5365/650
f 1659/5366/645 1658/5367/648 2100/5368/649 2102/5369/649
f 1538/5370/680 1549/5371/645 1902/5372/645 1887/5373/681
f 1632/5374/661 1643/5375/646 2073/5376/677 2053/5377/668
f 1659/5378/645 1660/5379/645 2104/5380/662 2102/5381/649
f 1555/5382/646 1556/5383/648 1914/5384/649 1913/5385/678
f 1550/5386/645 1539/5387/679 1888/5388/682 1904/5389/662
f 1644/5390/648 1633/5391/645 2054/5392/648 2074/5393/645
f 1661/5394/649 1660/5395/645 2104/5396/662 2106/5397/645
f 1557/5398/645 1556/5399/648 1914/5400/649 1916/5401/648
f 1540/5402/674 1551/5403/649 1906/5404/645 1889/5405/675
f 1634/5406/648 1645/5407/645 2076/5408/645 2056/5409/645
f 1661/5410/649 1662/5411/648 2108/5412/649 2106/5413/645
f 1557/5414/645 1558/5415/648 1918/5416/645 1916/5417/648
f 1552/5418/648 1541/5419/673 1890/5420/676 1908/5421/648
f 1646/5422/648 1635/5423/645 2058/5424/645 2078/5425/645
f 1663/5426/645 1662/5427/648 2108/5428/649 2110/5429/645
f 1559/5430/648 1558/5431/648 1918/5432/645 1920/5433/662
f 1542/5434/671 1553/5435/649 1910/5436/648 1891/5437/672
f 1636/5438/648 1647/5439/645 2080/5440/648 2060/5441/645
f 1663/5442/645 1664/5443/637 2112/5444/650 2110/5445/645
f 1559/5446/648 1560/5447/649 1922/5448/648 1920/5449/662
f 1554/5450/634 1543/5451/636 1892/5452/669 1912/5453/650
f 1648/5454/662 1637/5455/645 2062/5456/645 2082/5457/663
f 1561/5458/649 1560/5459/649 1922/5460/648 1924/5461/645
f 1638/5462/648 1649/5463/645 2084/5464/663 2064/5465/645
f 1665/5466/646 1666/5467/662 2114/5468/648 2113/5469/677
f 1561/5470/649 1562/5471/645 1926/5472/645 1924/5473/645
f 1650/5474/645 1639/5475/645 2066/5476/648 2086/5477/645
f 1667/5478/645 1666/5479/662 2114/5480/648 2116/5481/648
f 1563/5482/645 1562/5483/645 1926/5484/645 1928/5485/648
f 1640/5486/645 1651/5487/645 2088/5488/648 2068/5489/645
f 1667/5490/645 1668/5491/645 2118/5492/649 2116/5493/648
f 1563/5494/645 1564/5495/645 1930/5496/645 1928/5497/648
f 1652/5498/648 1641/5499/645 2070/5500/645 2090/5501/645
f 1669/5502/645 1668/5503/645 2118/5504/649 2120/5505/663
f 1565/5506/636 1564/5507/645 1930/5508/645 1932/5509/683
f 1669/5510/645 1670/5511/645 2122/5512/645 2120/5513/663
f 1671/5514/645 1670/5515/645 2122/5516/645 2124/5517/645
f 1567/5518/645 1566/5519/661 1933/5520/989 1934/5521/645
f 1622/5522/645 1633/5523/645 2054/5524/648 2034/5525/645
f 1671/5526/645 1672/5527/645 2126/5528/645 2124/5529/645
f 1567/5530/645 1568/5531/648 1936/5532/645 1934/5533/645
f 1634/5534/648 1623/5535/649 2036/5536/648 2056/5537/645
f 1673/5538/649 1672/5539/645 2126/5540/645 2128/5541/648
f 1569/5542/649 1568/5543/648 1936/5544/645 1938/5545/648
f 1624/5546/645 1635/5547/645 2058/5548/645 2038/5549/649
f 1673/5550/649 1674/5551/645 2130/5552/649 2128/5553/648
f 1569/5554/649 1570/5555/645 1940/5556/648 1938/5557/648
f 1636/5558/648 1625/5559/645 2040/5560/648 2060/5561/645
f 1675/5562/638 1674/5563/645 2130/5564/649 2132/5565/687
f 1571/5566/649 1570/5567/645 1940/5568/648 1942/5569/645
f 1626/5570/645 1637/5571/645 2062/5572/645 2042/5573/649
f 1571/5574/649 1572/5575/662 1944/5576/645 1942/5577/645
f 1638/5578/648 1627/5579/645 2044/5580/645 2064/5581/645
f 1677/5582/645 1676/5583/661 2133/5584/990 2134/5585/645
f 1573/5586/645 1572/5587/662 1944/5588/645 1946/5589/649
f 1628/5590/645 1639/5591/645 2066/5592/648 2046/5593/645
f 1677/5594/645 1678/5595/648 2136/5596/645 2134/5597/645
f 1573/5598/645 1574/5599/645 1948/5600/645 1946/5601/649
f 1640/5602/645 1629/5603/645 2048/5604/645 2068/5605/645
f 1679/5606/649 1678/5607/648 2136/5608/645 2138/5609/663
f 1575/5610/645 1574/5611/645 1948/5612/645 1950/5613/648
f 1630/5614/648 1641/5615/645 2070/5616/645 2050/5617/645
f 1679/5618/649 1680/5619/648 2140/5620/648 2138/5621/663
f 1575/5622/645 1576/5623/637 1952/5624/684 1950/5625/648
f 1642/5626/639 1631/5627/638 2052/5628/669 2072/5629/684
f 1681/5630/645 1680/5631/648 2140/5632/648 2142/5633/645
f 1610/5634/661 1621/5635/646 2033/5636/678 2013/5637/989
f 1681/5638/645 1682/5639/645 2144/5640/649 2142/5641/645
f 1577/5642/646 1578/5643/645 1954/5644/662 1953/5645/991
f 1622/5646/645 1611/5647/649 2014/5648/645 2034/5649/645
f 1683/5650/648 1682/5651/645 2144/5652/649 2146/5653/662
f 1579/5654/645 1578/5655/645 1954/5656/662 1956/5657/648
f 1612/5658/645 1623/5659/649 2036/5660/648 2016/5661/645
f 1683/5662/648 1684/5663/645 2148/5664/645 2146/5665/662
f 1579/5666/645 1580/5667/645 1958/5668/649 1956/5669/648
f 1624/5670/645 1613/5671/649 2018/5672/648 2038/5673/649
f 1685/5674/649 1684/5675/645 2148/5676/645 2150/5677/645
f 1581/5678/663 1580/5679/645 1958/5680/649 1960/5681/649
f 1614/5682/648 1625/5683/645 2040/5684/648 2020/5685/645
f 1685/5686/649 1686/5687/640 2152/5688/688 2150/5689/645
f 1581/5690/663 1582/5691/645 1962/5692/662 1960/5693/649
f 1626/5694/645 1615/5695/649 2022/5696/645 2042/5697/649
f 1583/5698/648 1582/5699/645 1962/5700/662 1964/5701/992
f 1616/5702/645 1627/5703/645 2044/5704/645 2024/5705/645
f 1687/5706/646 1688/5707/648 2154/5708/645 2153/5709/991
f 1583/5710/648 1584/5711/645 1966/5712/649 1964/5713/992
f 1628/5714/645 1617/5715/645 2026/5716/648 2046/5717/645
f 1689/5718/645 1688/5719/648 2154/5720/645 2156/5721/648
f 1585/5722/645 1584/5723/645 1966/5724/649 1968/5725/648
f 1618/5726/649 1629/5727/645 2048/5728/645 2028/5729/663
f 1689/5730/645 1690/5731/645 2158/5732/649 2156/5733/648
f 1585/5734/645 1586/5735/645 1970/5736/645 1968/5737/648
f 1630/5738/648 1619/5739/645 2030/5740/648 2050/5741/645
f 1691/5742/645 1690/5743/645 2158/5744/649 2160/5745/645
f 1587/5746/638 1586/5747/645 1970/5748/645 1972/5749/683
f 1691/5750/645 1692/5751/649 2162/5752/645 2160/5753/645
f 1693/5754/649 1692/5755/649 2162/5756/645 2164/5757/645
f 1589/5758/649 1588/5759/661 1973/5760/668 1974/5761/648
f 1600/5762/645 1611/5763/649 2014/5764/645 1994/5765/649
f 1693/5766/649 1694/5767/645 2166/5768/645 2164/5769/645
f 1589/5770/649 1590/5771/645 1976/5772/645 1974/5773/648
f 1612/5774/645 1601/5775/649 1996/5776/648 2016/5777/645
f 1695/5778/645 1694/5779/645 2166/5780/645 2168/5781/648
f 1591/5782/649 1590/5783/645 1976/5784/645 1978/5785/648
f 1602/5786/645 1613/5787/649 2018/5788/648 1998/5789/645
f 1695/5790/645 1696/5791/645 2170/5792/645 2168/5793/648
f 1591/5794/649 1592/5795/648 1980/5796/649 1978/5797/648
f 1614/5798/648 1603/5799/645 2000/5800/648 2020/5801/645
f 1697/5802/636 1696/5803/645 2170/5804/645 2172/5805/683
f 1593/5806/645 1592/5807/648 1980/5808/649 1982/5809/645
f 1604/5810/662 1615/5811/649 2022/5812/645 2002/5813/663
f 1593/5814/645 1594/5815/645 1984/5816/645 1982/5817/645
f 1616/5818/645 1605/5819/645 2004/5820/645 2024/5821/645
f 1595/5822/645 1594/5823/645 1984/5824/645 1986/5825/648
f 1606/5826/648 1617/5827/645 2026/5828/648 2006/5829/645
f 1699/5830/647 1700/5831/651 2174/5832/993 2173/5833/994
f 1595/5834/645 1596/5835/645 1988/5836/645 1986/5837/648
f 1618/5838/649 1607/5839/649 2008/5840/648 2028/5841/663
f 1597/5842/649 1596/5843/645 1988/5844/645 1990/5845/645
f 1608/5846/645 1619/5847/645 2030/5848/648 2010/5849/645
f 1701/5850/652 1702/5851/653 2176/5852/995 2175/5853/996
f 1597/5854/649 1598/5855/637 1992/5856/997 1990/5857/645
f 1620/5858/637 1609/5859/636 2012/5860/669 2032/5861/998
f 1588/5862/661 1599/5863/646 1993/5864/991 1973/5865/668
f 1703/5866/654 1704/5867/655 2178/5868/999 2177/5869/1000
f 1599/5870/646 1600/5871/645 1994/5872/649 1993/5873/991
f 1600/5874/645 1589/5875/649 1974/5876/648 1994/5877/649
f 1601/5878/649 1600/5879/645 1994/5880/649 1996/5881/648
f 1590/5882/645 1601/5883/649 1996/5884/648 1976/5885/645
f 1705/5886/656 1706/5887/659 2180/5888/1001 2179/5889/1002
f 1601/5890/649 1602/5891/645 1998/5892/645 1996/5893/648
f 1602/5894/645 1591/5895/649 1978/5896/648 1998/5897/645
f 1603/5898/645 1602/5899/645 1998/5900/645 2000/5901/648
f 1592/5902/648 1603/5903/645 2000/5904/648 1980/5905/649
f 1707/5906/660 1708/5907/634 2182/5908/650 2181/5909/1003
f 1603/5910/645 1604/5911/662 2002/5912/663 2000/5913/648
f 1604/5914/662 1593/5915/645 1982/5916/645 2002/5917/663
f 1605/5918/645 1604/5919/662 2002/5920/663 2004/5921/645
f 1594/5922/645 1605/5923/645 2004/5924/645 1984/5925/645
f 1688/5926/648 1699/5927/647 2173/5928/994 2154/5929/645
f 1605/5930/645 1606/5931/648 2006/5932/645 2004/5933/645
f 1606/5934/648 1595/5935/645 1986/5936/648 2006/5937/645
f 1700/5938/651 1689/5939/645 2156/5940/648 2174/5941/993
f 1607/5942/649 1606/5943/648 2006/5944/645 2008/5945/648
f 1596/5946/645 1607/5947/649 2008/5948/648 1988/5949/645
f 1690/5950/645 1701/5951/652 2175/5952/996 2158/5953/649
f 1607/5954/649 1608/5955/645 2010/5956/645 2008/5957/648
f 1608/5958/645 1597/5959/649 1990/5960/645 2010/5961/645
f 1702/5962/653 1691/5963/645 2160/5964/645 2176/5965/995
f 1609/5966/636 1608/5967/645 2010/5968/645 2012/5969/669
f 1692/5970/649 1703/5971/654 2177/5972/1000 2162/5973/645
f 1704/5974/655 1693/5975/649 2164/5976/645 2178/5977/999
f 1611/5978/649 1610/5979/661 2013/5980/989 2014/5981/645
f 1578/5982/645 1589/5983/649 1974/5984/648 1954/5985/662
f 1694/5986/645 1705/5987/656 2179/5988/1002 2166/5989/645
f 1611/5990/649 1612/5991/645 2016/5992/645 2014/5993/645
f 1590/5994/645 1579/5995/645 1956/5996/648 1976/5997/645
f 1706/5998/659 1695/5999/645 2168/6000/648 2180/6001/1001
f 1613/6002/649 1612/6003/645 2016/6004/645 2018/6005/648
f 1580/6006/645 1591/6007/649 1978/6008/648 1958/6009/649
f 1696/6010/645 1707/6011/660 2181/6012/1003 2170/6013/645
f 1613/6014/649 1614/6015/648 2020/6016/645 2018/6017/648
f 1592/6018/648 1581/6019/663 1960/6020/649 1980/6021/649
f 1708/6022/634 1697/6023/636 2172/6024/683 2182/6025/650
f 1615/6026/649 1614/6027/648 2020/6028/645 2022/6029/645
f 1582/6030/645 1593/6031/645 1982/6032/645 1962/6033/662
f 1676/6034/661 1687/6035/646 2153/6036/991 2133/6037/990
f 1615/6038/649 1616/6039/645 2024/6040/645 2022/6041/645
f 1594/6042/645 1583/6043/648 1964/6044/992 1984/6045/645
f 1688/6046/648 1677/6047/645 2134/6048/645 2154/6049/645
f 1617/6050/645 1616/6051/645 2024/6052/645 2026/6053/648
f 1584/6054/645 1595/6055/645 1986/6056/648 1966/6057/649
f 1678/6058/648 1689/6059/645 2156/6060/648 2136/6061/645
f 1617/6062/645 1618/6063/649 2028/6064/663 2026/6065/648
f 1596/6066/645 1585/6067/645 1968/6068/648 1988/6069/645
f 1690/6070/645 1679/6071/649 2138/6072/663 2158/6073/649
f 1619/6074/645 1618/6075/649 2028/6076/663 2030/6077/648
f 1586/6078/645 1597/6079/649 1990/6080/645 1970/6081/645
f 1680/6082/648 1691/6083/645 2160/6084/645 2140/6085/648
f 1619/6086/645 1620/6087/637 2032/6088/998 2030/6089/648
f 1598/6090/637 1587/6091/638 1972/6092/683 1992/6093/997
f 1692/6094/649 1681/6095/645 2142/6096/645 2162/6097/645
f 1566/6098/661 1577/6099/646 1953/6100/991 1933/6101/989
f 1682/6102/645 1693/6103/649 2164/6104/645 2144/6105/649
f 1621/6106/646 1622/6107/645 2034/6108/645 2033/6109/678
f 1578/6110/645 1567/6111/645 1934/6112/645 1954/6113/662
f 1694/6114/645 1683/6115/648 2146/6116/662 2166/6117/645
f 1623/6118/649 1622/6119/645 2034/6120/645 2036/6121/648
f 1568/6122/648 1579/6123/645 1956/6124/648 1936/6125/645
f 1684/6126/645 1695/6127/645 2168/6128/648 2148/6129/645
f 1623/6130/649 1624/6131/645 2038/6132/649 2036/6133/648
f 1580/6134/645 1569/6135/649 1938/6136/648 1958/6137/649
f 1696/6138/645 1685/6139/649 2150/6140/645 2170/6141/645
f 1625/6142/645 1624/6143/645 2038/6144/649 2040/6145/648
f 1570/6146/645 1581/6147/663 1960/6148/649 1940/6149/648
f 1625/6150/645 1626/6151/645 2042/6152/649 2040/6153/648
f 1582/6154/645 1571/6155/649 1942/6156/645 1962/6157/662
f 1627/6158/645 1626/6159/645 2042/6160/649 2044/6161/645
f 1572/6162/662 1583/6163/648 1964/6164/992 1944/6165/645
f 1666/6166/662 1677/6167/645 2134/6168/645 2114/6169/648
f 1627/6170/645 1628/6171/645 2046/6172/645 2044/6173/645
f 1584/6174/645 1573/6175/645 1946/6176/649 1966/6177/649
f 1678/6178/648 1667/6179/645 2116/6180/648 2136/6181/645
f 1629/6182/645 1628/6183/645 2046/6184/645 2048/6185/645
f 1574/6186/645 1585/6187/645 1968/6188/648 1948/6189/645
f 1668/6190/645 1679/6191/649 2138/6192/663 2118/6193/649
f 1629/6194/645 1630/6195/648 2050/6196/645 2048/6197/645
f 1586/6198/645 1575/6199/645 1950/6200/648 1970/6201/645
f 1680/6202/648 1669/6203/645 2120/6204/663 2140/6205/648
f 1631/6206/638 1630/6207/648 2050/6208/645 2052/6209/669
f 1670/6210/645 1681/6211/645 2142/6212/645 2122/6213/645
f 1682/6214/645 1671/6215/645 2124/6216/645 2144/6217/649
f 1633/6218/645 1632/6219/661 2053/6220/668 2054/6221/648
f 1556/6222/648 1567/6223/645 1934/6224/645 1914/6225/649
f 1672/6226/645 1683/6227/648 2146/6228/662 2126/6229/645
f 1633/6230/645 1634/6231/648 2056/6232/645 2054/6233/648
f 1568/6234/648 1557/6235/645 1916/6236/648 1936/6237/645
f 1684/6238/645 1673/6239/649 2128/6240/648 2148/6241/645
f 1635/6242/645 1634/6243/648 2056/6244/645 2058/6245/645
f 1558/6246/648 1569/6247/649 1938/6248/648 1918/6249/645
f 1674/6250/645 1685/6251/649 2150/6252/645 2130/6253/649
f 1635/6254/645 1636/6255/648 2060/6256/645 2058/6257/645
f 1709/6258/756 1710/6259/745 1884/6260/665 1883/6261/667
f 1711/6262/732 1712/6263/721 1886/6264/686 1885/6265/658
f 1713/6266/708 1714/6267/1004 1888/6268/682 1887/6269/681
f 1715/6270/1005 1716/6271/1006 1890/6272/676 1889/6273/675
f 1717/6274/1007 1718/6275/887 1892/6276/669 1891/6277/672
f 1719/6278/874 1895/6279/863 1894/6280/645 1893/6281/668
f 1897/6282/744 1720/6283/757 1894/6284/645 1896/6285/662
f 1721/6286/850 1899/6287/839 1898/6288/649 1896/6289/662
f 1901/6290/720 1722/6291/733 1898/6292/649 1900/6293/662
f 1723/6294/826 1903/6295/815 1902/6296/645 1900/6297/662
f 1905/6298/764 1724/6299/709 1902/6300/645 1904/6301/662
f 1725/6302/803 1907/6303/792 1906/6304/645 1904/6305/662
f 1909/6306/909 1726/6307/1008 1906/6308/645 1908/6309/648
f 1727/6310/779 1911/6311/769 1910/6312/648 1908/6313/648
f 1729/6314/1009 1728/6315/1010 1910/6316/648 1912/6317/650
f 1915/6318/862 1730/6319/875 1913/6320/678 1914/6321/649
f 1731/6322/986 1917/6323/976 1916/6324/648 1914/6325/649
f 1919/6326/838 1732/6327/851 1916/6328/648 1918/6329/645
f 1733/6330/964 1921/6331/721 1920/6332/662 1918/6333/645
f 1923/6334/814 1734/6335/827 1920/6336/662 1922/6337/648
f 1735/6338/944 1925/6339/933 1924/6340/645 1922/6341/648
f 1927/6342/791 1736/6343/804 1924/6344/645 1926/6345/645
f 1737/6346/752 1929/6347/910 1928/6348/648 1926/6349/645
f 1931/6350/768 1738/6351/780 1928/6352/648 1930/6353/645
f 1739/6354/728 1740/6355/887 1932/6356/683 1930/6357/645
f 1741/6358/1011 1935/6359/1012 1934/6360/645 1933/6361/989
f 1937/6362/937 1742/6363/936 1934/6364/645 1936/6365/645
f 1743/6366/925 1939/6367/839 1938/6368/648 1936/6369/645
f 1941/6370/955 1744/6371/965 1938/6372/648 1940/6373/648
f 1745/6374/1013 1943/6375/1014 1942/6376/645 1940/6377/648
f 1945/6378/932 1746/6379/945 1942/6380/645 1944/6381/645
f 1747/6382/1015 1947/6383/1016 1946/6384/649 1944/6385/645
f 1949/6386/909 1748/6387/921 1946/6388/649 1948/6389/645
f 1749/6390/1017 1951/6391/1018 1950/6392/648 1948/6393/645
f 1751/6394/886 1750/6395/898 1950/6396/648 1952/6397/684
f 1955/6398/862 1752/6399/1019 1953/6400/991 1954/6401/662
f 1753/6402/986 1957/6403/1020 1956/6404/648 1954/6405/662
f 1959/6406/838 1754/6407/851 1956/6408/648 1958/6409/649
f 1755/6410/1021 1961/6411/1022 1960/6412/649 1958/6413/649
f 1963/6414/814 1756/6415/827 1960/6416/649 1962/6417/662
f 1757/6418/773 1965/6419/772 1964/6420/992 1962/6421/662
f 1967/6422/1023 1758/6423/1024 1964/6424/992 1966/6425/649
f 1759/6426/1025 1969/6427/1006 1968/6428/648 1966/6429/649
f 1971/6430/737 1760/6431/968 1968/6432/648 1970/6433/645
f 1761/6434/959 1762/6435/1026 1972/6436/683 1970/6437/645
f 1763/6438/874 1975/6439/1027 1974/6440/648 1973/6441/668
f 1977/6442/1028 1764/6443/1029 1974/6444/648 1976/6445/645
f 1765/6446/1030 1979/6447/1031 1978/6448/648 1976/6449/645
f 1981/6450/1032 1766/6451/1033 1978/6452/648 1980/6453/649
f 1767/6454/902 1983/6455/1034 1982/6456/645 1980/6457/649
f 1985/6458/1035 1768/6459/945 1982/6460/645 1984/6461/645
f 1769/6462/1036 1987/6463/792 1986/6464/648 1984/6465/645
f 1989/6466/1037 1770/6467/1038 1986/6468/648 1988/6469/645
f 1771/6470/1039 1991/6471/854 1990/6472/645 1988/6473/645
f 1773/6474/1040 1772/6475/898 1990/6476/645 1992/6477/997
f 1995/6478/862 1774/6479/1019 1993/6480/991 1994/6481/649
f 1775/6482/1041 1997/6483/1042 1996/6484/648 1994/6485/649
f 1999/6486/838 1776/6487/1043 1996/6488/648 1998/6489/645
f 1777/6490/796 2001/6491/1044 2000/6492/648 1998/6493/645
f 2003/6494/1045 1778/6495/1046 2000/6496/648 2002/6497/663
f 1779/6498/773 2005/6499/772 2004/6500/645 2002/6501/663
f 2007/6502/1047 1780/6503/1048 2004/6504/645 2006/6505/645
f 1781/6506/749 2009/6507/979 2008/6508/648 2006/6509/645
f 2011/6510/969 1782/6511/968 2008/6512/648 2010/6513/645
f 1783/6514/959 1784/6515/958 2012/6516/669 2010/6517/645
f 1785/6518/713 2015/6519/948 2014/6520/645 2013/6521/989
f 2017/6522/937 1786/6523/936 2014/6524/645 2016/6525/645
f 1787/6526/925 2019/6527/924 2018/6528/648 2016/6529/645
f 2021/6530/914 1788/6531/913 2018/6532/648 2020/6533/645
f 1789/6534/902 2023/6535/901 2022/6536/645 2020/6537/645
f 2025/6538/891 1790/6539/890 2022/6540/645 2024/6541/645
f 1791/6542/879 2027/6543/878 2026/6544/648 2024/6545/645
f 2029/6546/867 1792/6547/866 2026/6548/648 2028/6549/663
f 1793/6550/855 2031/6551/854 2030/6552/648 2028/6553/663
f 1795/6554/843 1794/6555/842 2030/6556/648 2032/6557/998
f 2035/6558/831 1796/6559/830 2033/6560/678 2034/6561/645
f 1797/6562/819 2037/6563/818 2036/6564/648 2034/6565/645
f 2039/6566/808 1798/6567/807 2036/6568/648 2038/6569/649
f 1799/6570/796 2041/6571/795 2040/6572/648 2038/6573/649
f 2043/6574/784 1800/6575/783 2040/6576/648 2042/6577/649
f 1801/6578/773 2045/6579/772 2044/6580/645 2042/6581/649
f 2047/6582/761 1802/6583/760 2044/6584/645 2046/6585/645
f 1803/6586/749 2049/6587/748 2048/6588/645 2046/6589/645
f 2051/6590/737 1804/6591/736 2048/6592/645 2050/6593/645
f 1805/6594/725 1806/6595/724 2052/6596/669 2050/6597/645
f 1807/6598/713 2055/6599/712 2054/6600/648 2053/6601/668
f 2057/6602/701 1808/6603/700 2054/6604/648 2056/6605/645
f 1809/6606/799 2059/6607/1049 2058/6608/645 2056/6609/645
f 2061/6610/1050 1810/6611/913 2058/6612/645 2060/6613/645
f 1811/6614/1051 2063/6615/901 2062/6616/645 2060/6617/645
f 2065/6618/1052 1812/6619/890 2062/6620/645 2064/6621/645
f 1813/6622/879 2067/6623/878 2066/6624/648 2064/6625/645
f 2069/6626/1053 1814/6627/1054 2066/6628/648 2068/6629/645
f 1815/6630/1055 2071/6631/1056 2070/6632/645 2068/6633/645
f 1817/6634/1057 1816/6635/842 2070/6636/645 2072/6637/684
f 2075/6638/1058 1818/6639/823 2073/6640/677 2074/6641/645
f 1819/6642/704 2077/6643/1059 2076/6644/645 2074/6645/645
f 2079/6646/1060 1820/6647/800 2076/6648/645 2078/6649/645
f 1821/6650/1061 2081/6651/795 2080/6652/648 2078/6653/645
f 2083/6654/1062 1822/6655/1063 2080/6656/648 2082/6657/663
f 1823/6658/1064 2085/6659/772 2084/6660/663 2082/6661/663
f 2087/6662/1065 1824/6663/1066 2084/6664/663 2086/6665/645
f 1825/6666/1067 2089/6667/1068 2088/6668/648 2086/6669/645
f 2091/6670/951 1826/6671/729 2088/6672/648 2090/6673/645
f 1827/6674/1069 1828/6675/1070 2092/6676/669 2090/6677/645
f 1829/6678/822 2095/6679/712 2094/6680/648 2093/6681/668
f 2097/6682/928 1830/6683/705 2094/6684/648 2096/6685/663
f 1831/6686/799 2099/6687/788 2098/6688/648 2096/6689/663
f 2101/6690/1050 1832/6691/913 2098/6692/648 2100/6693/649
f 1833/6694/776 2103/6695/765 2102/6696/649 2100/6697/649
f 2105/6698/1071 1834/6699/890 2102/6700/649 2104/6701/662
f 1835/6702/752 2107/6703/741 2106/6704/645 2104/6705/662
f 2109/6706/1053 1836/6707/1072 2106/6708/645 2108/6709/649
f 1837/6710/728 2111/6711/717 2110/6712/645 2108/6713/649
f 1839/6714/1073 1838/6715/1074 2110/6716/645 2112/6717/650
f 2115/6718/811 1840/6719/823 2113/6720/677 2114/6721/648
f 1841/6722/940 2117/6723/929 2116/6724/648 2114/6725/648
f 2119/6726/787 1842/6727/800 2116/6728/648 2118/6729/649
f 1843/6730/917 2121/6731/906 2120/6732/663 2118/6733/649
f 2123/6734/764 1844/6735/733 2120/6736/663 2122/6737/645
f 1845/6738/894 2125/6739/883 2124/6740/645 2122/6741/645
f 2127/6742/740 1846/6743/753 2124/6744/645 2126/6745/645
f 1847/6746/870 2129/6747/859 2128/6748/648 2126/6749/645
f 2131/6750/716 1848/6751/729 2128/6752/648 2130/6753/649
f 1849/6754/846 1850/6755/835 2132/6756/687 2130/6757/649
f 1851/6758/822 2135/6759/1075 2134/6760/645 2133/6761/990
f 2137/6762/928 1852/6763/941 2134/6764/645 2136/6765/645
f 1853/6766/799 2139/6767/1076 2138/6768/663 2136/6769/645
f 2141/6770/905 1854/6771/918 2138/6772/663 2140/6773/648
f 1855/6774/1077 2143/6775/1078 2142/6776/645 2140/6777/648
f 2145/6778/882 1856/6779/895 2142/6780/645 2144/6781/649
f 1857/6782/982 2147/6783/973 2146/6784/662 2144/6785/649
f 2149/6786/858 1858/6787/871 2146/6788/662 2148/6789/645
f 1859/6790/728 2151/6791/952 2150/6792/645 2148/6793/645
f 1861/6794/834 1860/6795/847 2150/6796/645 2152/6797/688
f 2155/6798/1079 1862/6799/823 2153/6800/991 2154/6801/645
f 1863/6802/1080 2157/6803/1081 2156/6804/648 2154/6805/645
f 2159/6806/720 1864/6807/1082 2156/6808/648 2158/6809/649
f 1865/6810/1083 2161/6811/1084 2160/6812/645 2158/6813/649
f 2163/6814/1085 1866/6815/1086 2160/6816/645 2162/6817/645
f 1867/6818/1087 2165/6819/1014 2164/6820/645 2162/6821/645
f 2167/6822/972 1868/6823/983 2164/6824/645 2166/6825/645
f 1869/6826/1067 2169/6827/1088 2168/6828/648 2166/6829/645
f 2171/6830/951 1870/6831/729 2168/6832/648 2170/6833/645
f 1871/6834/1089 1872/6835/1090 2172/6836/683 2170/6837/645
f 1874/6838/1091 1873/6839/1092 2173/6840/994 2174/6841/993
f 1876/6842/1093 1875/6843/1094 2175/6844/996 2176/6845/995
f 1878/6846/1095 1877/6847/1096 2177/6848/1000 2178/6849/999
f 1880/6850/1097 1879/6851/871 2179/6852/1002 2180/6853/1001
f 1882/6854/834 1881/6855/1098 2181/6856/1003 2182/6857/650
f 1873/6839/1092 1863/6802/1080 2154/6805/645 2173/6840/994
f 2157/6803/1081 1874/6838/1091 2174/6841/993 2156/6804/648
f 1875/6843/1094 1865/6810/1083 2158/6813/649 2175/6844/996
f 2161/6811/1084 1876/6842/1093 2176/6845/995 2160/6812/645
f 1877/6847/1096 1867/6818/1087 2162/6821/645 2177/6848/1000
f 2165/6819/1014 1878/6846/1095 2178/6849/999 2164/6820/645
f 1879/6851/871 1869/6826/1067 2166/6829/645 2179/6852/1002
f 2169/6827/1088 1880/6850/1097 2180/6853/1001 2168/6828/648
f 1881/6855/1098 1871/6834/1089 2170/6837/645 2181/6856/1003
f 1872/6835/1090 1882/6854/834 2182/6857/650 2172/6836/683
f 1862/6799/823 1851/6758/822 2133/6761/990 2153/6800/991
f 2135/6759/1075 2155/6798/1079 2154/6801/645 2134/6760/645
f 1864/6807/1082 1853/6766/799 2136/6769/645 2156/6808/648
f 2139/6767/1076 2159/6806/720 2158/6809/649 2138/6768/663
f 1866/6815/1086 1855/6774/1077 2140/6777/648 2160/6816/645
f 2143/6775/1078 2163/6814/1085 2162/6817/645 2142/6776/645
f 1868/6823/983 1857/6782/982 2144/6785/649 2164/6824/645
f 2147/6783/973 2167/6822/972 2166/6825/645 2146/6784/662
f 1870/6831/729 1859/6790/728 2148/6793/645 2168/6832/648
f 2151/6791/952 2171/6830/951 2170/6833/645 2150/6792/645
f 1852/6763/941 1841/6722/940 2114/6725/648 2134/6764/645
f 2117/6723/929 2137/6762/928 2136/6765/645 2116/6724/648
f 1854/6771/918 1843/6730/917 2118/6733/649 2138/6772/663
f 2121/6731/906 2141/6770/905 2140/6773/648 2120/6732/663
f 1856/6779/895 1845/6738/894 2122/6741/645 2142/6780/645
f 2125/6739/883 2145/6778/882 2144/6781/649 2124/6740/645
f 1858/6787/871 1847/6746/870 2126/6749/645 2146/6788/662
f 2129/6747/859 2149/6786/858 2148/6789/645 2128/6748/648
f 1860/6795/847 1849/6754/846 2130/6757/649 2150/6796/645
f 1850/6755/835 1861/6794/834 2152/6797/688 2132/6756/687
f 1840/6719/823 1829/6678/822 2093/6681/668 2113/6720/677
f 2095/6679/712 2115/6718/811 2114/6721/648 2094/6680/648
f 1842/6727/800 1831/6686/799 2096/6689/663 2116/6728/648
f 2099/6687/788 2119/6726/787 2118/6729/649 2098/6688/648
f 1844/6735/733 1833/6694/776 2100/6697/649 2120/6736/663
f 2103/6695/765 2123/6734/764 2122/6737/645 2102/6696/649
f 1846/6743/753 1835/6702/752 2104/6705/662 2124/6744/645
f 2107/6703/741 2127/6742/740 2126/6745/645 2106/6704/645
f 1848/6751/729 1837/6710/728 2108/6713/649 2128/6752/648
f 2111/6711/717 2131/6750/716 2130/6753/649 2110/6712/645
f 1830/6683/705 1819/6642/704 2074/6645/645 2094/6684/648
f 2077/6643/1059 2097/6682/928 2096/6685/663 2076/6644/645
f 1832/6691/913 1821/6650/1061 2078/6653/645 2098/6692/648
f 2081/6651/795 2101/6690/1050 2100/6693/649 2080/6652/648
f 1834/6699/890 1823/6658/1064 2082/6661/663 2102/6700/649
f 2085/6659/772 2105/6698/1071 2104/6701/662 2084/6660/663
f 1836/6707/1072 1825/6666/1067 2086/6669/645 2106/6708/645
f 2089/6667/1068 2109/6706/1053 2108/6709/649 2088/6668/648
f 1838/6715/1074 1827/6674/1069 2090/6677/645 2110/6716/645
f 1828/6675/1070 1839/6714/1073 2112/6717/650 2092/6676/669
f 1818/6639/823 1807/6598/713 2053/6601/668 2073/6640/677
f 2055/6599/712 2075/6638/1058 2074/6641/645 2054/6600/648
f 1820/6647/800 1809/6606/799 2056/6609/645 2076/6648/645
f 2059/6607/1049 2079/6646/1060 2078/6649/645 2058/6608/645
f 1822/6655/1063 1811/6614/1051 2060/6617/645 2080/6656/648
f 2063/6615/901 2083/6654/1062 2082/6657/663 2062/6616/645
f 1824/6663/1066 1813/6622/879 2064/6625/645 2084/6664/663
f 2067/6623/878 2087/6662/1065 2086/6665/645 2066/6624/648
f 1826/6671/729 1815/6630/1055 2068/6633/645 2088/6672/648
f 2071/6631/1056 2091/6670/951 2090/6673/645 2070/6632/645
f 1808/6603/700 1797/6562/819 2034/6565/645 2054/6604/648
f 2037/6563/818 2057/6602/701 2056/6605/645 2036/6564/648
f 1810/6611/913 1799/6570/796 2038/6573/649 2058/6612/645
f 2041/6571/795 2061/6610/1050 2060/6613/645 2040/6572/648
f 1812/6619/890 1801/6578/773 2042/6581/649 2062/6620/645
f 2045/6579/772 2065/6618/1052 2064/6621/645 2044/6580/645
f 1814/6627/1054 1803/6586/749 2046/6589/645 2066/6628/648
f 2049/6587/748 2069/6626/1053 2068/6629/645 2048/6588/645
f 1816/6635/842 1805/6594/725 2050/6597/645 2070/6636/645
f 1806/6595/724 1817/6634/1057 2072/6637/684 2052/6596/669
f 1796/6559/830 1785/6518/713 2013/6521/989 2033/6560/678
f 2015/6519/948 2035/6558/831 2034/6561/645 2014/6520/645
f 1798/6567/807 1787/6526/925 2016/6529/645 2036/6568/648
f 2019/6527/924 2039/6566/808 2038/6569/649 2018/6528/648
f 1800/6575/783 1789/6534/902 2020/6537/645 2040/6576/648
f 2023/6535/901 2043/6574/784 2042/6577/649 2022/6536/645
f 1802/6583/760 1791/6542/879 2024/6545/645 2044/6584/645
f 2027/6543/878 2047/6582/761 2046/6585/645 2026/6544/648
f 1804/6591/736 1793/6550/855 2028/6553/663 2048/6592/645
f 2031/6551/854 2051/6590/737 2050/6593/645 2030/6552/648
f 1786/6523/936 1775/6482/1041 1994/6485/649 2014/6524/645
f 1997/6483/1042 2017/6522/937 2016/6525/645 1996/6484/648
f 1788/6531/913 1777/6490/796 1998/6493/645 2018/6532/648
f 2001/6491/1044 2021/6530/914 2020/6533/645 2000/6492/648
f 1790/6539/890 1779/6498/773 2002/6501/663 2022/6540/645
f 2005/6499/772 2025/6538/891 2024/6541/645 2004/6500/645
f 1792/6547/866 1781/6506/749 2006/6509/645 2026/6548/648
f 2009/6507/979 2029/6546/867 2028/6549/663 2008/6508/648
f 1794/6555/842 1783/6514/959 2010/6517/645 2030/6556/648
f 1784/6515/958 1795/6554/843 2032/6557/998 2012/6516/669
f 1774/6479/1019 1763/6438/874 1973/6441/668 1993/6480/991
f 1975/6439/1027 1995/6478/862 1994/6481/649 1974/6440/648
f 1776/6487/1043 1765/6446/1030 1976/6449/645 1996/6488/648
f 1979/6447/1031 1999/6486/838 1998/6489/645 1978/6448/648
f 1778/6495/1046 1767/6454/902 1980/6457/649 2000/6496/648
f 1983/6455/1034 2003/6494/1045 2002/6497/663 1982/6456/645
f 1780/6503/1048 1769/6462/1036 1984/6465/645 2004/6504/645
f 1987/6463/792 2007/6502/1047 2006/6505/645 1986/6464/648
f 1782/6511/968 1771/6470/1039 1988/6473/645 2008/6512/648
f 1991/6471/854 2011/6510/969 2010/6513/645 1990/6472/645
f 1764/6443/1029 1753/6402/986 1954/6405/662 1974/6444/648
f 1957/6403/1020 1977/6442/1028 1976/6445/645 1956/6404/648
f 1766/6451/1033 1755/6410/1021 1958/6413/649 1978/6452/648
f 1961/6411/1022 1981/6450/1032 1980/6453/649 1960/6412/649
f 1768/6459/945 1757/6418/773 1962/6421/662 1982/6460/645
f 1965/6419/772 1985/6458/1035 1984/6461/645 1964/6420/992
f 1770/6467/1038 1759/6426/1025 1966/6429/649 1986/6468/648
f 1969/6427/1006 1989/6466/1037 1988/6469/645 1968/6428/648
f 1772/6475/898 1761/6434/959 1970/6437/645 1990/6476/645
f 1762/6435/1026 1773/6474/1040 1992/6477/997 1972/6436/683
f 1752/6399/1019 1741/6358/1011 1933/6361/989 1953/6400/991
f 1935/6359/1012 1955/6398/862 1954/6401/662 1934/6360/645
f 1754/6407/851 1743/6366/925 1936/6369/645 1956/6408/648
f 1939/6367/839 1959/6406/838 1958/6409/649 1938/6368/648
f 1756/6415/827 1745/6374/1013 1940/6377/648 1960/6416/649
f 1943/6375/1014 1963/6414/814 1962/6417/662 1942/6376/645
f 1758/6423/1024 1747/6382/1015 1944/6385/645 1964/6424/992
f 1947/6383/1016 1967/6422/1023 1966/6425/649 1946/6384/649
f 1760/6431/968 1749/6390/1017 1948/6393/645 1968/6432/648
f 1951/6391/1018 1971/6430/737 1970/6433/645 1950/6392/648
f 1742/6363/936 1731/6322/986 1914/6325/649 1934/6364/645
f 1917/6323/976 1937/6362/937 1936/6365/645 1916/6324/648
f 1744/6371/965 1733/6330/964 1918/6333/645 1938/6372/648
f 1921/6331/721 1941/6370/955 1940/6373/648 1920/6332/662
f 1746/6379/945 1735/6338/944 1922/6341/648 1942/6380/645
f 1925/6339/933 1945/6378/932 1944/6381/645 1924/6340/645
f 1748/6387/921 1737/6346/752 1926/6349/645 1946/6388/649
f 1929/6347/910 1949/6386/909 1948/6389/645 1928/6348/648
f 1750/6395/898 1739/6354/728 1930/6357/645 1950/6396/648
f 1740/6355/887 1751/6394/886 1952/6397/684 1932/6356/683
f 1730/6319/875 1719/6278/874 1893/6281/668 1913/6320/678
f 1895/6279/863 1915/6318/862 1914/6321/649 1894/6280/645
f 1732/6327/851 1721/6286/850 1896/6289/662 1916/6328/648
f 1899/6287/839 1919/6326/838 1918/6329/645 1898/6288/649
f 1734/6335/827 1723/6294/826 1900/6297/662 1920/6336/662
f 1903/6295/815 1923/6334/814 1922/6337/648 1902/6296/645
f 1736/6343/804 1725/6302/803 1904/6305/662 1924/6344/645
f 1907/6303/792 1927/6342/791 1926/6345/645 1906/6304/645
f 1738/6351/780 1727/6310/779 1908/6313/648 1928/6352/648
f 1911/6311/769 1931/6350/768 1930/6353/645 1910/6312/648
f 1720/6283/757 1709/6258/756 1883/6261/667 1894/6284/645
f 1710/6259/745 1897/6282/744 1896/6285/662 1884/6260/665
f 1722/6291/733 1711/6262/732 1885/6265/658 1898/6292/649
f 1712/6263/721 1901/6290/720 1900/6293/662 1886/6264/686
f 1724/6299/709 1713/6266/708 1887/6269/681 1902/6300/645
f 1714/6267/1004 1905/6298/764 1904/6301/662 1888/6268/682
f 1726/6307/1008 1715/6270/1005 1889/6273/675 1906/6308/645
f 1716/6271/1006 1909/6306/909 1908/6309/648 1890/6272/676
f 1728/6315/1010 1717/6274/1007 1891/6277/672 1910/6316/648
f 1718/6275/887 1729/6314/1009 1912/6317/650 1892/6276/669
f 2455/6858/1099 2473/6859/1100 2474/6860/1101 2456/6861/1102
f 2459/6862/1103 2475/6863/1104 2476/6864/1105 2460/6865/1106
f 2463/6866/1107 2477/6867/1108 2478/6868/1109 2464/6869/1110
f 2467/6870/1111 2479/6871/1112 2480/6872/1113 2468/6873/1114
f 2471/6874/1115 2481/6875/1116 2482/6876/1117 2472/6877/1118
f 2433/6878/1119 2453/6879/1120 2454/6880/1121 2434/6881/1122
f 2437/6882/1123 2457/6883/1124 2458/6884/1125 2438/6885/1126
f 2441/6886/1127 2461/6887/1128 2462/6888/1129 2442/6889/1130
f 2445/6890/985 2465/6891/984 2466/6892/975 2446/6893/974
f 2449/6894/963 2469/6895/962 2470/6896/954 2450/6897/953
f 2415/6898/943 2435/6899/942 2436/6900/931 2416/6901/930
f 2419/6902/920 2439/6903/919 2440/6904/908 2420/6905/907
f 2423/6906/897 2443/6907/896 2444/6908/885 2424/6909/884
f 2427/6910/873 2447/6911/872 2448/6912/861 2428/6913/860
f 2431/6914/849 2451/6915/848 2452/6916/837 2432/6917/836
f 2393/6918/825 2413/6919/824 2414/6920/813 2394/6921/812
f 2397/6922/802 2417/6923/801 2418/6924/790 2398/6925/789
f 2401/6926/778 2421/6927/777 2422/6928/767 2402/6929/766
f 2405/6930/755 2425/6931/754 2426/6932/743 2406/6933/742
f 2409/6934/731 2429/6935/730 2430/6936/719 2410/6937/718
f 2375/6938/707 2395/6939/706 2396/6940/1131 2376/6941/821
f 2379/6942/1132 2399/6943/1133 2400/6944/1134 2380/6945/1135
f 2383/6946/774 2403/6947/1136 2404/6948/1137 2384/6949/1138
f 2387/6950/1139 2407/6951/1140 2408/6952/1141 2388/6953/1142
f 2391/6954/1143 2411/6955/1144 2412/6956/1145 2392/6957/1146
f 2353/6958/714 2373/6959/1147 2374/6960/1148 2354/6961/715
f 2357/6962/1149 2377/6963/1150 2378/6964/1151 2358/6965/1152
f 2361/6966/1153 2381/6967/1154 2382/6968/1155 2362/6969/1156
f 2365/6970/1157 2385/6971/1158 2386/6972/762 2366/6973/1159
f 2369/6974/1160 2389/6975/1161 2390/6976/1162 2370/6977/1163
f 2335/6978/820 2355/6979/703 2356/6980/702 2336/6981/821
f 2339/6982/797 2359/6983/1164 2360/6984/1165 2340/6985/798
f 2343/6986/774 2363/6987/1166 2364/6988/1167 2344/6989/775
f 2347/6990/750 2367/6991/1168 2368/6992/1169 2348/6993/751
f 2351/6994/726 2371/6995/1170 2372/6996/1171 2352/6997/727
f 2313/6998/949 2333/6999/833 2334/7000/832 2314/7001/950
f 2317/7002/926 2337/7003/810 2338/7004/809 2318/7005/927
f 2321/7006/903 2341/7007/786 2342/7008/785 2322/7009/904
f 2325/7010/880 2345/7011/763 2346/7012/762 2326/7013/881
f 2329/7014/856 2349/7015/739 2350/7016/738 2330/7017/857
f 2295/7018/1172 2315/7019/939 2316/7020/938 2296/7021/1173
f 2299/7022/1174 2319/7023/916 2320/7024/915 2300/7025/1175
f 2303/7026/1176 2323/7027/893 2324/7028/892 2304/7029/1177
f 2307/7030/980 2327/7031/869 2328/7032/868 2308/7033/981
f 2311/7034/960 2331/7035/845 2332/7036/844 2312/7037/961
f 2273/7038/1178 2293/7039/1179 2294/7040/1180 2274/7041/1181
f 2277/7042/1182 2297/7043/1183 2298/7044/1184 2278/7045/1185
f 2281/7046/1186 2301/7047/1187 2302/7048/1188 2282/7049/1189
f 2285/7050/1190 2305/7051/1191 2306/7052/1192 2286/7053/1193
f 2289/7054/856 2309/7055/971 2310/7056/970 2290/7057/1194
f 2255/7058/1195 2275/7059/939 2276/7060/1196 2256/7061/1197
f 2259/7062/1198 2279/7063/1199 2280/7064/1200 2260/7065/1201
f 2263/7066/1202 2283/7067/1203 2284/7068/1204 2264/7069/1205
f 2267/7070/1206 2287/7071/1207 2288/7072/1208 2268/7073/1209
f 2271/7074/1210 2291/7075/1211 2292/7076/1212 2272/7077/1213
f 2233/7078/1214 2253/7079/1215 2254/7080/1216 2234/7081/1217
f 2237/7082/1218 2257/7083/852 2258/7084/1219 2238/7085/1220
f 2241/7086/1221 2261/7087/1222 2262/7088/1223 2242/7089/1224
f 2245/7090/1225 2265/7091/1226 2266/7092/1227 2246/7093/1228
f 2249/7094/1229 2269/7095/1230 2270/7096/771 2250/7097/1231
f 2215/7098/988 2235/7099/987 2236/7100/978 2216/7101/977
f 2219/7102/967 2239/7103/966 2240/7104/957 2220/7105/956
f 2223/7106/947 2243/7107/946 2244/7108/935 2224/7109/934
f 2227/7110/923 2247/7111/922 2248/7112/912 2228/7113/911
f 2231/7114/900 2251/7115/899 2252/7116/889 2232/7117/888
f 2193/7118/877 2213/7119/876 2214/7120/865 2194/7121/864
f 2197/7122/853 2217/7123/852 2218/7124/841 2198/7125/840
f 2201/7126/829 2221/7127/828 2222/7128/817 2202/7129/816
f 2205/7130/806 2225/7131/805 2226/7132/794 2206/7133/793
f 2209/7134/782 2229/7135/781 2230/7136/771 2210/7137/770
f 2183/7138/759 2195/7139/758 2196/7140/747 2184/7141/746
f 2185/7142/735 2199/7143/734 2200/7144/723 2186/7145/722
f 2187/7146/711 2203/7147/710 2204/7148/1232 2188/7149/1233
f 2189/7150/1234 2207/7151/1235 2208/7152/1236 2190/7153/1237
f 2191/7154/1238 2211/7155/1239 2212/7156/1240 2192/7157/1241
f 1905/7158/764 1714/7159/1004 2188/7160/1233 2204/7161/1232
f 2097/7162/928 2077/7163/1059 2376/7164/821 2396/7165/1131
f 2059/7166/1049 1809/7167/799 2357/7168/1149 2358/7169/1152
f 1715/7170/1005 1726/7171/1008 2207/7172/1235 2189/7173/1234
f 1821/7174/1061 1832/7175/913 2399/7176/1133 2379/7177/1132
f 1810/7178/913 2061/7179/1050 2360/7180/1165 2359/7181/1164
f 1909/7182/909 1716/7183/1006 2190/7184/1237 2208/7185/1236
f 2101/7186/1050 2081/7187/795 2380/7188/1135 2400/7189/1134
f 2063/7190/901 1811/7191/1051 2361/7192/1153 2362/7193/1156
f 1717/7194/1007 1728/7195/1010 2211/7196/1239 2191/7197/1238
f 1823/7198/1064 1834/7199/890 2403/7200/1136 2383/7201/774
f 1812/7202/890 2065/7203/1052 2364/7204/1167 2363/7205/1166
f 1729/7206/1009 1718/7207/887 2192/7208/1241 2212/7209/1240
f 2105/7210/1071 2085/7211/772 2384/7212/1138 2404/7213/1137
f 2067/7214/878 1813/7215/879 2365/7216/1157 2366/7217/1159
f 1825/7218/1067 1836/7219/1072 2407/7220/1140 2387/7221/1139
f 1814/7222/1054 2069/7223/1053 2368/7224/1169 2367/7225/1168
f 2109/7226/1053 2089/7227/1068 2388/7228/1142 2408/7229/1141
f 2071/7230/1056 1815/7231/1055 2369/7232/1160 2370/7233/1163
f 1827/7234/1069 1838/7235/1074 2411/7236/1144 2391/7237/1143
f 1816/7238/842 1817/7239/1057 2372/7240/1171 2371/7241/1170
f 1839/7242/1073 1828/7243/1070 2392/7244/1146 2412/7245/1145
f 1818/7246/823 2075/7247/1058 2374/7248/1148 2373/7249/1147
f 1807/7250/713 1818/7251/823 2373/7252/1147 2353/7253/714
f 2077/7254/1059 1819/7255/704 2375/7256/707 2376/7257/821
f 2075/7258/1058 2055/7259/712 2354/7260/715 2374/7261/1148
f 1820/7262/800 2079/7263/1060 2378/7264/1151 2377/7265/1150
f 1809/7266/799 1820/7267/800 2377/7268/1150 2357/7269/1149
f 2081/7270/795 1821/7271/1061 2379/7272/1132 2380/7273/1135
f 2079/7274/1060 2059/7275/1049 2358/7276/1152 2378/7277/1151
f 1822/7278/1063 2083/7279/1062 2382/7280/1155 2381/7281/1154
f 1811/7282/1051 1822/7283/1063 2381/7284/1154 2361/7285/1153
f 2085/7286/772 1823/7287/1064 2383/7288/774 2384/7289/1138
f 2083/7290/1062 2063/7291/901 2362/7292/1156 2382/7293/1155
f 1824/7294/1066 2087/7295/1065 2386/7296/762 2385/7297/1158
f 1813/7298/879 1824/7299/1066 2385/7300/1158 2365/7301/1157
f 2089/7302/1068 1825/7303/1067 2387/7304/1139 2388/7305/1142
f 2087/7306/1065 2067/7307/878 2366/7308/1159 2386/7309/762
f 1826/7310/729 2091/7311/951 2390/7312/1162 2389/7313/1161
f 1815/7314/1055 1826/7315/729 2389/7316/1161 2369/7317/1160
f 1828/7318/1070 1827/7319/1069 2391/7320/1143 2392/7321/1146
f 1710/7322/745 1709/7323/756 2183/7324/759 2184/7325/746
f 2091/7326/951 2071/7327/1056 2370/7328/1163 2390/7329/1162
f 2095/7330/712 1829/7331/822 2393/7332/825 2394/7333/812
f 1712/7334/721 1711/7335/732 2185/7336/735 2186/7337/722
f 1797/7338/819 1808/7339/700 2355/7340/703 2335/7341/820
f 1830/7342/705 2097/7343/928 2396/7344/1131 2395/7345/706
f 1714/7346/1004 1713/7347/708 2187/7348/711 2188/7349/1233
f 2057/7350/701 2037/7351/818 2336/7352/821 2356/7353/702
f 2099/7354/788 1831/7355/799 2397/7356/802 2398/7357/789
f 1716/7358/1006 1715/7359/1005 2189/7360/1234 2190/7361/1237
f 1799/7362/796 1810/7363/913 2359/7364/1164 2339/7365/797
f 1832/7366/913 2101/7367/1050 2400/7368/1134 2399/7369/1133
f 1718/7370/887 1717/7371/1007 2191/7372/1238 2192/7373/1241
f 2061/7374/1050 2041/7375/795 2340/7376/798 2360/7377/1165
f 2103/7378/765 1833/7379/776 2401/7380/778 2402/7381/766
f 1895/7382/863 1719/7383/874 2193/7384/877 2194/7385/864
f 1801/7386/773 1812/7387/890 2363/7388/1166 2343/7389/774
f 1834/7390/890 2105/7391/1071 2404/7392/1137 2403/7393/1136
f 1720/7394/757 1897/7395/744 2196/7396/747 2195/7397/758
f 2065/7398/1052 2045/7399/772 2344/7400/775 2364/7401/1167
f 2107/7402/741 1835/7403/752 2405/7404/755 2406/7405/742
f 1899/7406/839 1721/7407/850 2197/7408/853 2198/7409/840
f 1803/7410/749 1814/7411/1054 2367/7412/1168 2347/7413/750
f 1836/7414/1072 2109/7415/1053 2408/7416/1141 2407/7417/1140
f 1722/7418/733 1901/7419/720 2200/7420/723 2199/7421/734
f 2069/7422/1053 2049/7423/748 2348/7424/751 2368/7425/1169
f 2111/7426/717 1837/7427/728 2409/7428/731 2410/7429/718
f 1903/7430/815 1723/7431/826 2201/7432/829 2202/7433/816
f 1805/7434/725 1816/7435/842 2371/7436/1170 2351/7437/726
f 1838/7438/1074 1839/7439/1073 2412/7440/1145 2411/7441/1144
f 1724/7442/709 1905/7443/764 2204/7444/1232 2203/7445/710
f 1817/7446/1057 1806/7447/724 2352/7448/727 2372/7449/1171
f 1840/7450/823 2115/7451/811 2414/7452/813 2413/7453/824
f 1907/7454/792 1725/7455/803 2205/7456/806 2206/7457/793
f 1785/7458/713 1796/7459/830 2333/7460/833 2313/7461/949
f 2117/7462/929 1841/7463/940 2415/7464/943 2416/7465/930
f 1726/7466/1008 1909/7467/909 2208/7468/1236 2207/7469/1235
f 2035/7470/831 2015/7471/948 2314/7472/950 2334/7473/832
f 1842/7474/800 2119/7475/787 2418/7476/790 2417/7477/801
f 1911/7478/769 1727/7479/779 2209/7480/782 2210/7481/770
f 1787/7482/925 1798/7483/807 2337/7484/810 2317/7485/926
f 2121/7486/906 1843/7487/917 2419/7488/920 2420/7489/907
f 1728/7490/1010 1729/7491/1009 2212/7492/1240 2211/7493/1239
f 2039/7494/808 2019/7495/924 2318/7496/927 2338/7497/809
f 1844/7498/733 2123/7499/764 2422/7500/767 2421/7501/777
f 1730/7502/875 1915/7503/862 2214/7504/865 2213/7505/876
f 1789/7506/902 1800/7507/783 2341/7508/786 2321/7509/903
f 2125/7510/883 1845/7511/894 2423/7512/897 2424/7513/884
f 1917/7514/976 1731/7515/986 2215/7516/988 2216/7517/977
f 2043/7518/784 2023/7519/901 2322/7520/904 2342/7521/785
f 1846/7522/753 2127/7523/740 2426/7524/743 2425/7525/754
f 1732/7526/851 1919/7527/838 2218/7528/841 2217/7529/852
f 1791/7530/879 1802/7531/760 2345/7532/763 2325/7533/880
f 2129/7534/859 1847/7535/870 2427/7536/873 2428/7537/860
f 1921/7538/721 1733/7539/964 2219/7540/967 2220/7541/956
f 2047/7542/761 2027/7543/878 2326/7544/881 2346/7545/762
f 1848/7546/729 2131/7547/716 2430/7548/719 2429/7549/730
f 1734/7550/827 1923/7551/814 2222/7552/817 2221/7553/828
f 1793/7554/855 1804/7555/736 2349/7556/739 2329/7557/856
f 1850/7558/835 1849/7559/846 2431/7560/849 2432/7561/836
f 1925/7562/933 1735/7563/944 2223/7564/947 2224/7565/934
f 2051/7566/737 2031/7567/854 2330/7568/857 2350/7569/738
f 2135/7570/1075 1851/7571/822 2433/7572/1119 2434/7573/1122
f 1736/7574/804 1927/7575/791 2226/7576/794 2225/7577/805
f 1775/7578/1041 1786/7579/936 2315/7580/939 2295/7581/1172
f 1852/7582/941 2137/7583/928 2436/7584/931 2435/7585/942
f 1929/7586/910 1737/7587/752 2227/7588/923 2228/7589/911
f 2017/7590/937 1997/7591/1042 2296/7592/1173 2316/7593/938
f 2139/7594/1076 1853/7595/799 2437/7596/1123 2438/7597/1126
f 1738/7598/780 1931/7599/768 2230/7600/771 2229/7601/781
f 1777/7602/796 1788/7603/913 2319/7604/916 2299/7605/1174
f 1854/7606/918 2141/7607/905 2440/7608/908 2439/7609/919
f 1740/7610/887 1739/7611/728 2231/7612/900 2232/7613/888
f 2021/7614/914 2001/7615/1044 2300/7616/1175 2320/7617/915
f 2143/7618/1078 1855/7619/1077 2441/7620/1127 2442/7621/1130
f 1935/7622/1012 1741/7623/1011 2233/7624/1214 2234/7625/1217
f 1779/7626/773 1790/7627/890 2323/7628/893 2303/7629/1176
f 1856/7630/895 2145/7631/882 2444/7632/885 2443/7633/896
f 1742/7634/936 1937/7635/937 2236/7636/978 2235/7637/987
f 2025/7638/891 2005/7639/772 2304/7640/1177 2324/7641/892
f 2147/7642/973 1857/7643/982 2445/7644/985 2446/7645/974
f 1939/7646/839 1743/7647/925 2237/7648/1218 2238/7649/1220
f 1781/7650/749 1792/7651/866 2327/7652/869 2307/7653/980
f 1858/7654/871 2149/7655/858 2448/7656/861 2447/7657/872
f 1744/7658/965 1941/7659/955 2240/7660/957 2239/7661/966
f 2029/7662/867 2009/7663/979 2308/7664/981 2328/7665/868
f 2151/7666/952 1859/7667/728 2449/7668/963 2450/7669/953
f 1943/7670/1014 1745/7671/1013 2241/7672/1221 2242/7673/1224
f 1783/7674/959 1794/7675/842 2331/7676/845 2311/7677/960
f 1860/7678/847 1861/7679/834 2452/7680/837 2451/7681/848
f 1746/7682/945 1945/7683/932 2244/7684/935 2243/7685/946
f 1795/7686/843 1784/7687/958 2312/7688/961 2332/7689/844
f 1862/7690/823 2155/7691/1079 2454/7692/1121 2453/7693/1120
f 1947/7694/1016 1747/7695/1015 2245/7696/1225 2246/7697/1228
f 1763/7698/874 1774/7699/1019 2293/7700/1179 2273/7701/1178
f 2157/7702/1081 1863/7703/1080 2455/7704/1099 2456/7705/1102
f 1748/7706/921 1949/7707/909 2248/7708/912 2247/7709/922
f 1995/7710/862 1975/7711/1027 2274/7712/1181 2294/7713/1180
f 1864/7714/1082 2159/7715/720 2458/7716/1125 2457/7717/1124
f 1951/7718/1018 1749/7719/1017 2249/7720/1229 2250/7721/1231
f 1765/7722/1030 1776/7723/1043 2297/7724/1183 2277/7725/1182
f 2161/7726/1084 1865/7727/1083 2459/7728/1103 2460/7729/1106
f 1750/7730/898 1751/7731/886 2252/7732/889 2251/7733/899
f 1999/7734/838 1979/7735/1031 2278/7736/1185 2298/7737/1184
f 1866/7738/1086 2163/7739/1085 2462/7740/1129 2461/7741/1128
f 1752/7742/1019 1955/7743/862 2254/7744/1216 2253/7745/1215
f 1767/7746/902 1778/7747/1046 2301/7748/1187 2281/7749/1186
f 2165/7750/1014 1867/7751/1087 2463/7752/1107 2464/7753/1110
f 1957/7754/1020 1753/7755/986 2255/7756/1195 2256/7757/1197
f 2003/7758/1045 1983/7759/1034 2282/7760/1189 2302/7761/1188
f 1868/7762/983 2167/7763/972 2466/7764/975 2465/7765/984
f 1754/7766/851 1959/7767/838 2258/7768/1219 2257/7769/852
f 1769/7770/1036 1780/7771/1048 2305/7772/1191 2285/7773/1190
f 2169/7774/1088 1869/7775/1067 2467/7776/1111 2468/7777/1114
f 1961/7778/1022 1755/7779/1021 2259/7780/1198 2260/7781/1201
f 2007/7782/1047 1987/7783/792 2286/7784/1193 2306/7785/1192
f 1870/7786/729 2171/7787/951 2470/7788/954 2469/7789/962
f 1756/7790/827 1963/7791/814 2262/7792/1223 2261/7793/1222
f 1771/7794/1039 1782/7795/968 2309/7796/971 2289/7797/856
f 1872/7798/1090 1871/7799/1089 2471/7800/1115 2472/7801/1118
f 1965/7802/772 1757/7803/773 2263/7804/1202 2264/7805/1205
f 2011/7806/969 1991/7807/854 2290/7808/1194 2310/7809/970
f 1873/7810/1092 1874/7811/1091 2474/7812/1101 2473/7813/1100
f 1758/7814/1024 1967/7815/1023 2266/7816/1227 2265/7817/1226
f 1753/7818/986 1764/7819/1029 2275/7820/939 2255/7821/1195
f 1875/7822/1094 1876/7823/1093 2476/7824/1105 2475/7825/1104
f 1969/7826/1006 1759/7827/1025 2267/7828/1206 2268/7829/1209
f 1977/7830/1028 1957/7831/1020 2256/7832/1197 2276/7833/1196
f 1877/7834/1096 1878/7835/1095 2478/7836/1109 2477/7837/1108
f 1760/7838/968 1971/7839/737 2270/7840/771 2269/7841/1230
f 1755/7842/1021 1766/7843/1033 2279/7844/1199 2259/7845/1198
f 1879/7846/871 1880/7847/1097 2480/7848/1113 2479/7849/1112
f 1762/7850/1026 1761/7851/959 2271/7852/1210 2272/7853/1213
f 1981/7854/1032 1961/7855/1022 2260/7856/1201 2280/7857/1200
f 1881/7858/1098 1882/7859/834 2482/7860/1117 2481/7861/1116
f 1975/7862/1027 1763/7863/874 2273/7864/1178 2274/7865/1181
f 1757/7866/773 1768/7867/945 2283/7868/1203 2263/7869/1202
f 1863/7870/1080 1873/7871/1092 2473/7872/1100 2455/7873/1099
f 1764/7874/1029 1977/7875/1028 2276/7876/1196 2275/7877/939
f 1985/7878/1035 1965/7879/772 2264/7880/1205 2284/7881/1204
f 1874/7882/1091 2157/7883/1081 2456/7884/1102 2474/7885/1101
f 1979/7886/1031 1765/7887/1030 2277/7888/1182 2278/7889/1185
f 1759/7890/1025 1770/7891/1038 2287/7892/1207 2267/7893/1206
f 1865/7894/1083 1875/7895/1094 2475/7896/1104 2459/7897/1103
f 1766/7898/1033 1981/7899/1032 2280/7900/1200 2279/7901/1199
f 1989/7902/1037 1969/7903/1006 2268/7904/1209 2288/7905/1208
f 1876/7906/1093 2161/7907/1084 2460/7908/1106 2476/7909/1105
f 1983/7910/1034 1767/7911/902 2281/7912/1186 2282/7913/1189
f 1761/7914/959 1772/7915/898 2291/7916/1211 2271/7917/1210
f 1867/7918/1087 1877/7919/1096 2477/7920/1108 2463/7921/1107
f 1768/7922/945 1985/7923/1035 2284/7924/1204 2283/7925/1203
f 1773/7926/1040 1762/7927/1026 2272/7928/1213 2292/7929/1212
f 1878/7930/1095 2165/7931/1014 2464/7932/1110 2478/7933/1109
f 1987/7934/792 1769/7935/1036 2285/7936/1190 2286/7937/1193
f 1741/7938/1011 1752/7939/1019 2253/7940/1215 2233/7941/1214
f 1869/7942/1067 1879/7943/871 2479/7944/1112 2467/7945/1111
f 1770/7946/1038 1989/7947/1037 2288/7948/1208 2287/7949/1207
f 1955/7950/862 1935/7951/1012 2234/7952/1217 2254/7953/1216
f 1880/7954/1097 2169/7955/1088 2468/7956/1114 2480/7957/1113
f 1991/7958/854 1771/7959/1039 2289/7960/856 2290/7961/1194
f 1743/7962/925 1754/7963/851 2257/7964/852 2237/7965/1218
f 1871/7966/1089 1881/7967/1098 2481/7968/1116 2471/7969/1115
f 1772/7970/898 1773/7971/1040 2292/7972/1212 2291/7973/1211
f 1959/7974/838 1939/7975/839 2238/7976/1220 2258/7977/1219
f 1882/7978/834 1872/7979/1090 2472/7980/1118 2482/7981/1117
f 1774/7982/1019 1995/7983/862 2294/7984/1180 2293/7985/1179
f 1745/7986/1013 1756/7987/827 2261/7988/1222 2241/7989/1221
f 1851/7990/822 1862/7991/823 2453/7992/1120 2433/7993/1119
f 1997/7994/1042 1775/7995/1041 2295/7996/1172 2296/7997/1173
f 1963/7998/814 1943/7999/1014 2242/8000/1224 2262/8001/1223
f 2155/8002/1079 2135/8003/1075 2434/8004/1122 2454/8005/1121
f 1776/8006/1043 1999/8007/838 2298/8008/1184 2297/8009/1183
f 1747/8010/1015 1758/8011/1024 2265/8012/1226 2245/8013/1225
f 1853/8014/799 1864/8015/1082 2457/8016/1124 2437/8017/1123
f 2001/8018/1044 1777/8019/796 2299/8020/1174 2300/8021/1175
f 1967/8022/1023 1947/8023/1016 2246/8024/1228 2266/8025/1227
f 2159/8026/720 2139/8027/1076 2438/8028/1126 2458/8029/1125
f 1778/8030/1046 2003/8031/1045 2302/8032/1188 2301/8033/1187
f 1749/8034/1017 1760/8035/968 2269/8036/1230 2249/8037/1229
f 1855/8038/1077 1866/8039/1086 2461/8040/1128 2441/8041/1127
f 2005/8042/772 1779/8043/773 2303/8044/1176 2304/8045/1177
f 1971/8046/737 1951/8047/1018 2250/8048/1231 2270/8049/771
f 2163/8050/1085 2143/8051/1078 2442/8052/1130 2462/8053/1129
f 1780/8054/1048 2007/8055/1047 2306/8056/1192 2305/8057/1191
f 2486/8058/1242 2489/8059/1243 2490/8060/68 2487/8061/1244
f 2487/8061/1244 2490/8060/68 2491/8062/67 2488/8063/74
f 2483/8064/1245 2486/8058/1242 2487/8061/1244 2484/8065/70
f 2484/8065/70 2487/8061/1244 2488/8063/74 2485/8066/71
f 152/8067/73 163/8068/66 2486/8069/1242 2483/8070/1245
f 163/8068/66 173/8071/64 2489/8072/1243 2486/8069/1242
f 153/894/13 152/8073/73 2483/8074/1245 2484/895/70
f 173/8075/64 174/889/8 2490/892/68 2489/8076/1243
f 2495/8077/1246 2498/8078/1247 2499/8079/693 2496/8080/1248
f 2496/8080/1248 2499/8079/693 2500/8081/692 2497/8082/699
f 2492/8083/1249 2495/8077/1246 2496/8080/1248 2493/8084/695
f 2493/8084/695 2496/8080/1248 2497/8082/699 2494/8085/696
f 1407/8086/698 1418/8087/691 2495/8088/1246 2492/8089/1249
f 1418/8087/691 1428/8090/689 2498/8091/1247 2495/8088/1246
f 1408/4914/632 1407/8092/698 2492/8093/1249 2493/4915/695
f 1428/8094/689 1429/4909/627 2499/4912/693 2498/8095/1247
