# Blender v2.79 (sub 0) OBJ File: 'Burg Test.blend'
# www.blender.org
mtllib Layout_v4_LP.mtl
o BergLochDing_Cube.014
v -3.038451 4.000000 3.567535
v 3.038451 4.000000 5.261871
v -3.733768 22.434586 10.121246
v 3.332879 22.434586 11.279770
v -3.332879 22.037056 -16.576965
v 3.332879 20.818432 -16.576965
v -16.565224 22.434586 3.332886
v -16.565224 22.434586 -4.431641
v -16.565224 22.434586 7.810104
v -16.565224 22.037056 -16.576965
v 3.332879 22.434586 35.834534
v -16.565224 22.434586 35.834534
v 3.332879 4.000000 9.160385
v 3.332879 4.000000 35.834534
v 3.332879 -0.121090 10.504135
v 3.332879 0.000000 35.834534
v -3.038451 4.643459 -6.779205
v -3.332879 22.434586 -9.289764
v 3.332879 21.604856 -9.289764
v -16.565224 22.434586 -9.289764
v 3.233750 14.769269 6.135406
v -2.799843 14.769347 4.017059
v -3.233751 14.769319 -3.306091
v 3.233750 14.769323 -5.012177
v 3.263489 15.102201 9.771866
v 3.332879 15.879043 35.834534
v 3.248101 15.879043 -8.566895
v -2.806279 7.064873 -11.437683
v 3.248101 15.426965 -15.097168
v -2.837606 7.391385 -22.217468
v 3.248101 14.871951 -22.217468
v 3.332879 20.060053 -22.217468
v -3.332879 21.658360 -22.217468
v -16.565224 21.658360 -22.217468
v -2.428844 7.645775 -27.836029
v 2.332870 14.279540 -27.836029
v 1.762186 18.663260 -27.836029
v -3.332879 21.158730 -27.836029
v -16.565224 21.401762 -27.836029
v -2.813269 7.559128 -33.406860
v -0.072280 14.634040 -33.406860
v -0.722606 18.102041 -33.406860
v -3.332879 20.631468 -33.406860
v -16.565224 20.840544 -33.406860
v -3.435772 8.241854 -64.058197
v -3.507691 12.908721 -64.054901
v -3.589362 16.471142 -64.058197
v -4.508610 19.939144 -64.058197
v -7.118883 20.697750 -64.058197
v -16.565224 20.697750 -64.058197
v -3.332880 20.697750 -36.380890
v -2.158921 18.330982 -36.380890
v -3.076102 7.479917 -36.380890
v -16.565224 20.697750 -36.380890
v -1.751443 14.862980 -36.380890
v -3.200844 8.942393 -87.528824
v -4.295965 13.616777 -87.528824
v -5.042849 17.171684 -87.528824
v -5.766423 20.639685 -87.528824
v -8.376696 20.639685 -87.528824
v -16.565224 20.639685 -87.528824
v -16.565224 19.939144 -75.793510
v -7.747789 19.939144 -75.793510
v -5.137516 19.939144 -75.793510
v -4.316105 16.471142 -75.793510
v -3.629044 8.193941 -75.793510
v -3.629044 13.174731 -75.793510
v -7.937558 19.939144 -79.334564
v -4.535396 16.471142 -79.334564
v -3.888405 13.364510 -79.327637
v -16.565224 19.939144 -79.334564
v -5.327284 19.939144 -79.334564
v -3.052749 8.241854 -79.256119
v -2.483272 1.861508 -3.959702
v 3.332879 1.861508 10.153595
v 3.332879 1.861508 35.834534
v -2.773226 1.861508 -6.779205
v -2.652109 3.032226 -11.437683
v -2.459199 3.032226 -22.217468
v -2.438740 3.985318 -27.836029
v -3.366724 3.985318 -33.406860
v -2.650996 5.822421 -64.058197
v -3.149271 4.214258 -36.380890
v -2.747218 6.522961 -87.528824
v -3.629044 5.720813 -75.793510
v -2.655067 5.822421 -79.168213
v -3.200844 10.642580 -119.355591
v -4.247688 14.841354 -119.355591
v -5.042849 18.871870 -119.355591
v -5.766423 22.339870 -119.355591
v -8.376696 22.339870 -119.355591
v -16.565224 22.339870 -119.355591
v -2.747218 8.223148 -119.355591
v -4.794532 10.642580 -141.078308
v -6.030065 14.841354 -141.078308
v -6.825225 18.871870 -141.078308
v -7.548799 22.339870 -141.078308
v -10.159071 22.339870 -141.078308
v -18.347599 22.339870 -141.078308
v -4.129444 8.223148 -141.078308
v -5.140503 18.871870 -135.273865
v -5.489286 18.871870 -126.596504
v -5.167854 14.841354 -126.596497
v -4.701470 14.841354 -134.864227
v -8.376696 22.339870 -135.285583
v -8.376696 22.339870 -126.596504
v -5.766423 22.339870 -126.596497
v -5.766423 22.339870 -135.466705
v -4.122214 10.642580 -126.596497
v -3.627106 10.642580 -134.311981
v -3.234476 8.223148 -134.057724
v -3.669936 8.223148 -126.596504
v -16.565224 22.339870 -135.285583
v -16.565224 22.339870 -126.596504
v 2.000000 -0.204549 -119.355591
v 2.000000 -0.204549 -141.078308
v -4.588302 10.739165 -173.942627
v -6.030065 15.612120 -173.942627
v -6.825225 19.642635 -173.942627
v -7.548799 23.110636 -173.942627
v -10.159071 23.110636 -173.942627
v -18.347599 23.110636 -173.942627
v -4.129444 8.993914 -173.942627
v 2.000000 0.566216 -173.942627
v -8.371775 27.099051 -214.399139
v -16.565222 27.209541 -214.476303
v -2.747218 8.520929 -199.112000
v -10.159071 24.121515 -198.890045
v -7.548799 24.121515 -198.890045
v -4.696388 11.479754 -198.890045
v -18.347599 24.121515 -198.890045
v -5.629914 15.612120 -198.890045
v -6.825225 20.071371 -198.890045
v 3.004370 5.650445 -203.474243
v -7.548799 26.109341 -203.474243
v -2.747218 8.936990 -203.474243
v -10.159071 26.109341 -203.474243
v -3.605618 10.898085 -203.474243
v -18.347599 26.109341 -203.474243
v -5.629914 16.632584 -203.474243
v -6.825225 21.502115 -203.474243
v -4.129444 8.993914 -187.505280
v -10.159071 23.110636 -187.505280
v -5.005876 11.024614 -187.505280
v -18.347599 23.110636 -187.505280
v -6.030065 15.612120 -187.505280
v -6.825225 19.642635 -187.505280
v -7.548799 23.110636 -187.505280
v 2.134809 0.566216 -187.505280
v -7.548799 24.121515 -192.463715
v -4.129444 8.993914 -192.463715
v -10.159071 24.121515 -192.463715
v -4.722398 10.870495 -192.463715
v -18.347599 24.121515 -192.463715
v -5.629914 15.612120 -192.463715
v -6.825225 20.071371 -192.463715
v -1.118676 1.524674 -191.608856
v -1.118676 1.882163 -189.282013
v 1.149583 1.882163 -189.282013
v 1.149583 1.524674 -191.608856
v 1.408595 3.852886 -192.620331
v 1.408595 3.245837 -188.360168
v -1.342866 3.245837 -188.360168
v -1.342866 2.798772 -191.772430
v 1.149583 3.175641 -218.081848
v -1.184406 3.175641 -218.081848
v 1.408595 4.266300 -219.197723
v -1.408596 4.266300 -219.197723
v -1.184406 2.726978 -215.331970
v -1.408596 4.266300 -216.259857
v 1.149583 2.726978 -215.331970
v 1.408595 4.266300 -215.650543
v -4.071961 10.063581 -215.572174
v -4.071961 10.063581 -219.786224
v -4.065480 12.665442 -215.491974
v -4.059096 16.839756 -215.412979
v -4.066726 22.096373 -215.522446
v -4.060554 27.143026 -215.625275
v -8.369808 27.070108 -215.513718
v -16.565086 27.221731 -215.619598
v -4.065480 12.665442 -219.706024
v -4.059096 16.839756 -219.627029
v -4.066267 22.203312 -219.706375
v -4.069227 27.084370 -219.730072
v -8.365357 26.981110 -219.657959
v -16.564365 27.216496 -219.822342
v 2.513636 2.017076 -219.532272
v -4.075854 10.015779 -224.407639
v -4.073897 12.562085 -224.383423
v -4.071302 16.689875 -224.351318
v -4.074229 22.429996 -224.383682
v -4.072580 27.337193 -224.355911
v -8.370426 27.272469 -224.310715
v -16.565147 27.411610 -224.407883
v 2.235338 1.586679 -224.409058
v 2.000000 8.936990 -210.625610
v 3.004370 5.883387 -210.625610
v -3.571985 27.220364 -210.808838
v -8.376558 27.206491 -210.623444
v -3.604649 10.909989 -210.613602
v -16.565224 27.209572 -210.625610
v -3.602023 16.676727 -210.581116
v -3.594535 21.978846 -210.676224
v -3.278481 9.029058 -249.584137
v -3.278481 12.029058 -249.584137
v 1.953229 22.375404 -249.541550
v 1.962780 27.264194 -249.501816
v -8.374722 27.417198 -247.421722
v -16.415276 27.710392 -246.974182
v -63.465370 22.434586 3.332886
v -63.465370 22.434586 -4.431641
v -63.465370 22.434586 7.810104
v -63.465370 22.037056 -16.576965
v -63.465370 22.434586 35.834534
v -63.465370 22.434586 -9.289764
v -63.465370 21.658360 -22.217468
v -63.465370 21.401762 -27.836029
v -63.465370 20.840544 -33.406860
v -63.465370 20.697750 -36.380890
v -3.332879 22.434586 35.834534
v 3.332879 4.000000 50.410339
v 3.332879 0.000000 50.410339
v 3.332879 15.879043 50.410339
v 3.332879 1.861508 50.410339
v -3.332879 22.434586 50.410339
v 3.332879 22.434586 50.410339
v -16.565224 22.434586 50.410339
v -63.465370 22.434586 50.410339
v -3.663584 4.000000 -0.460632
v -16.565224 22.434586 -0.549377
v -3.858883 14.769316 -0.180374
v -3.108404 1.861508 -0.839661
v -63.465370 22.434586 -0.549377
v 0.000000 0.000000 -3.959702
v 0.000000 0.000000 2.139999
v 0.000000 4.000000 4.476562
v 0.000000 22.434586 10.733063
v 0.000000 0.000000 -6.779205
v 0.000000 14.769305 5.350098
v 0.000000 0.000000 -11.437683
v 0.000000 0.000000 -22.217468
v 0.000000 0.000000 -27.836029
v 0.000000 0.000000 -33.406860
v 0.000000 1.837104 -64.058197
v 0.000000 0.228940 -36.380890
v 0.000000 2.537643 -87.528824
v 0.000000 1.837104 -75.014343
v 0.000000 1.837104 -79.875931
v -0.287711 5.675605 -75.793510
v -0.327534 5.822421 -79.334564
v 0.000000 4.237830 -119.355591
v 0.000000 4.237830 -141.078308
v 0.000000 -0.204549 -126.996780
v 0.000000 -0.204549 -133.837402
v 0.000000 5.008595 -173.942627
v 0.000000 5.008595 -186.968445
v 0.000000 1.882163 -188.864502
v 0.000000 1.524674 -191.608856
v 0.000000 3.245837 -187.823334
v 0.000000 3.175641 -218.430054
v 0.000000 4.266300 -219.430511
v 0.000000 2.726978 -215.331970
v -0.222898 6.029058 -220.253876
v -1.037984 6.029058 -224.409058
v -1.037984 6.029058 -249.584137
v 0.000000 22.434586 35.834534
v 0.000000 22.434586 50.410339
v -0.312566 0.000000 -1.169586
v 0.196886 22.037056 -16.576965
v 0.000000 5.130957 -6.779205
v 0.000000 22.434586 -9.289764
v 0.000000 14.769325 -4.621887
v 0.000000 7.892194 -11.437683
v 0.000000 8.524298 -22.217468
v 0.747545 21.658360 -22.217468
v -0.178867 9.292659 -27.836029
v -0.037801 21.146645 -27.836029
v -1.547832 9.445841 -33.406860
v -1.830856 20.585426 -33.406860
v -3.555337 10.869110 -64.043655
v -5.813747 20.697750 -64.058197
v -2.476839 9.674782 -36.380890
v -2.745901 20.697750 -36.380890
v -3.778020 11.396557 -87.528824
v -7.071559 20.639685 -87.528824
v -3.629044 11.072639 -75.793510
v -6.442653 19.939144 -75.793510
v -3.526559 11.260478 -79.309982
v -6.632421 19.939144 -79.334564
v -3.836859 13.315912 -119.355591
v -7.071559 22.339870 -119.355591
v -5.619236 13.315912 -141.078308
v -8.853935 22.339870 -141.078308
v -4.757025 13.315912 -126.596497
v -4.208694 13.315912 -134.659149
v -7.071559 22.339870 -126.596497
v -7.071559 22.339870 -135.285583
v -5.424110 13.448799 -173.942627
v -8.853935 23.110636 -173.942627
v -6.219819 27.115612 -214.422714
v -4.927629 13.040443 -198.890045
v -8.853935 24.121515 -198.890045
v -4.927629 14.079124 -203.474243
v -8.853935 26.109341 -203.474243
v -8.853935 23.110636 -187.505280
v -5.570454 13.142532 -187.505280
v -8.853935 24.121515 -192.463715
v -5.197133 13.086384 -192.463715
v -4.061873 14.252189 -215.447342
v -6.219725 27.090164 -215.530884
v -4.061873 14.252189 -219.661392
v -6.216379 27.012224 -219.679688
v -4.072450 14.122329 -224.365509
v -6.220891 27.291061 -224.323700
v -3.603004 14.111220 -210.593262
v -5.983248 27.211231 -210.667877
v -3.278481 14.079124 -249.584137
v -6.225748 27.408722 -247.425171
v -3.323984 21.746773 5.804016
v -3.905578 22.434586 6.634521
v -3.323980 21.746475 -3.170319
v -3.972956 22.434586 -3.617523
v 3.323974 21.745972 7.498199
v 3.332879 22.434586 8.289551
v 3.332879 21.544064 -5.943512
v 3.323980 20.856007 -5.156799
v -4.667051 22.434586 0.430435
v -3.949112 21.746447 0.428741
v 0.000000 22.434586 7.508545
v 0.000000 21.746346 6.712952
v 0.000000 22.434586 -5.553223
v 0.000000 21.746548 -4.766525
v 0.000000 17.433918 5.870575
v -2.888499 17.434107 4.593506
v -3.893342 17.433964 0.052246
v -3.268210 17.433975 -3.254242
v 0.000000 17.434008 -4.677124
v 3.268208 17.433754 6.655853
v 3.268210 17.433998 -5.067413
v 2.000000 -14.294268 2.925323
v 2.000000 -14.294268 -3.959702
v 3.332879 -14.294268 10.504135
v 3.332879 -14.294268 35.834534
v 2.000000 -14.294268 -6.779205
v 2.000000 -14.294268 -11.437683
v 2.000000 -14.294268 -22.217468
v 2.000000 -14.294268 -27.836029
v 2.000000 -14.294268 -33.406860
v 2.000000 -14.294268 -64.058197
v 2.000000 -14.294268 -36.380890
v 2.452542 -14.294268 -87.528824
v 2.510804 -14.294268 -75.793510
v 2.556546 -14.294268 -79.334564
v 3.332879 -14.294268 50.410339
v 2.000000 -14.294268 -1.169586
v 2.000000 -14.294268 -119.355591
v 2.000000 -14.294268 -141.078308
v 2.000000 -14.294268 -173.942627
v 2.134809 -14.294268 -187.505280
v 2.637115 -13.273806 -219.835815
v 2.235338 -13.273806 -224.409058
v -2.693403 2.670911 3.008789
v -2.231750 0.892673 1.547424
v -2.471148 1.814813 1.976135
v 2.110876 1.036510 3.168106
v 2.710942 2.738475 4.756104
v 2.544113 1.861508 4.635834
v 1.862265 2.315804 3.321655
v 0.000000 0.863725 2.446167
v 0.000000 2.706702 3.945892
v 0.000000 1.816815 2.890381
v -3.038451 3.934205 -4.595398
v -3.047213 5.253531 -3.545288
v -3.132270 3.965712 -3.091797
v -2.885275 3.509112 -3.643005
v 2.566975 5.269725 -4.668579
v 2.392995 6.759351 -4.961716
v 2.571359 5.599775 -6.779205
v 3.073352 7.746533 -7.076797
v 2.570249 7.967059 -11.437683
v 3.055879 8.638845 -11.741852
v 2.576512 8.788489 -22.217468
v 3.057362 9.486763 -22.217468
v 2.223123 9.940784 -27.836029
v 2.647689 10.657840 -27.836029
v -0.502691 9.806547 -33.406860
v -0.029799 10.553004 -33.406860
v -1.938919 10.661456 -36.380890
v 0.000000 6.043011 -4.323547
v 0.000000 4.367759 -4.786713
v -16.565224 19.939144 -77.472031
v -5.227469 19.939144 -77.472031
v -3.019088 8.241854 -77.472031
v -7.837743 19.939144 -77.472031
v -4.420053 16.471142 -77.472031
v -3.746494 13.210802 -77.472031
v -2.634121 5.822421 -77.472031
v 2.020946 5.623866 -77.472031
v -0.306588 5.822421 -77.472031
v -6.532606 19.939144 -77.472031
v -3.420609 11.135681 -77.472031
v -2.241636 0.930755 -3.959702
v -2.490117 1.516112 -11.437683
v -2.386613 0.930755 -6.779205
v -2.524173 1.516112 -22.217468
v -2.524173 1.992659 -27.836029
v -2.683362 1.992659 -33.406860
v -2.460316 3.829762 -64.058197
v -2.574636 2.221599 -36.380890
v -2.373609 4.530302 -87.528824
v -2.307622 3.829762 -75.352623
v -2.327534 3.829762 -79.675385
v -2.373609 6.230489 -119.355591
v -3.464378 6.230489 -141.078308
v -3.144701 6.230489 -126.596504
v -2.373609 6.230489 -133.837402
v -3.464378 7.001254 -173.942627
v -2.373609 7.001254 -198.407715
v 2.566083 6.944330 -203.474243
v -3.464378 7.001254 -187.505280
v -3.464378 7.001254 -192.463715
v -4.075433 8.028291 -215.615128
v -4.075433 8.028291 -219.829178
v -4.075968 8.021718 -224.409058
v 2.566083 6.944330 -210.625610
v -3.278481 8.021718 -249.584137
v -2.866768 0.930755 -1.004623
v -0.143855 3.829762 -75.222382
v -0.163767 3.829762 -79.650604
v 2.403251 3.848733 -77.472031
v 1.004693 5.557587 -75.793510
v 1.851329 5.588951 -76.810928
v 2.339839 3.789854 -76.805412
v 1.227485 3.755502 -75.623108
v 2.232916 2.702533 -75.595657
v 1.643559 5.602582 -78.244888
v 0.779898 5.679164 -78.729630
v 1.500909 3.691852 -79.320587
v 2.297311 3.720862 -78.478012
v 0.000000 -14.294268 -126.596497
v 0.000000 -14.294268 -133.601868
v -7.056382 18.871870 -130.216949
v -6.261221 14.841354 -130.216949
v -10.390228 22.339870 -130.216949
v -7.779955 22.339870 -130.216949
v -5.246469 10.642580 -130.216949
v -4.013533 4.237830 -130.216949
v -4.760751 8.223148 -130.216949
v -18.578754 22.339870 -130.216949
v -4.013533 -0.733984 -129.925262
v -9.085093 22.339870 -130.216949
v -5.850392 13.315912 -130.216949
v -3.994527 6.230489 -130.216949
v -3.767135 -14.294268 -129.928314
v -2.917829 4.237830 -131.983368
v -3.148467 4.508343 -127.617859
v 0.000000 4.237830 -125.875244
v 0.000000 3.762078 -126.427460
v 0.000000 3.757270 -133.837402
v 0.000000 4.237830 -134.322067
v -5.440372 14.841354 -132.438049
v -6.773189 22.339870 -132.841827
v -4.419210 10.642580 -132.244308
v -7.776296 22.339870 -133.004700
v -5.029542 13.315912 -132.438049
v -3.184068 6.230489 -132.027191
v -6.049615 18.871870 -132.664261
v -9.081432 22.339870 -133.004700
v -3.960339 8.223148 -132.027191
v -17.370636 22.339870 -132.678864
v 2.000000 4.983782 -199.000366
v 1.232640 5.285293 -198.195007
v 2.000000 4.775475 -198.313629
v 1.775246 5.378893 -198.430908
v 2.000000 7.800178 -199.583344
v 1.232640 8.520929 -199.112000
v 1.775246 8.309823 -199.250061
v 1.106523 8.936990 -203.474243
v 2.094707 8.165133 -203.474243
v 2.000000 8.761805 -205.875290
v 1.775246 8.710917 -203.474243
v 1.232640 7.001254 -198.407715
v 2.000000 7.001254 -199.213074
v 1.775246 7.001254 -198.643616
v 1.101094 10.898085 -203.659683
v 1.597032 10.898085 -205.336304
v 1.731332 9.237679 -205.142380
v -1.031851 12.611963 -214.258713
v 0.000000 5.008595 -192.979340
v 0.000000 3.563024 -192.357819
v 0.000000 4.716896 -214.886536
v -0.435349 6.029058 -215.088531
v -1.036275 10.035366 -214.313446
v -0.800710 16.658363 -210.599625
v -0.802496 10.901933 -210.621719
v -0.773275 21.979834 -210.784088
v -0.734691 27.231426 -210.996689
v -0.989391 27.221659 -214.596069
v -1.015627 22.022825 -214.386490
v -1.027348 16.763184 -214.202988
v -1.029286 14.185915 -214.226974
v -0.801424 14.096138 -210.608459
v -1.037976 8.021814 -214.358231
v -3.774519 6.029058 -219.835815
v -4.075968 6.330508 -219.835815
v -4.075968 6.330508 -215.621765
v -3.774519 6.029058 -215.621765
v -3.774519 6.029058 -224.409058
v -4.075968 6.330508 -224.409058
v -3.278481 6.029058 -249.584137
v -0.741252 6.029058 -214.706787
v -1.037984 6.330508 -214.390839
v 2.000012 10.014524 -214.055237
v 1.579688 10.016488 -214.454590
v 1.581829 12.565046 -214.428101
v 2.001385 12.492315 -214.038239
v 2.000000 10.959431 -211.046539
v 1.579060 10.898085 -210.625610
v 1.968022 10.898085 -210.205872
v 2.000000 10.477144 -210.625610
v 2.003639 16.677263 -214.010361
v 1.584559 16.694500 -214.394318
v 2.028906 21.984684 -214.202927
v 1.606257 21.990635 -214.582550
v 2.066228 27.230820 -214.416168
v 1.640866 27.229256 -214.790924
v 1.663391 27.236628 -211.085022
v 2.085228 27.236916 -211.510849
v 1.579392 16.636667 -210.621490
v 2.000374 16.637175 -211.041916
v 1.617143 21.980965 -210.833069
v 2.038519 21.981104 -211.256378
v 2.002650 14.111669 -214.022583
v 1.583356 14.126274 -214.409195
v 1.579160 14.080358 -210.624359
v 2.000123 14.080639 -211.045013
v 2.000000 8.021717 -214.055389
v 1.579377 8.021717 -214.459991
v 1.579226 6.330508 -214.464478
v 2.235338 5.823900 -214.174866
v -4.066664 12.650901 -214.723022
v -3.705918 12.642337 -214.352966
v -4.060819 16.818594 -214.650711
v -3.700376 16.806326 -214.284363
v -3.703891 22.033951 -214.407425
v -4.066652 22.071983 -214.764099
v -3.691107 27.168446 -214.541931
v -4.057223 27.245373 -214.879044
v -4.420533 27.151089 -214.511017
v -4.010072 27.170053 -214.193939
v -4.072611 10.055598 -214.796631
v -3.711544 10.050980 -214.422577
v -3.702765 14.223519 -214.313950
v -4.063345 14.234119 -214.681961
v -3.714178 8.024503 -214.459473
v -4.075639 8.025764 -214.834091
v -3.774519 6.029058 -215.139618
v -3.411946 6.029057 -214.769287
v -4.075968 6.330508 -214.838165
v -3.714275 6.330508 -214.466156
v 3.004370 -13.273806 -203.474243
v 2.134809 -14.294268 -192.463715
v 3.004370 -13.273806 -210.625610
v 2.000000 -14.294268 -199.000366
v 2.134809 -14.294268 -197.427643
v 2.000000 -14.294268 -198.313629
v 2.235338 -13.273806 -214.777771
v 2.182986 -13.273806 -214.178894
v 2.235338 1.407114 -214.174866
v 2.235338 1.407054 -214.777771
v 2.000000 0.543764 -199.000366
v 3.004370 1.078708 -203.474243
v 2.134809 0.566216 -192.463715
v 2.134809 0.566216 -197.427643
v 3.004370 1.452608 -210.625610
v 2.000000 0.532142 -198.313629
v -1.184406 2.961425 -216.787003
v 1.334374 2.961425 -216.787003
v -1.611685 4.266300 -217.728790
v -4.071144 10.073616 -217.669083
v -4.065596 22.163813 -217.592865
v -4.068103 27.133045 -217.646881
v -4.056845 16.867393 -217.492142
v -8.366693 27.040319 -217.571884
v -4.064015 12.683421 -217.580872
v -16.564606 27.251144 -217.719101
v 0.000000 2.942819 -216.961105
v -4.060034 14.274775 -217.531616
v -6.217524 27.067175 -217.590637
v -4.075137 8.031927 -217.718491
v -4.075968 6.330508 -217.728790
v -3.774519 6.029058 -217.728790
v 2.901242 1.718005 -217.728790
v 2.901242 -13.273806 -217.728790
v -1.540206 5.008595 -188.105347
v -1.342866 4.712008 -188.360168
v -1.757019 6.029058 -219.476990
v -1.408596 5.732471 -219.197723
v 1.408595 4.712008 -188.360168
v 1.613744 5.008595 -188.063614
v 1.613743 5.008595 -191.905396
v 1.408595 4.712008 -191.608856
v -1.342866 4.712008 -191.608856
v -1.540206 5.008595 -191.863678
v 1.694110 6.029058 -219.359863
v 1.408595 5.732471 -219.197723
v 1.559491 6.029058 -216.162903
v 1.408595 5.733577 -216.298172
v -1.757019 6.029058 -216.165878
v -1.408596 5.732471 -216.259857
v -0.050049 6.029058 -219.759079
v 0.000000 5.732471 -219.430511
v 0.000000 5.008595 -187.448608
v 0.000000 4.712008 -187.823334
v 0.000000 4.712008 -192.124481
v 0.000000 5.008595 -192.496109
v 0.000000 5.732471 -215.925812
v -0.122470 6.029058 -215.547119
v -1.611685 5.732471 -217.728790
v -1.973101 6.029058 -217.728790
v -4.075711 12.539809 -225.935532
v -4.075968 10.014377 -225.938721
v -8.373026 27.330862 -225.881149
v -4.074300 27.375820 -225.912552
v -4.074554 16.649940 -225.921219
v -16.565224 27.413288 -225.938721
v 2.235338 1.586679 -225.938721
v -4.075653 22.441971 -225.933777
v -1.037984 6.029058 -225.938721
v -4.075120 14.089540 -225.928223
v -6.223248 27.344019 -225.890350
v 2.235338 -13.273806 -225.938721
v -4.075968 8.021718 -225.938721
v -3.774519 6.029058 -225.938721
v -3.278481 9.029058 -241.484619
v 1.943881 27.411991 -241.483902
v 2.235338 1.586679 -241.484619
v -1.037984 6.029058 -241.484619
v -3.278481 14.079124 -241.484619
v -6.226332 27.413288 -241.484619
v 2.235338 -13.273806 -241.484619
v -3.278481 8.021718 -241.484619
v -3.278481 12.029058 -241.484619
v -8.376696 27.413288 -241.484619
v -16.565197 27.413342 -241.484528
v 1.943715 22.449045 -241.484619
v -3.278481 6.029058 -241.484619
v 1.943715 14.079124 -249.584137
v 1.943715 15.308519 -249.584137
v 1.943715 14.079124 -241.484619
v 1.943715 15.308519 -241.484619
v -4.075968 12.536654 -240.532364
v -8.376696 27.413288 -240.543671
v -4.075968 15.653590 -240.532364
v -16.565224 27.413288 -240.543671
v -4.075968 22.449045 -240.532364
v -4.075968 10.014377 -240.532364
v -4.075968 27.413288 -240.532364
v 2.235338 1.586679 -240.543671
v -1.037984 6.029058 -240.543671
v -4.075968 14.079124 -240.532364
v -6.226332 27.413288 -240.543671
v 2.235338 -13.273806 -240.543671
v -4.075968 8.021718 -240.532364
v -4.075968 6.029058 -240.532364
v 2.000000 6.029058 -250.805801
v -3.278481 9.029058 -250.805801
v -3.278481 12.029058 -250.805801
v 1.954391 22.370491 -250.749893
v 1.963629 27.257591 -250.719727
v -8.337094 27.344835 -250.711975
v -16.357525 27.824814 -250.177628
v -1.037984 6.029058 -250.805801
v -6.187593 27.292179 -250.713058
v 2.617594 -13.273806 -250.805801
v -3.278481 8.021718 -250.805801
v -3.278481 15.308519 -249.584152
v 1.943715 15.308519 -250.805801
v 2.617594 1.586679 -250.805801
v -3.278481 14.079124 -250.805801
v -3.278481 6.029058 -250.805801
v -3.266634 22.400288 -250.726730
v -3.278438 15.308433 -250.805115
v 2.000107 6.028909 -251.806549
v -1.037982 8.029056 -251.805817
v -3.278481 8.021718 -251.805801
v 2.001075 6.027555 -252.813278
v -3.278481 12.029058 -252.805801
v -3.278387 14.078938 -252.804306
v -3.246119 22.346302 -252.634979
v -3.207568 27.167414 -252.595459
v -3.277651 15.306868 -252.792603
v -1.037984 7.029058 -250.805801
v 2.000107 7.028909 -250.806549
v -3.278481 7.029058 -250.805801
v -1.037984 7.029058 -251.805801
v 2.002337 7.025791 -251.822067
v -3.278481 7.029058 -251.805801
v 2.005308 7.021639 -252.842743
v 2.005308 8.021639 -251.842743
v -1.037433 8.028288 -252.809631
v 2.009908 8.015208 -252.874741
v -3.278481 8.029058 -252.805801
v 2.001640 6.026765 -253.817200
v -3.278481 12.029058 -253.805786
v 2.382256 1.586679 -253.805786
v -3.278169 14.078503 -253.800827
v 2.382256 -13.273806 -253.805786
v -3.235030 22.318554 -253.588440
v -3.190254 27.122984 -253.545364
v -3.277103 15.305778 -253.783890
v 2.006633 7.019787 -253.851944
v 2.011945 8.012362 -253.888901
v -1.037021 9.027712 -252.812500
v 2.011945 9.012362 -252.888916
v -3.278481 9.029058 -252.805801
v -1.036485 9.026962 -253.816223
v 2.014418 9.008905 -253.906113
v -3.278481 9.029058 -253.805786
v 2.001075 6.027555 -254.813278
v -1.037021 10.027712 -253.812500
v 2.005308 7.021639 -254.842728
v 2.009908 8.015208 -254.874725
v 2.011945 9.012362 -254.888901
v 2.011945 10.012362 -253.888901
v -3.278481 10.029058 -253.805786
v -1.037433 10.028288 -254.809631
v 2.009535 10.021904 -254.877487
v -3.278481 10.029058 -254.805786
v -3.278481 11.029058 -255.805786
v -1.038049 11.030218 -255.806274
v 1.999377 11.078897 -255.843933
v 2.004192 11.041657 -254.850983
v -3.278481 11.029058 -254.805786
v -1.037982 11.029057 -254.805801
v 2.003817 10.048405 -255.853760
v 2.006433 9.023387 -255.853424
v 2.005308 8.021639 -255.842728
v 2.002337 7.025791 -255.822052
v -3.276210 15.304000 -255.769699
v -3.165021 27.065369 -255.472931
v -3.218097 22.278759 -255.517487
v -3.277711 14.077591 -255.793549
v 2.000107 6.028909 -255.806534
v -3.243169 27.265934 -250.697891
v 1.995312 11.113164 -257.413940
v 1.997426 10.075719 -257.384216
v 1.999519 9.040375 -257.370667
v 2.000030 8.029016 -257.364960
v 2.000000 7.029058 -257.364777
v -3.275988 15.303557 -257.325134
v -3.159683 27.062130 -257.018005
v -3.213759 22.270454 -257.057587
v 2.382256 -13.273806 -257.364777
v -3.277586 14.077343 -257.350525
v 2.382256 1.586679 -257.364777
v -1.038572 12.039618 -257.369110
v 1.994341 12.130579 -257.406616
v -1.038145 12.031946 -255.806976
v 1.996524 12.093178 -255.833023
v -3.278481 12.029058 -257.364777
v -6.224718 15.305307 -257.339111
v -6.080260 26.989367 -256.981201
v -6.225907 14.078279 -257.358032
v -6.090081 27.016781 -255.450211
v -1.037984 13.929983 -274.025452
v 2.382256 13.929983 -274.025452
v -3.278481 13.929983 -274.025452
v -9.123248 26.748737 -207.630249
v -3.605618 10.898085 -207.630249
v -17.311775 26.748737 -207.630249
v -4.996511 16.632584 -207.630249
v -5.191828 21.773333 -207.630859
v -5.249611 26.751183 -207.671738
v -7.190236 26.748739 -207.630264
v -4.449879 14.079124 -207.630249
v -12.941711 17.018332 -274.025452
v -10.487050 16.329386 -274.025452
v -3.278481 12.976165 -263.081940
v -1.037984 12.976165 -263.081940
v 2.382256 12.976165 -263.081940
v -12.941711 19.895252 -261.878754
v -10.487030 18.539886 -262.318237
v -3.278481 12.029058 -255.805786
v -6.147046 22.225445 -257.062042
v -6.224891 15.305653 -255.782913
v -6.225990 14.078444 -255.800385
v -6.226318 13.229564 -255.805588
v -14.557474 24.263075 -255.306808
v -6.152827 22.241795 -255.524506
v -10.892571 22.638889 -256.734192
v -14.363348 23.930981 -251.138702
v -9.571994 23.409924 -251.232010
v -8.368647 22.426229 -250.776764
v -16.539627 22.499760 -250.728394
v -6.213763 22.414082 -250.747269
v -8.376696 15.308518 -250.805801
v -16.565224 15.308518 -250.805801
v -6.226332 15.308518 -250.805801
v -7.964350 15.040777 -274.025452
v -7.964306 16.178745 -262.769836
v -7.960855 17.900949 -257.311279
v -7.165596 23.714340 -253.240173
v -3.278481 13.447829 -268.423798
v 2.382256 13.447829 -268.423798
v -1.037984 13.447829 -268.423798
v -12.941711 17.344353 -267.807922
v -10.487050 16.693659 -268.033051
v -7.964350 14.856079 -268.264404
v 2.949832 11.031562 -260.519287
v 3.314223 8.029058 -260.518250
v 3.964611 -13.273806 -260.518250
v 3.964611 1.586679 -260.518250
v 3.314223 11.029058 -268.423798
v 3.964611 8.029058 -268.423798
v 3.964611 -13.273806 -268.423798
v 3.964611 1.586679 -268.423798
v -6.226332 29.932249 -316.202332
v -6.226332 22.449045 -316.202332
v -6.226332 15.308518 -316.202332
v -35.293610 27.215298 -250.635162
v -35.365044 27.272346 -247.306213
v -35.429157 22.359304 -250.728455
v -42.711975 22.194088 -258.047394
v -42.906311 15.308518 -258.170593
v -35.541531 15.308518 -250.805801
v -42.906311 27.413288 -308.837555
v -35.463428 27.250940 -316.161652
v -42.906311 22.449045 -308.837555
v -35.541531 22.449045 -316.202332
v -35.541531 15.308518 -316.202332
v -42.906311 15.308518 -308.837555
v 2.382257 29.932249 -316.202332
v 3.166898 22.070889 -315.947845
v 2.382257 15.308518 -316.202332
v -19.404293 16.755562 -275.783539
v -19.404293 20.880222 -263.636841
v -20.518391 24.602209 -255.983429
v -19.851879 24.277248 -252.712769
v -19.404293 17.762850 -269.566010
v -28.055298 16.367474 -277.615356
v -28.146782 20.392948 -265.431549
v -29.381847 23.427284 -258.157928
v -29.503372 23.215897 -254.720291
v -28.055298 16.771591 -271.397827
v -32.323277 15.728660 -278.525818
v -32.323277 18.304325 -266.379120
v -32.259724 22.882710 -259.525482
v -33.528580 21.375496 -255.800888
v -32.323277 16.132778 -272.308289
v -35.541294 27.412800 -319.580322
v -42.147526 22.063354 -261.701263
v -41.870869 22.275906 -265.531128
v -42.343678 22.517334 -269.653564
v -43.283230 22.626064 -273.912872
v -43.649570 22.703955 -277.952881
v -43.360943 22.572662 -281.729614
v -42.967522 22.467651 -285.475555
v -42.906311 22.449045 -289.350281
v -42.906311 22.449045 -293.247742
v -42.939880 22.469353 -297.144531
v -43.444164 22.747194 -301.021881
v -42.939430 22.463993 -304.937561
v -42.806164 15.318260 -262.031006
v -42.699375 15.328648 -265.888947
v -42.813725 15.317525 -269.828705
v -42.946991 15.325219 -273.775879
v -42.999866 15.346928 -277.693420
v -42.946918 15.325191 -281.570770
v -42.906311 15.308518 -285.452820
v -42.906311 15.308518 -289.350281
v -42.906311 15.308518 -293.247742
v -42.906311 15.308518 -297.145203
v -42.906311 15.308518 -301.042664
v -42.906311 15.308518 -304.940094
v -45.446407 26.734259 -261.762207
v -42.282028 26.543858 -261.662872
v -42.697903 26.825058 -257.979523
v -45.897709 27.306185 -304.902954
v -45.893749 27.355595 -301.024597
v -45.840012 27.116646 -297.052429
v -45.893749 27.355595 -293.229675
v -45.888885 27.360016 -289.335785
v -45.802299 26.994389 -285.353363
v -46.066082 26.861189 -281.533142
v -46.326630 27.152142 -277.775055
v -46.216427 27.453186 -273.882904
v -42.877262 27.284113 -297.104797
v -42.863216 27.110006 -285.393341
v -45.756165 26.961964 -258.027649
v -45.906723 27.413288 -308.837555
v -45.748276 27.380011 -269.795349
v -45.381710 26.998394 -265.683990
v -42.905769 27.406845 -304.937866
v -42.905052 27.407696 -301.040894
v -42.905052 27.407694 -293.245972
v -42.898453 27.389820 -289.343872
v -43.207859 27.038261 -281.611908
v -43.509548 27.304068 -277.865540
v -43.330406 27.516205 -273.934387
v -42.661850 27.348410 -269.755798
v -42.196655 26.873817 -265.588989
v -45.712498 29.871124 -261.891113
v -45.795216 30.076399 -258.064209
v -42.906311 30.413288 -308.837555
v -45.904709 30.389336 -308.829254
v -42.628567 29.716452 -261.829712
v -42.756878 29.961823 -258.028015
v -45.874275 30.027775 -304.806427
v -45.865639 30.215612 -300.980011
v -45.776985 29.836405 -296.964813
v -45.867897 30.240643 -293.193726
v -45.874542 30.317188 -289.324158
v -45.741970 29.859060 -285.310822
v -45.857830 29.616886 -281.425293
v -46.062229 29.940428 -277.652771
v -46.043667 30.356157 -273.807831
v -45.908405 30.391256 -269.859558
v -45.742210 30.081558 -265.839539
v -42.897301 30.306232 -304.902985
v -42.893341 30.355618 -301.024597
v -42.839611 30.116707 -297.052460
v -42.893341 30.355616 -293.229675
v -42.888477 30.360027 -289.335815
v -42.797283 29.992743 -285.351562
v -42.966862 29.818775 -281.496246
v -43.183521 30.092646 -277.721161
v -43.114845 30.413794 -273.843842
v -42.895512 30.364145 -269.849701
v -42.648800 29.972338 -265.782959
v -37.907745 27.342442 -253.199677
v -40.383705 27.208813 -255.651093
v -37.973320 22.430569 -253.244812
v -40.434525 22.398108 -255.699585
v -37.996456 15.308518 -253.260742
v -40.451385 15.308518 -255.715668
v -38.932911 27.362431 -250.964844
v -42.408577 27.283125 -254.548538
v -38.996582 27.413269 -315.999481
v -42.451660 27.413288 -312.418518
v -40.451385 22.449045 -311.292480
v -37.996460 22.449045 -313.747406
v -37.996452 27.413284 -313.747406
v -40.451385 27.413288 -311.292480
v -40.451385 15.308518 -311.292480
v -37.996460 15.308518 -313.747406
v -37.937168 30.365940 -253.219925
v -40.406620 30.278046 -255.672958
v -38.956936 30.381620 -250.981369
v -42.425980 30.335699 -254.565140
v -38.953678 30.324087 -315.977142
v -42.451660 30.413288 -312.418518
v -37.954273 30.325609 -313.725433
v -40.451385 30.413288 -311.292480
v -3.484221 15.308518 -316.202332
v -0.742110 15.308518 -316.202332
v -0.742110 15.308518 -319.580444
v -3.484221 15.308518 -319.580444
v 2.382257 15.308518 -319.580444
v -6.226332 15.308518 -319.580444
v 5.058612 29.932249 -316.202332
v 4.273971 21.816393 -316.202332
v 5.058612 15.308518 -316.202332
v 5.058612 29.932249 -319.580444
v 5.058612 21.033188 -319.580444
v 5.058612 15.308518 -319.580444
v 2.382257 29.932249 -319.580444
v -6.226332 29.932249 -319.580444
v -20.223499 27.684708 -250.391495
v -24.084648 27.416426 -250.706512
v -27.703087 27.215298 -250.635162
v -31.375690 27.117344 -250.550735
v -20.352379 22.465107 -250.781281
v -24.149141 22.443771 -250.801254
v -27.838634 22.359304 -250.728455
v -31.563202 22.302849 -250.679794
v -20.360485 15.308518 -250.805801
v -24.155746 15.308518 -250.805801
v -27.951008 15.308518 -250.805801
v -31.746269 15.308518 -250.805801
v -20.266172 27.600155 -247.142456
v -24.123299 27.409779 -247.386536
v -27.774521 27.272346 -247.306213
v -31.476559 27.197897 -247.242065
v -16.298332 30.942101 -249.998596
v -16.370977 30.798162 -246.840210
v -31.457882 30.182983 -250.607300
v -35.351326 30.261391 -250.674881
v -35.410580 30.308710 -247.337555
v -31.538067 30.247017 -247.284393
v -20.181931 30.767069 -250.265778
v -24.090313 30.462545 -250.675461
v -27.760803 30.261391 -250.674881
v -20.233379 30.665133 -247.043274
v -24.127008 30.439581 -247.366531
v -27.820057 30.308710 -247.337555
v -31.353645 27.413288 -319.580444
v -27.165760 27.413288 -319.580444
v -22.977875 27.413288 -319.580444
v -18.789989 27.413288 -319.580444
v -14.602102 27.413288 -319.580444
v -10.414217 27.413288 -319.580444
v -31.353645 15.308518 -316.202332
v -27.165760 15.308518 -316.202332
v -22.977875 15.308518 -316.202332
v -18.789989 15.308518 -316.202332
v -14.602102 15.308518 -316.202332
v -10.414217 15.308518 -316.202332
v -10.414217 22.449045 -316.202332
v -14.602102 22.449045 -316.202332
v -18.789989 22.449045 -316.202332
v -22.977875 22.449045 -316.202332
v -27.165760 22.449045 -316.202332
v -31.353645 22.449045 -316.202332
v -10.414217 27.413288 -316.202332
v -14.602102 27.413288 -316.202332
v -18.789989 27.413288 -316.202332
v -22.977875 27.413288 -316.202332
v -27.165760 27.413288 -316.202332
v -31.353645 27.413288 -316.202332
v -6.226332 27.413288 -319.580444
v -6.226332 32.932251 -319.580444
v -35.260399 29.828918 -316.055908
v -35.492825 30.312046 -319.555084
v -31.347416 30.400341 -316.199097
v -6.226332 32.932251 -316.202332
v -31.353645 30.413288 -319.580444
v -27.165760 30.413288 -319.580444
v -22.977875 30.413288 -319.580444
v -18.789989 30.413288 -319.580444
v -14.602102 30.413288 -319.580444
v -8.320274 27.413288 -319.580444
v -14.602102 30.413288 -316.202332
v -18.789989 30.413288 -316.202332
v -22.977875 30.413288 -316.202332
v -27.165760 30.413288 -316.202332
v -0.919635 15.308518 -289.099396
v -3.360777 15.308518 -289.099396
v 2.382257 15.308518 -289.099396
v -8.320274 29.932249 -319.580444
v -8.320274 15.308518 -316.202332
v -8.320274 22.449045 -316.202332
v -8.320274 29.932249 -316.202332
v -8.320274 32.932251 -319.580444
v -8.320274 32.932251 -316.202332
v -25.498539 23.431301 -252.987488
v -25.455048 23.945850 -257.317352
v -24.162346 20.871605 -264.644348
v -24.176073 17.649794 -270.902802
v -24.162346 16.696234 -276.791046
v -36.511974 15.308852 -278.526123
v -36.448372 16.813511 -266.355896
v -38.062206 19.755846 -259.853668
v -37.749466 19.084507 -255.823608
v -36.511162 15.308517 -272.308289
v -42.906311 15.308518 -310.740540
v -48.386082 15.312538 -278.529541
v -48.306881 16.157396 -266.353455
v -46.683605 16.587673 -259.883453
v -49.614594 14.740572 -255.823608
v -48.376289 15.308517 -272.308289
v 3.314223 11.029058 -274.025482
v 3.964611 8.029058 -274.025482
v 3.964611 -13.273806 -274.025482
v 3.964611 1.586679 -274.025482
v 3.314223 11.029058 -289.099426
v 3.964611 8.029058 -289.099426
v 3.964611 -13.273806 -289.099426
v 3.964611 1.586679 -289.099426
v 5.058612 11.029058 -316.202332
v 5.058612 8.029058 -316.202332
v 5.058612 -13.273806 -316.202332
v 5.058612 1.586679 -316.202332
v 5.058612 11.029058 -319.580444
v 5.058612 8.029058 -319.580444
v 5.058612 -13.273806 -319.580444
v 5.058612 1.586679 -319.580444
v 2.000000 6.029058 -257.364777
v 2.382257 21.033188 -319.580444
v 5.058612 32.932251 -316.202332
v 2.382257 32.932251 -316.202332
v 5.058612 32.932251 -319.580444
v 2.382257 32.932251 -319.580444
v 5.058612 31.432249 -316.202332
v 2.382257 31.432249 -316.202332
v 2.382257 31.432249 -319.580444
v 5.058612 31.432249 -319.580444
v -6.226332 31.432249 -316.202332
v -8.320274 27.413288 -316.202332
v -6.226332 27.413288 -316.202332
v -6.226332 31.432249 -319.580444
v -8.320274 31.432249 -319.580444
v -8.320274 31.432249 -316.202332
v -35.541531 15.308518 -319.580444
v -31.353645 15.308518 -319.580444
v -27.165760 15.308518 -319.580444
v -22.977875 15.308518 -319.580444
v -18.789989 15.308518 -319.580444
v -14.602102 15.308518 -319.580444
v -10.414217 15.308518 -319.580444
v -8.320274 15.308518 -319.580444
v -14.602102 22.449045 -319.580444
v -18.789989 22.449045 -319.580444
v -22.977875 22.449045 -319.580444
v -27.165760 22.449045 -319.580444
v -31.353645 22.449045 -319.580444
v -35.541531 22.449045 -319.580444
v -10.414217 22.449045 -319.580444
v -8.320274 22.449047 -319.580444
v -6.226332 22.449047 -319.580444
v -0.742110 14.748821 -321.478485
v -3.484221 14.748821 -321.478485
v 2.382257 14.748821 -321.478485
v -6.226332 14.748821 -321.478485
v 5.058612 14.748821 -321.478485
v 5.058612 11.029058 -321.800507
v 5.058612 8.029058 -321.800507
v 5.058612 -13.273806 -321.800507
v 5.058612 1.586679 -321.800507
v -35.541531 14.748821 -321.478485
v -31.353645 14.748821 -321.478485
v -27.165760 14.748821 -321.478485
v -22.977875 14.748821 -321.478485
v -18.789989 14.748821 -321.478485
v -14.602102 14.748821 -321.478485
v -10.414217 14.748821 -321.478485
v -8.320274 14.748821 -321.478485
v -0.742110 14.402637 -331.109772
v -3.484221 14.402637 -331.109772
v 2.382257 14.402637 -331.109772
v -6.226332 14.402637 -331.109772
v 5.058612 14.402637 -331.109772
v 5.058612 11.483798 -331.109772
v 5.058612 8.483798 -331.109772
v 5.058612 -13.273806 -331.109772
v 5.058612 2.041419 -331.109772
v -35.541531 14.402637 -331.109772
v -31.353645 14.402637 -331.109772
v -27.165760 14.402637 -331.109772
v -22.977875 14.402637 -331.109772
v -18.789989 14.402637 -331.109772
v -14.602102 14.402637 -331.109772
v -10.414217 14.402637 -331.109772
v -8.320274 14.402637 -331.109772
v -0.742110 15.308518 -332.848572
v -3.484221 15.308518 -332.848572
v 2.382257 15.308518 -332.848572
v -6.226332 15.308518 -332.848572
v 5.058612 15.308518 -332.848572
v 5.058612 11.029058 -332.848541
v 5.058612 8.029058 -332.848541
v 5.058612 -13.273806 -332.848541
v 5.058612 1.586679 -332.848541
v -35.541531 15.308518 -332.848572
v -31.353645 15.308518 -332.848572
v -27.165760 15.308518 -332.848572
v -22.977875 15.308518 -332.848572
v -18.789989 15.308518 -332.848572
v -14.602102 15.308518 -332.848572
v -10.414217 15.308518 -332.848572
v -8.320274 15.308518 -332.848572
v -8.320274 9.706520 -328.861420
v -8.320274 9.713833 -323.644623
v -10.414217 9.713829 -323.644623
v -10.414217 9.706516 -328.861420
v 5.058612 6.787665 -328.861389
v 5.058612 6.794993 -323.644592
v 5.058612 9.713825 -323.644623
v 5.058612 9.706513 -328.861420
v -6.226332 9.706516 -328.861420
v -6.226332 9.713829 -323.644623
v -31.353645 9.706513 -328.861420
v -31.353645 9.713825 -323.644623
v -35.541531 9.713825 -323.644623
v -35.541531 9.706513 -328.861420
v -0.742110 9.706514 -328.861420
v -0.742110 9.713826 -323.644623
v -3.484221 9.713827 -323.644623
v -3.484221 9.706514 -328.861420
v 2.382257 9.713825 -323.644623
v 2.382257 9.706514 -328.861420
v -27.165760 9.706513 -328.861420
v -27.165760 9.713825 -323.644623
v -22.977875 9.706514 -328.861420
v -22.977875 9.713825 -323.644623
v -18.789989 9.706514 -328.861420
v -18.789989 9.713826 -323.644623
v 5.058612 3.787667 -328.861389
v 5.058612 3.794991 -323.644592
v -14.602102 9.706514 -328.861420
v -14.602102 9.713827 -323.644623
v 5.058612 -13.273806 -328.861389
v 5.058612 -13.273806 -323.644592
v 5.058612 -2.647388 -323.644592
v 5.058612 -2.654712 -328.861389
v 5.058612 -3.704222 -326.252991
v 5.058612 2.738156 -326.252991
v -10.414217 8.657000 -326.253021
v -14.602102 8.656998 -326.253021
v 5.058612 -13.273806 -326.252991
v -18.789989 8.656997 -326.253021
v 5.058612 5.738156 -326.252991
v -22.977875 8.656997 -326.253021
v 2.382257 8.656997 -326.253021
v -0.742110 8.656997 -326.253021
v -27.165760 8.656997 -326.253021
v -3.484221 8.656998 -326.253021
v -6.226332 8.657000 -326.253021
v -31.353645 8.656996 -326.253021
v 5.058612 8.656997 -326.253021
v -35.541531 8.656996 -326.253021
v -8.320274 8.657003 -326.253021
v -45.906723 21.033188 -308.837555
v -45.906723 15.308517 -308.837555
v -40.724129 21.033188 -314.208984
v -40.724129 15.308518 -314.208984
v -40.724129 15.308518 -319.580444
v -40.724129 14.748821 -321.478485
v -40.724129 14.402637 -331.109772
v -40.724129 15.308518 -332.848572
v -40.724129 9.713825 -323.644623
v -40.724129 9.706513 -328.861420
v -40.724129 8.656996 -326.253021
v -45.906723 15.308518 -319.580444
v -47.248829 14.748821 -320.922546
v -54.059185 14.402637 -327.732910
v -55.288692 15.308518 -328.962402
v -48.780529 9.713825 -322.454254
v -52.469353 9.706513 -326.143066
v -50.624947 8.656996 -324.298676
v -47.248829 14.748820 -308.236389
v -54.059185 14.402637 -308.236389
v -55.288692 15.308517 -308.236389
v -48.780529 9.713823 -308.236389
v -52.469353 9.706512 -308.236389
v -50.624947 8.656995 -308.236389
v -0.978809 14.619251 -282.460846
v -3.319629 14.619251 -282.460846
v 2.382257 14.619251 -282.460846
v -8.142313 15.174647 -283.164948
v -10.450634 15.818952 -283.770569
v -13.771908 16.163425 -284.563354
v -19.097141 16.032040 -285.445190
v -23.570110 16.142498 -286.232971
v -27.610531 15.988624 -286.357452
v -31.838459 15.669216 -286.098969
v -36.026344 15.308517 -284.711029
v -46.125275 15.313491 -281.985107
v 3.964611 8.029058 -282.460846
v 3.964611 1.586679 -282.460846
v 3.964611 -13.273806 -282.460846
v 3.314223 11.029058 -282.460846
v -10.414217 29.932249 -319.580444
v -10.414217 29.932249 -316.202332
v 3.248101 15.149427 -18.657715
v 3.332879 20.714291 -19.397522
v -3.332879 21.877861 -19.397522
v -16.565224 21.877861 -19.397522
v -3.038451 7.552421 -16.828156
v -2.926591 3.032226 -16.828156
v -63.465370 21.877861 -19.397522
v 0.000000 0.000000 -16.828156
v 0.747545 21.877861 -19.397522
v 0.000000 8.761547 -16.828156
v 2.000000 -14.294268 -16.828156
v 2.573380 8.821468 -16.828156
v 3.056621 9.506499 -16.980240
v -2.463295 1.516112 -16.828156
v 2.079972 -0.225096 3.845215
v 1.760891 0.000000 2.831451
v 2.000000 -0.239463 -3.959702
v 1.760891 0.000000 -3.959702
v 2.000000 -0.239463 -6.779205
v 1.760891 0.000000 -6.779205
v 2.000000 -0.239463 -11.437683
v 1.760891 0.000000 -11.437683
v 2.000000 -0.239463 -22.217468
v 1.760891 0.000000 -22.217468
v 2.000000 -0.239463 -27.836029
v 1.760891 0.000000 -27.836029
v 2.000001 -0.239463 -33.406860
v 1.760891 0.000000 -33.406860
v 2.000000 1.597641 -64.058197
v 1.760891 1.837104 -64.058197
v 1.760891 0.228940 -36.380890
v 2.000000 -0.010523 -36.380890
v 2.002609 2.305167 -87.631348
v 1.760844 2.537643 -87.528824
v 1.984053 1.837104 -75.398315
v 2.227931 1.597677 -75.429550
v 2.533675 -14.294268 -77.564041
v 2.228655 1.595456 -79.497452
v 1.983417 1.837104 -79.540550
v 2.228293 1.596566 -77.463501
v 2.000000 3.999863 -119.355591
v 1.760844 4.237830 -119.355591
v 1.760891 4.237830 -141.078308
v 2.000000 3.998689 -141.078308
v 1.764016 -0.204549 -126.629417
v 2.000000 -0.204549 -126.365570
v 2.000000 -0.204549 -133.848938
v 1.762424 -0.204549 -133.636627
v 2.000000 4.769454 -173.942627
v 1.760891 5.008595 -173.942627
v 2.134809 4.769454 -187.505280
v 1.760891 5.008595 -187.505280
v 2.134809 4.769454 -192.735947
v 1.760891 5.008595 -192.525360
v 1.760891 0.000000 -1.169586
v 2.000000 -0.239463 -1.169586
v 1.763173 -14.294268 -126.262199
v 2.000000 -14.294268 -126.002586
v 2.000000 -14.294268 -133.415436
v 1.766126 -14.294268 -133.225861
v 2.047025 3.480534 -126.238228
v 1.807706 3.613226 -126.446495
v 2.017846 4.000533 -125.966888
v 1.760844 4.237830 -126.084190
v 2.000000 3.998689 -134.420486
v 1.760891 4.237830 -134.322067
v 1.760892 3.757270 -133.837402
v 2.000000 3.634130 -134.062469
v 1.775067 5.089703 -197.652588
v 2.134809 4.769454 -197.427643
v 1.760891 0.000000 -16.828156
v 2.000000 -0.239463 -16.828156
v 2.315772 2.722650 -77.467766
v 2.253224 6.029058 -215.733612
v 2.517927 5.635367 -215.370361
v 2.672021 5.634240 -219.557373
v 2.244466 6.029058 -219.793823
v 2.235338 5.634240 -224.409058
v 1.839002 6.029058 -224.409058
v 1.839002 6.029058 -249.584137
v 2.269187 5.635694 -249.692322
v 2.235338 5.638041 -214.774323
v 1.793303 6.032248 -214.763153
v 2.235338 5.634240 -225.938721
v 1.839002 6.029058 -225.938721
v 1.839002 6.029058 -241.484619
v 2.235338 5.634240 -241.484619
v 1.839002 6.029058 -240.543671
v 2.235338 5.634240 -240.543671
v 2.134809 3.430744 -187.505280
v -1.408596 3.748839 -214.559326
v -1.408596 3.571050 -210.264526
v -1.408596 3.309004 -203.934357
v -1.408596 3.101956 -198.932770
v -1.408596 3.070745 -198.178818
v -1.184406 1.796648 -198.178802
v -1.184406 1.827859 -198.932770
v -1.184406 2.034906 -203.934357
v -1.184406 2.344739 -210.079102
v -1.184406 2.614908 -214.015503
v 1.149583 1.796648 -198.178802
v 1.149583 1.827859 -198.932770
v 1.149583 2.034906 -203.934357
v 1.149583 2.344739 -210.079102
v 1.149583 2.614908 -214.015503
v 1.408595 4.090993 -198.239731
v 1.408595 4.122205 -199.000687
v 1.408595 4.329251 -204.048645
v 1.408595 4.591298 -210.270096
v 1.408595 4.725511 -214.281067
v 0.000000 1.796648 -198.178802
v 0.000000 1.827859 -198.932770
v 0.000000 2.034906 -203.934357
v 0.000000 2.344739 -210.079102
v 0.000000 2.614908 -214.015503
v 0.000000 3.870553 -198.488113
v 0.000000 3.905845 -199.218399
v 0.000000 4.139960 -204.062897
v 0.000000 4.436265 -209.971527
v 0.000000 4.637298 -213.700836
v 2.592828 3.825658 -219.544830
v -1.408596 3.037134 -197.366913
v -1.184406 1.763038 -197.366898
v 1.149583 1.763038 -197.366898
v 1.408595 4.057383 -197.420288
v 0.000000 1.763038 -197.366898
v 0.000000 3.832549 -197.701691
v -1.759742 0.000000 1.340179
v -2.052405 0.201857 1.302536
v -2.052630 0.202728 -3.959717
v -1.788179 0.000000 -3.959702
v -1.788179 0.000000 -6.779205
v -2.080344 0.193426 -6.779205
v -1.788179 0.000000 -11.437683
v -2.064426 0.199294 -11.437683
v -2.068439 0.197951 -22.217468
v -1.788179 0.000000 -22.217468
v -1.788179 0.000000 -27.836029
v -2.053283 0.202558 -27.836029
v -1.788179 0.000000 -33.406860
v -2.067944 0.198122 -33.406860
v -1.788179 1.837104 -64.058197
v -2.101335 2.020364 -64.058197
v -1.788179 0.228940 -36.380890
v -2.058040 0.430204 -36.380890
v -1.790710 2.537643 -87.528824
v -2.038678 2.743934 -87.528824
v -2.031950 2.044063 -74.876534
v -1.788179 1.837104 -74.841797
v -1.790725 1.837104 -80.102386
v -2.033344 2.039962 -80.082687
v -1.790710 4.237830 -119.355591
v -2.038678 4.444120 -119.355591
v -2.123948 4.406492 -141.078308
v -1.790710 4.237830 -141.078308
v -1.789236 -0.204549 -133.586288
v -2.103382 -0.204549 -133.385239
v -2.149242 -0.204549 -127.299118
v -1.789486 -0.204549 -127.058304
v -1.790710 5.008595 -173.942627
v -2.123948 5.177258 -173.942627
v -2.045371 5.512628 -198.220840
v -1.790696 5.305468 -198.195007
v -1.790710 5.008595 -192.517670
v -2.123948 5.177258 -192.463715
v -1.790710 5.008595 -187.505280
v -2.123948 5.177258 -187.505280
v -2.413312 0.000000 -1.169586
v -2.678217 0.204478 -1.133362
v -1.791833 -14.294268 -133.220398
v -2.112639 -14.294268 -133.010544
v -2.150350 -14.294268 -127.331161
v -1.795693 -14.294268 -127.047028
v -2.105544 3.812623 -133.301849
v -1.790614 3.757362 -133.511292
v -1.790710 4.237830 -133.986877
v -2.055867 4.446744 -133.895447
v -2.204294 4.285951 -126.380341
v -1.790710 4.237830 -126.087738
v -1.790604 3.760118 -126.623985
v -2.204294 3.893027 -126.819672
v -1.788179 0.000000 -16.828156
v -2.061210 0.200305 -16.828156
v 2.199931 -0.203544 5.225067
v 2.199931 -14.294268 5.225067
v -4.075968 6.330508 -225.938721
v -63.465370 20.697750 -64.058197
v -5.812565 12.029058 -257.364777
v -6.344895 12.430111 -257.364777
v -6.226332 12.281512 -257.036957
v -6.226332 12.442825 -257.364777
v -5.812565 13.929983 -274.025452
v -6.575329 14.016128 -274.025452
v -5.812565 12.976165 -263.081940
v -6.422969 13.201606 -263.046692
v -5.812565 13.447829 -268.423798
v -6.547029 13.570772 -268.394379
v -6.639501 15.267970 -288.881042
v -5.812565 15.308518 -289.099396
v -35.541531 15.308517 -290.319519
v -35.576035 15.308517 -289.534027
v -31.386009 15.332597 -291.369751
v -31.353645 15.308517 -292.153595
v -27.191307 15.347586 -292.800537
v -27.165760 15.308517 -293.580994
v -23.009396 15.352907 -293.375519
v -22.977875 15.308517 -294.156342
v -18.804756 15.343305 -293.595703
v -18.789989 15.308517 -294.376404
v -14.561739 15.350082 -292.792084
v -14.602102 15.308517 -293.582703
v -10.416077 15.334579 -291.221283
v -10.414217 15.308517 -291.997131
v -8.320274 15.308517 -290.785919
v -8.310438 15.301118 -290.002472
v -44.271690 15.309265 -283.784607
v -43.883308 15.308517 -284.802246
v -6.626904 14.598461 -282.608032
v -5.812565 14.619251 -282.460846
v -63.465370 20.639685 -87.528824
v -63.465370 19.939144 -75.793510
v -63.465370 19.939144 -79.334564
v -63.465370 19.939144 -77.472031
v 3.166898 22.665203 -315.947845
v 4.273971 22.919701 -316.202332
v 5.058612 23.702906 -319.580444
v 2.382257 23.702906 -319.580444
v 2.382257 21.033188 -316.202332
v 5.058612 21.033188 -316.202332
v 2.382257 23.702906 -316.202332
v 5.058612 23.702906 -316.202332
v 3.166898 22.070889 -315.117554
v 4.273971 21.816393 -314.863037
v 3.166898 22.665203 -315.117554
v 4.273971 22.919701 -314.863037
v 3.166898 21.816393 -316.202332
v 3.166898 22.919701 -316.202332
v 3.166898 21.816393 -314.863037
v 3.166898 22.919701 -314.863037
v -0.105926 22.070889 -315.947845
v -0.105926 22.665203 -315.947845
v -0.105926 22.070889 -315.117554
v -0.105926 22.665203 -315.117554
v 2.662529 1.861508 6.680740
v 2.370018 -14.294268 7.181519
v 2.370018 -0.172986 7.181519
v -3.333766 19.135063 -50.219543
v -3.352573 7.860885 -50.219543
v -2.670403 15.667061 -50.219543
v -5.225881 20.697750 -50.219543
v -16.565224 20.697750 -50.219543
v -3.676487 5.018340 -50.219543
v 0.000000 1.033022 -50.219543
v -3.016088 10.271946 -50.212280
v -4.279824 20.697750 -50.219543
v 2.000000 -14.294268 -50.219543
v -2.723305 11.785089 -50.217896
v -2.838243 3.025681 -50.219543
v 2.000000 0.793559 -50.219543
v 1.760891 1.033022 -50.219543
v -2.079687 1.225285 -50.219543
v -1.788179 1.033022 -50.219543
v -63.465370 20.697750 -50.219543
vt 0.349631 0.650256
vt 0.360816 0.650241
vt 0.360418 0.656923
vt 0.349622 0.657190
vt 0.539047 0.683716
vt 0.538564 0.674507
vt 0.541630 0.674459
vt 0.542117 0.684087
vt 0.690164 0.408014
vt 0.690195 0.424320
vt 0.632240 0.421377
vt 0.632240 0.408060
vt 0.610626 0.701071
vt 0.610570 0.686337
vt 0.628392 0.687244
vt 0.628658 0.704702
vt 0.624415 0.666307
vt 0.621654 0.668916
vt 0.607583 0.669461
vt 0.596621 0.669839
vt 0.600868 0.658199
vt 0.624364 0.655423
vt 0.030364 0.824260
vt 0.027717 0.805812
vt 0.082443 0.805817
vt 0.082443 0.821617
vt 0.029375 0.868944
vt 0.030085 0.857604
vt 0.082443 0.846870
vt 0.082443 0.861432
vt 0.013933 0.805811
vt 0.000097 0.805830
vt 0.000048 0.782148
vt 0.013094 0.782120
vt 0.027692 0.782121
vt 0.082418 0.782126
vt 0.033235 0.837426
vt 0.082443 0.834244
vt 0.959802 0.714529
vt 0.946021 0.714436
vt 0.945757 0.700418
vt 0.959802 0.700541
vt 0.082442 0.952577
vt 0.027717 0.952572
vt 0.013933 0.870932
vt 0.013933 0.952571
vt 0.374009 0.747223
vt 0.387656 0.747140
vt 0.387315 0.761360
vt 0.373438 0.761439
vt 0.756123 0.528257
vt 0.752946 0.443500
vt 0.783140 0.448378
vt 0.783140 0.528235
vt 0.690164 0.398940
vt 0.632240 0.398986
vt 0.698353 0.528302
vt 0.690682 0.528308
vt 0.690183 0.445929
vt 0.698353 0.444782
vt 0.943107 0.468040
vt 0.941796 0.458967
vt 0.950372 0.458957
vt 0.950390 0.468031
vt 0.554229 0.672196
vt 0.552509 0.675319
vt 0.545550 0.674398
vt 0.545398 0.665240
vt 0.556954 0.665043
vt 0.935712 0.468049
vt 0.933108 0.458977
vt 0.000149 0.862984
vt 0.013933 0.860445
vt 0.000149 0.872709
vt 0.932443 0.714538
vt 0.932000 0.703415
vt 0.946743 0.751483
vt 0.936691 0.749166
vt 0.932749 0.723198
vt 0.946185 0.723097
vt 0.707167 0.528295
vt 0.707167 0.441545
vt 0.707270 0.428877
vt 0.751584 0.431676
vt 0.373437 0.649342
vt 0.373116 0.656627
vt 0.358609 0.672840
vt 0.348172 0.672989
vt 0.388494 0.703219
vt 0.401214 0.703087
vt 0.399677 0.738082
vt 0.387866 0.738354
vt 0.370676 0.672454
vt 0.943157 0.492361
vt 0.950440 0.492352
vt 0.950476 0.509884
vt 0.943193 0.509893
vt 0.549759 0.650003
vt 0.566429 0.649710
vt 0.358607 0.690557
vt 0.348170 0.690701
vt 0.620467 0.631787
vt 0.598417 0.636999
vt 0.690164 0.321289
vt 0.690164 0.339562
vt 0.632240 0.339608
vt 0.632240 0.321335
vt 0.935798 0.509901
vt 0.943229 0.527420
vt 0.935833 0.527429
vt 0.596952 0.625443
vt 0.573921 0.631320
vt 0.573367 0.614293
vt 0.595488 0.613889
vt 0.619784 0.622623
vt 0.348967 0.708142
vt 0.359600 0.707937
vt 0.360444 0.726353
vt 0.350170 0.726666
vt 0.082408 0.772956
vt 0.027682 0.772951
vt 0.027668 0.763785
vt 0.082394 0.763790
vt 0.010806 0.772950
vt 0.000041 0.772977
vt 0.000000 0.763821
vt 0.010793 0.763784
vt 0.372068 0.707456
vt 0.371003 0.725746
vt 0.542496 0.615061
vt 0.542960 0.632582
vt 0.537397 0.632666
vt 0.536904 0.615143
vt 0.950511 0.527412
vt 0.027637 0.745524
vt 0.082378 0.745523
vt 0.006408 0.745582
vt 0.014008 0.745523
vt 0.616834 0.613503
vt 0.592864 0.595694
vt 0.611126 0.595388
vt 0.366635 0.744371
vt 0.362094 0.744531
vt 0.621993 0.595262
vt 0.609189 0.577396
vt 0.619811 0.577248
vt 0.373438 0.743740
vt 0.691107 0.293499
vt 0.690164 0.303171
vt 0.632240 0.303217
vt 0.632240 0.293545
vt 0.027604 0.727418
vt 0.082343 0.727418
vt 0.594670 0.577631
vt 0.370608 0.754025
vt 0.367550 0.754349
vt 0.935907 0.563821
vt 0.943303 0.563812
vt 0.943308 0.573491
vt 0.935913 0.573499
vt 0.619623 0.522652
vt 0.612850 0.522738
vt 0.615330 0.477720
vt 0.618916 0.477706
vt 0.576221 0.523406
vt 0.566405 0.523571
vt 0.566757 0.478550
vt 0.577625 0.478407
vt 0.697655 0.166490
vt 0.697735 0.203481
vt 0.632240 0.203532
vt 0.632061 0.165347
vt 0.082334 0.672740
vt 0.035437 0.672736
vt 0.043266 0.627729
vt 0.082334 0.627732
vt 0.598328 0.522972
vt 0.600717 0.477947
vt 0.935996 0.663554
vt 0.943391 0.663546
vt 0.943464 0.699179
vt 0.936067 0.698626
vt 0.582352 0.523266
vt 0.586011 0.478218
vt 0.935954 0.618527
vt 0.943350 0.618518
vt 0.595938 0.567998
vt 0.610370 0.567755
vt 0.027608 0.717744
vt 0.082334 0.717749
vt 0.694421 0.248490
vt 0.632240 0.248539
vt 0.573815 0.578062
vt 0.566487 0.578242
vt 0.565986 0.568586
vt 0.574818 0.568405
vt 0.620329 0.567599
vt 0.632081 0.127183
vt 0.632240 0.023693
vt 0.690308 0.023647
vt 0.700650 0.126813
vt 0.082286 0.578066
vt 0.046604 0.578063
vt 0.048464 0.551396
vt 0.082330 0.551399
vt 0.614242 0.428076
vt 0.599674 0.428307
vt 0.602001 0.401628
vt 0.616545 0.401395
vt 0.952816 0.468704
vt 0.960222 0.468672
vt 0.960847 0.572224
vt 0.953441 0.572256
vt 0.586647 0.428538
vt 0.587090 0.401867
vt 0.041206 0.578063
vt 0.035809 0.578062
vt 0.037669 0.551395
vt 0.043067 0.551395
vt 0.577852 0.428739
vt 0.565252 0.429122
vt 0.567445 0.402177
vt 0.577760 0.402014
vt 0.565570 0.440403
vt 0.577431 0.440190
vt 0.037868 0.627728
vt 0.032423 0.627746
vt 0.035024 0.589579
vt 0.040422 0.589579
vt 0.586092 0.440035
vt 0.599916 0.439813
vt 0.546302 0.523912
vt 0.538617 0.524020
vt 0.540653 0.478967
vt 0.548234 0.478844
vt 0.614494 0.439583
vt 0.045819 0.589580
vt 0.082286 0.589583
vt 0.950632 0.618510
vt 0.950674 0.663537
vt 0.577466 0.434721
vt 0.565401 0.434922
vt 0.040794 0.584120
vt 0.035396 0.584120
vt 0.599801 0.434359
vt 0.586130 0.434578
vt 0.614375 0.434129
vt 0.082286 0.584124
vt 0.046191 0.584121
vt 0.555297 0.435089
vt 0.555151 0.429574
vt 0.556512 0.478703
vt 0.555380 0.440585
vt 0.557316 0.402341
vt 0.551958 0.578523
vt 0.552557 0.568830
vt 0.554808 0.523791
vt 0.567211 0.596336
vt 0.552133 0.596607
vt 0.566814 0.614637
vt 0.548720 0.614946
vt 0.568034 0.632154
vt 0.549370 0.632484
vt 0.541427 0.665296
vt 0.543456 0.650109
vt 0.959529 0.754029
vt 0.959802 0.723172
vt 0.377297 0.699091
vt 0.388647 0.698871
vt 0.375797 0.703314
vt 0.399948 0.698598
vt 0.546052 0.684563
vt 0.679549 0.729766
vt 0.675339 0.732517
vt 0.672604 0.733066
vt 0.672600 0.725487
vt 0.656596 0.722848
vt 0.656500 0.729883
vt 0.648082 0.730824
vt 0.648260 0.723285
vt 0.706870 0.159833
vt 0.714320 0.159842
vt 0.714236 0.161999
vt 0.706650 0.162004
vt 0.960089 0.443766
vt 0.968284 0.442640
vt 0.967504 0.468641
vt 0.048571 0.447843
vt 0.082437 0.447846
vt 0.606137 0.298019
vt 0.620681 0.297786
vt 0.546780 0.428062
vt 0.539265 0.426860
vt 0.541496 0.402598
vt 0.548975 0.402476
vt 0.561453 0.298733
vt 0.571581 0.298568
vt 0.589250 0.298292
vt 0.037776 0.447842
vt 0.043173 0.447842
vt 0.582820 0.298391
vt 0.604736 0.246265
vt 0.588012 0.247881
vt 0.587921 0.227718
vt 0.604808 0.227446
vt 0.043173 0.396032
vt 0.037776 0.395443
vt 0.045147 0.377192
vt 0.050545 0.377193
vt 0.581572 0.248644
vt 0.570383 0.249952
vt 0.570185 0.227989
vt 0.581491 0.227818
vt 0.553111 0.298868
vt 0.545632 0.298989
vt 0.544406 0.276165
vt 0.545544 0.272156
vt 0.552730 0.275349
vt 0.082437 0.396036
vt 0.048571 0.396033
vt 0.055943 0.377193
vt 0.089808 0.377196
vt 0.619229 0.245402
vt 0.619352 0.227213
vt 0.560299 0.250945
vt 0.559982 0.228146
vt 0.561125 0.275219
vt 0.571253 0.275054
vt 0.570849 0.256700
vt 0.560738 0.257570
vt 0.605642 0.274490
vt 0.620028 0.274243
vt 0.619820 0.253969
vt 0.605292 0.254779
vt 0.048571 0.424293
vt 0.082437 0.424296
vt 0.085768 0.404514
vt 0.051486 0.403451
vt 0.407787 0.025226
vt 0.391803 0.002492
vt 0.407618 0.001714
vt 0.558871 0.753069
vt 0.551466 0.753055
vt 0.551497 0.707554
vt 0.558997 0.707450
vt 0.690308 0.000849
vt 0.632240 0.002075
vt 0.582492 0.274877
vt 0.582061 0.255892
vt 0.037776 0.424292
vt 0.043173 0.424292
vt 0.046088 0.403451
vt 0.041939 0.403980
vt 0.588922 0.274778
vt 0.588491 0.255793
vt 0.465673 0.000000
vt 0.465853 0.024921
vt 0.390465 0.025317
vt 0.405382 0.132123
vt 0.388060 0.132213
vt 0.544111 0.753134
vt 0.544151 0.707623
vt 0.963959 0.440339
vt 0.956553 0.439248
vt 0.956553 0.417275
vt 0.963959 0.417275
vt 0.393942 0.176298
vt 0.388425 0.176326
vt 0.560195 0.121233
vt 0.567548 0.121119
vt 0.949270 0.417274
vt 0.949319 0.310369
vt 0.956601 0.310370
vt 0.055991 0.270288
vt 0.089857 0.270291
vt 0.579007 0.120945
vt 0.588134 0.120805
vt 0.605021 0.120533
vt 0.619565 0.120300
vt 0.949270 0.439248
vt 0.551805 0.251781
vt 0.544339 0.251714
vt 0.543549 0.228364
vt 0.551537 0.228272
vt 0.045195 0.270287
vt 0.050593 0.270288
vt 0.330914 0.656795
vt 0.330986 0.653236
vt 0.345627 0.653396
vt 0.345019 0.660578
vt 0.766578 0.702030
vt 0.766555 0.708603
vt 0.755480 0.708545
vt 0.755501 0.702011
vt 0.082742 0.150886
vt 0.048876 0.150890
vt 0.048849 0.138613
vt 0.082742 0.138362
vt 0.018325 0.137967
vt 0.017273 0.149673
vt 0.007355 0.149385
vt 0.005610 0.147999
vt 0.005689 0.138550
vt 0.007448 0.137332
vt 0.506112 0.724604
vt 0.506140 0.741917
vt 0.496301 0.741962
vt 0.496226 0.724569
vt 0.330721 0.668399
vt 0.328964 0.669755
vt 0.308806 0.669664
vt 0.308087 0.664239
vt 0.330792 0.663408
vt 0.622060 0.060005
vt 0.605118 0.060281
vt 0.604539 0.039386
vt 0.621481 0.039110
vt 0.586323 0.060572
vt 0.585744 0.039677
vt 0.575764 0.060744
vt 0.566467 0.060893
vt 0.568389 0.039952
vt 0.574901 0.039844
vt 0.089920 0.210030
vt 0.056054 0.210027
vt 0.056054 0.189126
vt 0.089920 0.189129
vt 0.558526 0.061013
vt 0.555490 0.039387
vt 0.050657 0.210026
vt 0.045259 0.210026
vt 0.045259 0.189125
vt 0.050657 0.189126
vt 0.776399 0.638177
vt 0.770207 0.637126
vt 0.776399 0.626461
vt 0.282897 0.650136
vt 0.301421 0.652197
vt 0.301339 0.656511
vt 0.283684 0.656682
vt 0.610020 0.024375
vt 0.629258 0.024057
vt 0.589535 0.024696
vt 0.565194 0.025055
vt 0.578767 0.024862
vt 0.056179 0.174169
vt 0.090045 0.174172
vt 0.782846 0.639298
vt 0.782846 0.626368
vt 0.556811 0.025172
vt 0.045384 0.174168
vt 0.050781 0.174168
vt 0.679549 0.714688
vt 0.697605 0.714688
vt 0.697627 0.727631
vt 0.679571 0.727221
vt 0.301215 0.662454
vt 0.311155 0.662652
vt 0.301170 0.663371
vt 0.301257 0.660597
vt 0.622407 0.707370
vt 0.630508 0.710169
vt 0.630526 0.722690
vt 0.622383 0.722690
vt 0.964007 0.249958
vt 0.956601 0.248455
vt 0.951521 0.231485
vt 0.964026 0.231486
vt 0.045195 0.226177
vt 0.050593 0.226177
vt 0.558973 0.077135
vt 0.567649 0.077013
vt 0.949319 0.266258
vt 0.956601 0.268005
vt 0.055991 0.226178
vt 0.089857 0.226181
vt 0.576574 0.076874
vt 0.586911 0.076707
vt 0.603798 0.076434
vt 0.618342 0.076201
vt 0.962971 0.252084
vt 0.956601 0.250027
vt 0.624334 0.765191
vt 0.618689 0.765337
vt 0.618689 0.760589
vt 0.624334 0.760443
vt 0.705672 0.714898
vt 0.705373 0.719504
vt 0.699325 0.719294
vt 0.699624 0.714688
vt 0.612964 0.765154
vt 0.612964 0.760407
vt 0.629989 0.722792
vt 0.630242 0.727288
vt 0.625555 0.727324
vt 0.626685 0.722690
vt 0.964217 0.695622
vt 0.959461 0.694267
vt 0.959429 0.686708
vt 0.964183 0.686705
vt 0.970707 0.399882
vt 0.972905 0.410938
vt 0.967112 0.408050
vt 0.965396 0.400516
vt 0.974141 0.315377
vt 0.968713 0.318537
vt 0.969461 0.314309
vt 0.973917 0.310595
vt 0.614197 0.755713
vt 0.618874 0.755856
vt 0.550528 0.077261
vt 0.542540 0.077352
vt 0.542093 0.061230
vt 0.550081 0.061138
vt 0.949927 0.264442
vt 0.956601 0.266443
vt 0.710414 0.715622
vt 0.710124 0.719517
vt 0.964164 0.604216
vt 0.958647 0.604786
vt 0.959419 0.600569
vt 0.964172 0.599433
vt 0.978824 0.302237
vt 0.985348 0.304814
vt 0.984941 0.310470
vt 0.978796 0.306101
vt 0.964156 0.613804
vt 0.959401 0.613807
vt 0.959403 0.609523
vt 0.964157 0.609520
vt 0.972268 0.325719
vt 0.967574 0.327577
vt 0.967899 0.323287
vt 0.974223 0.320147
vt 0.760549 0.683340
vt 0.759656 0.677654
vt 0.768000 0.676489
vt 0.767999 0.683342
vt 0.856028 0.726546
vt 0.853761 0.730988
vt 0.849980 0.731085
vt 0.850237 0.726562
vt 0.752893 0.690434
vt 0.759654 0.688423
vt 0.767997 0.690195
vt 0.754187 0.691926
vt 0.766585 0.696543
vt 0.755512 0.696525
vt 0.756686 0.661613
vt 0.744788 0.661610
vt 0.744789 0.656635
vt 0.756687 0.656638
vt 0.692614 0.575980
vt 0.703308 0.576211
vt 0.703275 0.578733
vt 0.692555 0.578481
vt 0.344926 0.667036
vt 0.048839 0.134988
vt 0.082743 0.134643
vt 0.029496 0.138145
vt 0.030815 0.139277
vt 0.029006 0.150285
vt 0.766486 0.747409
vt 0.766442 0.763993
vt 0.755287 0.764107
vt 0.755373 0.747338
vt 0.038978 0.150745
vt 0.032511 0.138246
vt 0.039950 0.138535
vt 0.766487 0.722147
vt 0.766465 0.730519
vt 0.755404 0.730363
vt 0.755424 0.722011
vt 0.632929 0.585536
vt 0.653410 0.585344
vt 0.653247 0.592218
vt 0.633130 0.592311
vt 0.675240 0.585000
vt 0.675354 0.591943
vt 0.039938 0.128233
vt 0.031053 0.128048
vt 0.031054 0.121273
vt 0.039930 0.121440
vt 0.685924 0.585120
vt 0.692481 0.585274
vt 0.692555 0.592186
vt 0.686017 0.592046
vt 0.082742 0.127814
vt 0.048825 0.128295
vt 0.048815 0.121512
vt 0.082739 0.120975
vt 0.686091 0.575852
vt 0.686017 0.578341
vt 0.703234 0.585553
vt 0.718659 0.578882
vt 0.711662 0.578866
vt 0.711672 0.576326
vt 0.718659 0.576333
vt 0.711647 0.585707
vt 0.692978 0.607397
vt 0.686548 0.607344
vt 0.753312 0.675126
vt 0.768004 0.661616
vt 0.675967 0.607306
vt 0.652310 0.607430
vt 0.632086 0.607356
vt 0.743107 0.676620
vt 0.703275 0.592438
vt 0.703471 0.607467
vt 0.031084 0.106223
vt 0.039966 0.106329
vt 0.048855 0.106373
vt 0.082755 0.106056
vt 0.630713 0.010288
vt 0.610187 0.010787
vt 0.610196 0.000819
vt 0.631772 0.000000
vt 0.588937 0.011163
vt 0.588361 0.001520
vt 0.578224 0.011334
vt 0.564819 0.011542
vt 0.564599 0.001841
vt 0.577790 0.001670
vt 0.085801 0.160639
vt 0.051935 0.160636
vt 0.043941 0.160636
vt 0.035915 0.160500
vt 0.744695 0.708400
vt 0.744703 0.701940
vt 0.755445 0.716905
vt 0.744660 0.721722
vt 0.744674 0.716661
vt 0.332158 0.688377
vt 0.332289 0.680093
vt 0.344602 0.680311
vt 0.344433 0.688624
vt 0.744452 0.764032
vt 0.744573 0.747133
vt 0.506083 0.750234
vt 0.496244 0.750261
vt 0.332800 0.705691
vt 0.344985 0.705823
vt 0.333612 0.722720
vt 0.345627 0.722821
vt 0.506030 0.707512
vt 0.496105 0.707457
vt 0.695454 0.663042
vt 0.707818 0.663033
vt 0.707818 0.689374
vt 0.695454 0.689384
vt 0.039996 0.050513
vt 0.006206 0.050512
vt 0.006119 0.024439
vt 0.039993 0.031192
vt 0.386163 0.351899
vt 0.402843 0.351811
vt 0.403196 0.382139
vt 0.386361 0.378593
vt 0.687005 0.663049
vt 0.687005 0.689391
vt 0.082755 0.050517
vt 0.048889 0.050514
vt 0.048882 0.031204
vt 0.082154 0.032655
vt 0.743117 0.692955
vt 0.744970 0.692982
vt 0.743128 0.694900
vt 0.903517 0.412204
vt 0.903519 0.435344
vt 0.870020 0.435319
vt 0.870194 0.412420
vt 0.903519 0.396121
vt 0.870357 0.396580
vt 0.276410 0.846887
vt 0.276410 0.861449
vt 0.276361 0.763807
vt 0.276375 0.772973
vt 0.276385 0.782143
vt 0.276410 0.805834
vt 0.276301 0.717766
vt 0.276310 0.727435
vt 0.276410 0.821634
vt 0.276345 0.745540
vt 0.276410 0.952594
vt 0.276410 0.834261
vt 0.756123 0.575660
vt 0.707167 0.575699
vt 0.698353 0.575706
vt 0.082442 0.999983
vt 0.027717 0.999978
vt 0.276410 1.000000
vt 0.690682 0.575712
vt 0.013933 0.999977
vt 0.783140 0.575639
vt 0.695383 0.422113
vt 0.690241 0.428803
vt 0.555236 0.698732
vt 0.555093 0.685655
vt 0.599559 0.685777
vt 0.599563 0.699390
vt 0.399823 0.746890
vt 0.401214 0.761243
vt 0.690164 0.389770
vt 0.632240 0.389816
vt 0.851100 0.708730
vt 0.849381 0.715393
vt 0.850119 0.709589
vt 0.935731 0.477219
vt 0.943126 0.477210
vt 0.935762 0.492370
vt 0.000149 0.952570
vt 0.000149 0.999976
vt 0.711969 0.663029
vt 0.720182 0.663023
vt 0.720182 0.689364
vt 0.711969 0.689371
vt 0.711662 0.592571
vt 0.718659 0.592587
vt 0.718659 0.607460
vt 0.711689 0.607466
vt 0.752597 0.676735
vt 0.969054 0.613800
vt 0.969056 0.609516
vt 0.969064 0.604778
vt 0.969072 0.600562
vt 0.705191 0.724043
vt 0.710015 0.723199
vt 0.541797 0.253692
vt 0.543954 0.257974
vt 0.623571 0.755743
vt 0.968842 0.694260
vt 0.968810 0.686701
vt 0.551751 0.121359
vt 0.543763 0.121451
vt 0.524042 0.265068
vt 0.544500 0.263752
vt 0.390309 0.003664
vt 0.525802 0.273508
vt 0.467748 0.274445
vt 0.468084 0.266052
vt 0.639718 0.718896
vt 0.647213 0.719703
vt 0.639800 0.725906
vt 0.632037 0.725543
vt 0.631772 0.714688
vt 0.705478 0.001249
vt 0.707631 0.002131
vt 0.707635 0.023633
vt 0.672603 0.717918
vt 0.679549 0.714688
vt 0.679547 0.725557
vt 0.690307 0.435160
vt 0.698589 0.433513
vt 0.952689 0.444534
vt 0.543507 0.578649
vt 0.535896 0.578762
vt 0.536581 0.569074
vt 0.544144 0.568958
vt 0.539751 0.443788
vt 0.547162 0.442116
vt 0.543953 0.596757
vt 0.536411 0.596874
vt 0.943266 0.545694
vt 0.935871 0.545703
vt 0.538281 0.665341
vt 0.537880 0.650193
vt 0.374362 0.738440
vt 0.762553 0.433359
vt 0.780305 0.436082
vt 0.783140 0.438653
vt 0.013933 0.817963
vt 0.000093 0.816714
vt 0.854111 0.708504
vt 0.853014 0.715832
vt 0.707818 0.693347
vt 0.695454 0.693357
vt 0.744645 0.730042
vt 0.039948 0.134931
vt 0.744710 0.696462
vt 0.021389 0.727418
vt 0.025180 0.717744
vt 0.578693 0.568314
vt 0.031524 0.672736
vt 0.577830 0.595951
vt 0.577841 0.577931
vt 0.371954 0.690044
vt 0.567556 0.663650
vt 0.570819 0.648417
vt 0.554527 0.677085
vt 0.610052 0.675566
vt 0.627847 0.675522
vt 0.563920 0.670622
vt 0.630871 0.674038
vt 0.631481 0.687222
vt 0.013890 0.820539
vt 0.000087 0.819289
vt 0.013890 0.857874
vt 0.027637 0.854919
vt 0.631772 0.707370
vt 0.000143 0.860427
vt 0.027637 0.825731
vt 0.599056 0.675593
vt 0.968130 0.572193
vt 0.690164 0.357089
vt 0.632240 0.357135
vt 0.950409 0.477201
vt 0.631772 0.575758
vt 0.631772 0.528355
vt 0.631772 0.445975
vt 0.950549 0.545686
vt 0.950586 0.563804
vt 0.951672 0.700418
vt 0.950591 0.573482
vt 0.690164 0.374620
vt 0.632240 0.374666
vt 0.632170 0.428849
vt 0.943067 0.448201
vt 0.950345 0.445944
vt 0.697645 0.153260
vt 0.632045 0.153829
vt 0.561545 0.709640
vt 0.568821 0.709631
vt 0.568802 0.722494
vt 0.561559 0.722541
vt 0.405747 0.176236
vt 0.466624 0.131801
vt 0.466990 0.175914
vt 0.402443 0.296279
vt 0.400653 0.280438
vt 0.463719 0.281099
vt 0.463685 0.295957
vt 0.402479 0.301253
vt 0.463721 0.300932
vt 0.551335 0.766072
vt 0.543870 0.765551
vt 0.648082 0.726323
vt 0.648035 0.732828
vt 0.644419 0.733674
vt 0.640042 0.730422
vt 0.539035 0.691617
vt 0.541966 0.692367
vt 0.545889 0.693701
vt 0.700743 0.422618
vt 0.698631 0.426867
vt 0.702186 0.427249
vt 0.714196 0.723887
vt 0.714318 0.714688
vt 0.718940 0.718683
vt 0.718357 0.724856
vt 0.857062 0.716336
vt 0.858166 0.722626
vt 0.852748 0.722830
vt 0.714597 0.733154
vt 0.718940 0.733412
vt 0.858166 0.708221
vt 0.549587 0.697003
vt 0.559762 0.675513
vt 0.946748 0.756834
vt 0.936115 0.754067
vt 0.557747 0.671679
vt 0.558915 0.664792
vt 0.568249 0.649471
vt 0.571283 0.631881
vt 0.570660 0.614360
vt 0.575026 0.596018
vt 0.574932 0.578001
vt 0.959363 0.758114
vt 0.665587 0.717849
vt 0.664897 0.725418
vt 0.657118 0.717396
vt 0.648670 0.719605
vt 0.706380 0.156566
vt 0.714365 0.157343
vt 0.669408 0.731840
vt 0.667402 0.729027
vt 0.664042 0.729030
vt 0.979957 0.310470
vt 0.980182 0.315253
vt 0.754343 0.695448
vt 0.765390 0.695470
vt 0.765965 0.606079
vt 0.756699 0.606077
vt 0.756705 0.579735
vt 0.765971 0.579737
vt 0.962971 0.264308
vt 0.964007 0.266260
vt 0.549161 0.041777
vt 0.285178 0.659286
vt 0.332439 0.669978
vt 0.344741 0.675064
vt 0.552254 0.257693
vt 0.960997 0.593428
vt 0.953596 0.594151
vt 0.632053 0.159588
vt 0.697650 0.159875
vt 0.706900 0.165891
vt 0.702206 0.165946
vt 0.714405 0.165340
vt 0.632554 0.729741
vt 0.664896 0.722399
vt 0.664864 0.715907
vt 0.648840 0.716732
vt 0.656711 0.714688
vt 0.551234 0.767782
vt 0.543994 0.767685
vt 0.964007 0.310370
vt 0.558770 0.766040
vt 0.525237 0.253718
vt 0.467222 0.255977
vt 0.552703 0.263605
vt 0.561184 0.263482
vt 0.582551 0.263141
vt 0.588981 0.263041
vt 0.051501 0.412518
vt 0.056899 0.412519
vt 0.576243 0.722533
vt 0.576258 0.768349
vt 0.568781 0.768285
vt 0.605868 0.262769
vt 0.046103 0.412518
vt 0.571324 0.263319
vt 0.542747 0.274766
vt 0.090764 0.412521
vt 0.620412 0.262536
vt 0.568730 0.707977
vt 0.576193 0.708032
vt 0.576282 0.709683
vt 0.561454 0.707987
vt 0.968284 0.594076
vt 0.561556 0.768367
vt 0.961040 0.595212
vt 0.953639 0.595883
vt 0.301846 0.669735
vt 0.283764 0.660986
vt 0.281317 0.656722
vt 0.776457 0.624662
vt 0.782008 0.624582
vt 0.697065 0.729407
vt 0.679581 0.729407
vt 0.280512 0.651456
vt 0.769706 0.624680
vt 0.769262 0.626478
vt 0.542928 0.042484
vt 0.517718 0.741886
vt 0.517662 0.750213
vt 0.766512 0.717015
vt 0.031015 0.137047
vt 0.031022 0.134622
vt 0.675440 0.575758
vt 0.675354 0.578238
vt 0.653788 0.576144
vt 0.653687 0.578610
vt 0.517789 0.724653
vt 0.980263 0.320022
vt 0.745937 0.688430
vt 0.743068 0.689826
vt 0.973082 0.304095
vt 0.973551 0.308402
vt 0.630242 0.731730
vt 0.622383 0.731825
vt 0.517592 0.760602
vt 0.506013 0.760602
vt 0.517789 0.707609
vt 0.632470 0.576535
vt 0.632891 0.578962
vt 0.949927 0.251948
vt 0.949319 0.249931
vt 0.496172 0.760593
vt 0.718659 0.585734
vt 0.720007 0.578892
vt 0.720007 0.585745
vt 0.767997 0.691763
vt 0.766497 0.692967
vt 0.755452 0.693168
vt 0.720007 0.592597
vt 0.720007 0.607471
vt 0.720007 0.577324
vt 0.600941 0.708741
vt 0.599332 0.710106
vt 0.599204 0.707370
vt 0.742872 0.716538
vt 0.742887 0.708510
vt 0.742893 0.702057
vt 0.742628 0.764145
vt 0.742760 0.747224
vt 0.742845 0.730097
vt 0.494404 0.724484
vt 0.494281 0.707370
vt 0.494481 0.741876
vt 0.742859 0.721786
vt 0.494424 0.750175
vt 0.494354 0.760309
vt 0.741948 0.694900
vt 0.768043 0.722075
vt 0.768019 0.730453
vt 0.768048 0.747429
vt 0.768015 0.764145
vt 0.768139 0.701925
vt 0.768113 0.708510
vt 0.768068 0.716936
vt 0.767766 0.693946
vt 0.769262 0.692737
vt 0.768146 0.696435
vt 0.402957 0.264952
vt 0.402943 0.262991
vt 0.463427 0.262685
vt 0.463459 0.264635
vt 0.404316 0.228212
vt 0.406062 0.213614
vt 0.467212 0.213293
vt 0.463465 0.227902
vt 0.405980 0.208505
vt 0.405864 0.192361
vt 0.467106 0.192040
vt 0.467222 0.208183
vt 0.402943 0.251478
vt 0.463632 0.251159
vt 0.406094 0.211380
vt 0.467196 0.211060
vt 0.949265 0.233254
vt 0.385798 0.301341
vt 0.402821 0.348751
vt 0.386141 0.348839
vt 0.745383 0.678032
vt 0.401979 0.274580
vt 0.463763 0.274256
vt 0.699143 0.723833
vt 0.706719 0.728000
vt 0.699242 0.728000
vt 0.856028 0.735786
vt 0.849991 0.735710
vt 0.758194 0.688125
vt 0.759035 0.683347
vt 0.697830 0.724741
vt 0.698027 0.719136
vt 0.979871 0.399404
vt 0.980263 0.411623
vt 0.978945 0.410814
vt 0.978606 0.400252
vt 0.956583 0.265232
vt 0.962137 0.263486
vt 0.962137 0.252920
vt 0.956583 0.251243
vt 0.848603 0.731413
vt 0.848980 0.726037
vt 0.758196 0.678570
vt 0.752371 0.677811
vt 0.950757 0.263485
vt 0.950757 0.252919
vt 0.848705 0.736812
vt 0.720007 0.612445
vt 0.719901 0.659896
vt 0.718659 0.612435
vt 0.711689 0.612440
vt 0.703477 0.612447
vt 0.464063 0.348430
vt 0.039979 0.101233
vt 0.048869 0.101264
vt 0.686682 0.612426
vt 0.676130 0.612412
vt 0.768005 0.656641
vt 0.652260 0.612471
vt 0.631927 0.612418
vt 0.744141 0.575758
vt 0.756705 0.575761
vt 0.744806 0.579732
vt 0.082755 0.101077
vt 0.693069 0.612445
vt 0.385762 0.296366
vt 0.031093 0.101159
vt 0.464085 0.351490
vt 0.464439 0.381818
vt 0.769262 0.609177
vt 0.756698 0.609137
vt 0.703477 0.659909
vt 0.711689 0.659902
vt 0.048889 0.053574
vt 0.039996 0.053573
vt 0.542845 0.745676
vt 0.542845 0.750788
vt 0.539366 0.750612
vt 0.517789 0.746667
vt 0.542845 0.707494
vt 0.542845 0.723612
vt 0.517789 0.723484
vt 0.517789 0.707370
vt 0.082755 0.053577
vt 0.686725 0.659922
vt 0.693082 0.659917
vt 0.031103 0.053609
vt 0.903519 0.439328
vt 0.870020 0.439303
vt 0.438993 0.708991
vt 0.438993 0.735234
vt 0.417925 0.734907
vt 0.417925 0.708664
vt 0.517789 0.750659
vt 0.744799 0.609135
vt 0.744800 0.606074
vt 0.680236 0.659927
vt 0.652230 0.659949
vt 0.631772 0.659965
vt 0.626149 0.732018
vt 0.631212 0.732001
vt 0.631212 0.748971
vt 0.626149 0.748987
vt 0.711969 0.693344
vt 0.864967 0.435315
vt 0.865196 0.412433
vt 0.384671 0.382213
vt 0.430293 0.735311
vt 0.435323 0.735234
vt 0.435323 0.751804
vt 0.430290 0.751881
vt 0.765972 0.575763
vt 0.865319 0.396598
vt 0.687005 0.693364
vt 0.716060 0.693341
vt 0.039828 0.020502
vt 0.048721 0.020505
vt 0.027649 0.020550
vt 0.081922 0.022234
vt 0.577632 0.730254
vt 0.577624 0.707370
vt 0.599204 0.707402
vt 0.599204 0.730390
vt 0.681939 0.689395
vt 0.681939 0.693365
vt 0.577632 0.746088
vt 0.599145 0.746153
vt 0.384695 0.385467
vt 0.384725 0.388741
vt 0.380630 0.388859
vt 0.380588 0.385539
vt 0.687006 0.699863
vt 0.681946 0.699829
vt 0.720182 0.693338
vt 0.695454 0.699861
vt 0.707818 0.699852
vt 0.632672 0.693057
vt 0.652716 0.693134
vt 0.652946 0.699341
vt 0.633090 0.699229
vt 0.711969 0.696596
vt 0.972413 0.467100
vt 0.972413 0.476970
vt 0.968285 0.476962
vt 0.968284 0.467091
vt 0.464426 0.391566
vt 0.403184 0.391887
vt 0.711939 0.699849
vt 0.594229 0.746153
vt 0.594232 0.753440
vt 0.590096 0.753441
vt 0.590093 0.746155
vt 0.594232 0.763320
vt 0.590031 0.763328
vt 0.376538 0.388985
vt 0.376486 0.385628
vt 0.380551 0.382237
vt 0.972413 0.449929
vt 0.968284 0.449919
vt 0.968319 0.442640
vt 0.972417 0.442650
vt 0.972413 0.459821
vt 0.968284 0.459812
vt 0.697622 0.736692
vt 0.697622 0.746590
vt 0.693354 0.746647
vt 0.693470 0.736734
vt 0.972417 0.459810
vt 0.968301 0.459812
vt 0.693374 0.729446
vt 0.697510 0.729407
vt 0.653064 0.702442
vt 0.633280 0.702319
vt 0.703697 0.703107
vt 0.695454 0.703114
vt 0.380662 0.392141
vt 0.376574 0.392283
vt 0.681951 0.703053
vt 0.697481 0.753943
vt 0.697496 0.763854
vt 0.693375 0.763847
vt 0.693354 0.753930
vt 0.384752 0.392006
vt 0.687008 0.703104
vt 0.328537 0.746432
vt 0.328614 0.736513
vt 0.332820 0.736441
vt 0.332688 0.746368
vt 0.328685 0.753720
vt 0.332820 0.753658
vt 0.372469 0.392360
vt 0.372430 0.389052
vt 0.697496 0.746661
vt 0.693367 0.746647
vt 0.716060 0.696593
vt 0.598382 0.746171
vt 0.598363 0.753457
vt 0.594232 0.753437
vt 0.594253 0.746153
vt 0.384772 0.395246
vt 0.695454 0.709618
vt 0.687012 0.709585
vt 0.653234 0.708716
vt 0.633526 0.708589
vt 0.681958 0.709511
vt 0.927636 0.752979
vt 0.927780 0.743061
vt 0.931869 0.743025
vt 0.931759 0.752937
vt 0.380677 0.395363
vt 0.376585 0.395489
vt 0.372477 0.395557
vt 0.368315 0.395541
vt 0.368332 0.392326
vt 0.927733 0.760269
vt 0.931869 0.760224
vt 0.598382 0.763383
vt 0.594243 0.763354
vt 0.707818 0.703104
vt 0.413690 0.763185
vt 0.413622 0.755899
vt 0.417760 0.755875
vt 0.417826 0.763161
vt 0.965468 0.428814
vt 0.965441 0.421533
vt 0.969572 0.421535
vt 0.969597 0.428814
vt 0.703697 0.706359
vt 0.699575 0.706363
vt 0.368227 0.398717
vt 0.363978 0.398707
vt 0.364110 0.395477
vt 0.380682 0.398548
vt 0.376580 0.398637
vt 0.965396 0.411623
vt 0.969600 0.411645
vt 0.372452 0.398693
vt 0.799058 0.214229
vt 0.786524 0.213783
vt 0.786771 0.208668
vt 0.799295 0.209152
vt 0.384789 0.398476
vt 0.413718 0.746006
vt 0.417826 0.745999
vt 0.403267 0.403461
vt 0.464510 0.403140
vt 0.006115 0.020478
vt 0.681960 0.714570
vt 0.653270 0.713725
vt 0.403898 0.413775
vt 0.384825 0.403544
vt 0.376583 0.403587
vt 0.372415 0.403628
vt 0.380704 0.403565
vt 0.633541 0.713614
vt 0.687013 0.714649
vt 0.368148 0.403694
vt 0.363872 0.403813
vt 0.359679 0.403811
vt 0.359797 0.398693
vt 0.923507 0.760200
vt 0.923396 0.752921
vt 0.927533 0.752890
vt 0.927636 0.760168
vt 0.808317 0.214498
vt 0.808551 0.209431
vt 0.923450 0.743046
vt 0.927636 0.743025
vt 0.699575 0.709615
vt 0.695454 0.714688
vt 0.781553 0.575758
vt 0.781498 0.591286
vt 0.769378 0.591480
vt 0.769493 0.576029
vt 0.435248 0.662936
vt 0.445093 0.669452
vt 0.438077 0.687219
vt 0.419232 0.676691
vt 0.781450 0.613928
vt 0.781484 0.617906
vt 0.769299 0.617952
vt 0.769262 0.613973
vt 0.027496 0.014381
vt 0.027421 0.011293
vt 0.039408 0.005101
vt 0.027313 0.005025
vt 0.027291 0.000000
vt 0.039365 0.000123
vt 0.824806 0.155627
vt 0.826345 0.127725
vt 0.832729 0.126081
vt 0.830612 0.155768
vt 0.801043 0.173190
vt 0.786907 0.172785
vt 0.787779 0.154568
vt 0.801915 0.154973
vt 0.810303 0.173455
vt 0.811175 0.155238
vt 0.610791 0.708754
vt 0.600866 0.725943
vt 0.622380 0.708781
vt 0.622383 0.718485
vt 0.622383 0.732001
vt 0.602918 0.731397
vt 0.840244 0.175507
vt 0.841121 0.156039
vt 0.851310 0.156314
vt 0.850397 0.176515
vt 0.829735 0.174497
vt 0.452695 0.675486
vt 0.453548 0.698045
vt 0.800210 0.190563
vt 0.809470 0.190828
vt 0.786074 0.190158
vt 0.781553 0.624542
vt 0.771081 0.624582
vt 0.769356 0.623249
vt 0.468168 0.739711
vt 0.467259 0.717196
vt 0.473695 0.717239
vt 0.474527 0.739805
vt 0.417925 0.677271
vt 0.447991 0.708664
vt 0.418239 0.682310
vt 0.467222 0.713205
vt 0.473665 0.713247
vt 0.468340 0.755209
vt 0.474672 0.755339
vt 0.839503 0.194040
vt 0.849669 0.195729
vt 0.855639 0.217184
vt 0.840602 0.212146
vt 0.828270 0.210029
vt 0.834367 0.229856
vt 0.824743 0.223037
vt 0.854189 0.230715
vt 0.796040 0.672979
vt 0.798844 0.647021
vt 0.819119 0.647367
vt 0.818164 0.673904
vt 0.799228 0.640040
vt 0.819324 0.640363
vt 0.848436 0.647737
vt 0.847801 0.674341
vt 0.848603 0.640750
vt 0.494256 0.756358
vt 0.494281 0.740492
vt 0.494281 0.717381
vt 0.829781 0.018473
vt 0.838435 0.018721
vt 0.834618 0.101330
vt 0.824000 0.106514
vt 0.812656 0.127811
vt 0.822959 0.128106
vt 0.821648 0.155538
vt 0.467250 0.707886
vt 0.468611 0.707370
vt 0.473672 0.710486
vt 0.820776 0.173756
vt 0.828994 0.192326
vt 0.449125 0.649342
vt 0.453548 0.652325
vt 0.377119 0.413890
vt 0.364617 0.413945
vt 0.465141 0.413453
vt 0.377534 0.439624
vt 0.364941 0.439666
vt 0.404084 0.439485
vt 0.465326 0.439164
vt 0.404215 0.457703
vt 0.377665 0.457842
vt 0.465457 0.457381
vt 0.365073 0.457883
vt 0.356464 0.422301
vt 0.354645 0.439684
vt 0.352790 0.457912
vt 0.877433 0.383428
vt 0.897792 0.383410
vt 0.897865 0.396095
vt 0.877406 0.396111
vt 0.902019 0.556273
vt 0.931502 0.556128
vt 0.931580 0.562930
vt 0.902097 0.563075
vt 0.927293 0.383396
vt 0.927293 0.396072
vt 0.817791 0.722716
vt 0.846624 0.723662
vt 0.846330 0.735993
vt 0.817278 0.735281
vt 0.797933 0.721859
vt 0.797258 0.734595
vt 0.884521 0.744990
vt 0.884521 0.756121
vt 0.873840 0.756069
vt 0.872536 0.744628
vt 0.769878 0.658495
vt 0.769262 0.647122
vt 0.779322 0.639298
vt 0.779322 0.655483
vt 0.817759 0.743905
vt 0.797522 0.743451
vt 0.847088 0.744322
vt 0.902013 0.451135
vt 0.881516 0.451236
vt 0.882020 0.442886
vt 0.902517 0.442785
vt 0.931496 0.450990
vt 0.932000 0.442640
vt 0.876706 0.190759
vt 0.880399 0.215683
vt 0.877397 0.171557
vt 0.878267 0.151371
vt 0.877132 0.226242
vt 0.900457 0.226037
vt 0.900960 0.211947
vt 0.917283 0.209692
vt 0.917255 0.220884
vt 0.896522 0.188048
vt 0.897313 0.167780
vt 0.913364 0.166650
vt 0.913077 0.185972
vt 0.898080 0.148662
vt 0.914272 0.146451
vt 0.930348 0.183433
vt 0.929348 0.205600
vt 0.933936 0.217889
vt 0.931100 0.164211
vt 0.932008 0.144011
vt 0.848603 0.675772
vt 0.848818 0.665117
vt 0.857802 0.658105
vt 0.857802 0.673790
vt 0.453029 0.759461
vt 0.452966 0.748663
vt 0.465522 0.748698
vt 0.465517 0.759461
vt 0.626149 0.732001
vt 0.626149 0.744781
vt 0.612964 0.744880
vt 0.613044 0.732117
vt 0.769262 0.673151
vt 0.770048 0.659397
vt 0.781927 0.658495
vt 0.781927 0.671879
vt 0.697798 0.753839
vt 0.697627 0.741621
vt 0.709384 0.742535
vt 0.709384 0.754781
vt 0.430290 0.735272
vt 0.430290 0.748128
vt 0.417925 0.748197
vt 0.418141 0.735234
vt 0.345177 0.736622
vt 0.345177 0.749170
vt 0.332936 0.748921
vt 0.332820 0.736492
vt 0.302734 0.749116
vt 0.302724 0.736441
vt 0.315091 0.736550
vt 0.315091 0.749163
vt 0.898984 0.230921
vt 0.927293 0.231291
vt 0.927288 0.243850
vt 0.899721 0.242825
vt 0.927283 0.256401
vt 0.898943 0.255292
vt 0.927288 0.269210
vt 0.897781 0.268681
vt 0.927210 0.282042
vt 0.897003 0.282498
vt 0.927101 0.294781
vt 0.896553 0.295624
vt 0.927210 0.307393
vt 0.897195 0.307917
vt 0.927293 0.320019
vt 0.897767 0.320114
vt 0.927293 0.332695
vt 0.897865 0.332718
vt 0.927293 0.345370
vt 0.897865 0.345393
vt 0.927293 0.358045
vt 0.897769 0.358065
vt 0.927293 0.370721
vt 0.896447 0.370657
vt 0.879904 0.230715
vt 0.881209 0.242709
vt 0.879879 0.255482
vt 0.877759 0.269017
vt 0.876833 0.282582
vt 0.877644 0.295360
vt 0.878846 0.307554
vt 0.878671 0.319866
vt 0.877506 0.332713
vt 0.877430 0.345404
vt 0.877949 0.357954
vt 0.877430 0.370755
vt 0.865042 0.396121
vt 0.865487 0.383325
vt 0.691811 0.754273
vt 0.691811 0.763991
vt 0.679549 0.764093
vt 0.679604 0.754389
vt 0.453806 0.682265
vt 0.453548 0.668840
vt 0.466196 0.670107
vt 0.466196 0.683220
vt 0.780015 0.755601
vt 0.780015 0.765151
vt 0.768219 0.764634
vt 0.768146 0.755064
vt 0.344775 0.722821
vt 0.344775 0.735518
vt 0.332820 0.736492
vt 0.333304 0.723919
vt 0.540228 0.750788
vt 0.540228 0.760103
vt 0.528858 0.761412
vt 0.528949 0.751987
vt 0.870584 0.744361
vt 0.870584 0.756795
vt 0.859168 0.756825
vt 0.858734 0.744167
vt 0.910911 0.744895
vt 0.910810 0.732096
vt 0.923209 0.732038
vt 0.923209 0.745130
vt 0.453159 0.748560
vt 0.452966 0.736195
vt 0.465732 0.736218
vt 0.465732 0.748662
vt 0.453548 0.696926
vt 0.453877 0.683667
vt 0.466327 0.683220
vt 0.466327 0.696313
vt 0.768146 0.755064
vt 0.768208 0.742460
vt 0.780107 0.742569
vt 0.780256 0.755064
vt 0.276640 0.748831
vt 0.276410 0.736277
vt 0.288570 0.736690
vt 0.288570 0.749338
vt 0.327438 0.736469
vt 0.327438 0.749134
vt 0.315143 0.749025
vt 0.315091 0.736441
vt 0.631920 0.746677
vt 0.631772 0.733752
vt 0.644056 0.733674
vt 0.644056 0.746746
vt 0.369727 0.754511
vt 0.369727 0.764222
vt 0.357835 0.764013
vt 0.357583 0.754349
vt 0.865285 0.370712
vt 0.866288 0.357795
vt 0.659739 0.755664
vt 0.659739 0.765312
vt 0.648082 0.765928
vt 0.648561 0.756336
vt 0.865285 0.345361
vt 0.865268 0.332697
vt 0.709770 0.754944
vt 0.709770 0.764654
vt 0.697979 0.764437
vt 0.697627 0.754781
vt 0.866814 0.319742
vt 0.867471 0.307196
vt 0.872536 0.744628
vt 0.872638 0.732459
vt 0.885507 0.732038
vt 0.885507 0.744502
vt 0.357583 0.754349
vt 0.357583 0.764079
vt 0.345627 0.764398
vt 0.346377 0.754688
vt 0.866266 0.294912
vt 0.864967 0.282305
vt 0.720182 0.760510
vt 0.720232 0.750760
vt 0.732490 0.750768
vt 0.732535 0.760510
vt 0.865249 0.269324
vt 0.866950 0.256106
vt 0.868012 0.243249
vt 0.866956 0.230881
vt 0.453548 0.708649
vt 0.453664 0.698334
vt 0.466459 0.696926
vt 0.466459 0.706969
vt 0.327710 0.759254
vt 0.315091 0.759854
vt 0.315170 0.749658
vt 0.327710 0.749134
vt 0.648141 0.754124
vt 0.648082 0.743781
vt 0.660847 0.745614
vt 0.660847 0.755664
vt 0.677202 0.733302
vt 0.677202 0.746104
vt 0.665938 0.746177
vt 0.664897 0.733066
vt 0.438993 0.760063
vt 0.438998 0.750027
vt 0.451366 0.749375
vt 0.451366 0.759167
vt 0.302724 0.736854
vt 0.302724 0.749796
vt 0.291470 0.749550
vt 0.290904 0.736441
vt 0.302724 0.759401
vt 0.302753 0.750015
vt 0.314676 0.749163
vt 0.314676 0.758685
vt 0.451225 0.736661
vt 0.451225 0.749326
vt 0.438993 0.749375
vt 0.439291 0.736789
vt 0.290907 0.758947
vt 0.290904 0.749796
vt 0.302364 0.751092
vt 0.302364 0.760447
vt 0.453548 0.661255
vt 0.453885 0.649342
vt 0.463375 0.652216
vt 0.463375 0.668840
vt 0.388267 0.688973
vt 0.403096 0.688841
vt 0.403096 0.698598
vt 0.388359 0.698441
vt 0.848603 0.760980
vt 0.820219 0.760003
vt 0.818649 0.752256
vt 0.847845 0.752651
vt 0.801126 0.759727
vt 0.798827 0.751855
vt 0.930489 0.467691
vt 0.901006 0.467836
vt 0.901510 0.459486
vt 0.930993 0.459341
vt 0.881192 0.468181
vt 0.881013 0.459587
vt 0.848859 0.651330
vt 0.848603 0.640040
vt 0.857789 0.641921
vt 0.857789 0.658105
vt 0.881169 0.444910
vt 0.869129 0.451297
vt 0.868782 0.444971
vt 0.848603 0.705296
vt 0.848883 0.693984
vt 0.858073 0.692003
vt 0.858073 0.708221
vt 0.848916 0.690053
vt 0.848603 0.678715
vt 0.858079 0.675772
vt 0.858079 0.692003
vt 0.797938 0.758271
vt 0.785374 0.758185
vt 0.786196 0.751786
vt 0.599204 0.756297
vt 0.599342 0.744649
vt 0.611826 0.744465
vt 0.611826 0.756110
vt 0.848603 0.746896
vt 0.857871 0.747125
vt 0.857871 0.756546
vt 0.848604 0.756323
vt 0.785079 0.743406
vt 0.868995 0.459780
vt 0.848617 0.737105
vt 0.857913 0.736812
vt 0.857913 0.746619
vt 0.848603 0.746896
vt 0.807114 0.017823
vt 0.794201 0.017453
vt 0.794709 0.006474
vt 0.807622 0.006844
vt 0.818447 0.018148
vt 0.818955 0.007168
vt 0.830288 0.007493
vt 0.803777 0.105935
vt 0.813867 0.106224
vt 0.790131 0.105543
vt 0.827382 0.107323
vt 0.834459 0.103875
vt 0.779322 0.639299
vt 0.782757 0.639298
vt 0.782757 0.649942
vt 0.779322 0.649942
vt 0.908263 0.591014
vt 0.931900 0.590898
vt 0.932000 0.599593
vt 0.908363 0.599709
vt 0.314445 0.595387
vt 0.325448 0.595329
vt 0.325527 0.606316
vt 0.314525 0.606373
vt 0.349040 0.595206
vt 0.349119 0.606192
vt 0.865326 0.591225
vt 0.865425 0.599920
vt 0.859232 0.599951
vt 0.859132 0.591256
vt 0.881522 0.556373
vt 0.881600 0.563176
vt 0.871199 0.563227
vt 0.871121 0.556425
vt 0.276521 0.759765
vt 0.276410 0.749338
vt 0.289255 0.749480
vt 0.289242 0.759765
vt 0.769552 0.685733
vt 0.769262 0.673151
vt 0.782977 0.673703
vt 0.782977 0.686262
vt 0.885507 0.755749
vt 0.885547 0.744920
vt 0.898104 0.744884
vt 0.898104 0.755739
vt 0.599204 0.744465
vt 0.599290 0.732523
vt 0.612964 0.732001
vt 0.612963 0.744039
vt 0.818031 0.686300
vt 0.796399 0.685576
vt 0.817833 0.698639
vt 0.797326 0.698179
vt 0.817866 0.710620
vt 0.797847 0.709934
vt 0.847507 0.686671
vt 0.847213 0.699002
vt 0.846919 0.711332
vt 0.693354 0.729407
vt 0.693354 0.742074
vt 0.679549 0.742081
vt 0.679608 0.729483
vt 0.648341 0.743473
vt 0.648082 0.730824
vt 0.661406 0.731209
vt 0.661406 0.743781
vt 0.872536 0.732038
vt 0.872536 0.743964
vt 0.858734 0.744167
vt 0.858850 0.732163
vt 0.783663 0.685276
vt 0.783140 0.672612
vt 0.898271 0.744664
vt 0.898216 0.732038
vt 0.910810 0.732424
vt 0.910810 0.745000
vt 0.679549 0.754273
vt 0.679595 0.742391
vt 0.692094 0.742081
vt 0.692094 0.754090
vt 0.898213 0.755865
vt 0.898254 0.745036
vt 0.910810 0.745000
vt 0.910810 0.755856
vt 0.784727 0.734643
vt 0.785325 0.721988
vt 0.898216 0.732038
vt 0.898216 0.744527
vt 0.885507 0.744884
vt 0.885592 0.732361
vt 0.613040 0.755648
vt 0.612964 0.744880
vt 0.625629 0.744901
vt 0.625629 0.755713
vt 0.785315 0.709982
vt 0.784772 0.698048
vt 0.332820 0.759746
vt 0.332896 0.749175
vt 0.345581 0.749170
vt 0.345581 0.759656
vt 0.901162 0.481442
vt 0.880665 0.481543
vt 0.901318 0.495048
vt 0.880821 0.495148
vt 0.901474 0.508653
vt 0.880977 0.508754
vt 0.901629 0.522259
vt 0.881132 0.522359
vt 0.901785 0.535864
vt 0.881288 0.535965
vt 0.901941 0.549470
vt 0.881444 0.549571
vt 0.923218 0.745130
vt 0.923218 0.756118
vt 0.910810 0.756118
vt 0.910810 0.745131
vt 0.938390 0.442362
vt 0.924418 0.442364
vt 0.924418 0.428744
vt 0.938390 0.428743
vt 0.864928 0.556455
vt 0.865006 0.563258
vt 0.858812 0.563288
vt 0.858734 0.556486
vt 0.697627 0.728001
vt 0.711599 0.728000
vt 0.711599 0.741619
vt 0.697627 0.741621
vt 0.644135 0.746746
vt 0.644135 0.757732
vt 0.631772 0.757742
vt 0.631772 0.746756
vt 0.304876 0.722822
vt 0.318848 0.722821
vt 0.318848 0.736440
vt 0.304876 0.736441
vt 0.930645 0.481297
vt 0.930801 0.494902
vt 0.930957 0.508508
vt 0.931112 0.522114
vt 0.931268 0.535719
vt 0.931424 0.549325
vt 0.923209 0.743024
vt 0.923209 0.732038
vt 0.931869 0.732038
vt 0.931869 0.743025
vt 0.290904 0.736277
vt 0.276410 0.735571
vt 0.276918 0.722871
vt 0.290904 0.722821
vt 0.332820 0.736440
vt 0.318848 0.736441
vt 0.318848 0.722822
vt 0.332820 0.722821
vt 0.304876 0.736440
vt 0.290904 0.736441
vt 0.290904 0.722822
vt 0.304876 0.722821
vt 0.881461 0.663996
vt 0.881461 0.677605
vt 0.869107 0.677644
vt 0.869107 0.664035
vt 0.430289 0.748197
vt 0.430289 0.759183
vt 0.417925 0.759193
vt 0.417925 0.748207
vt 0.868333 0.481623
vt 0.870581 0.468877
vt 0.868901 0.536026
vt 0.868745 0.522420
vt 0.430290 0.762872
vt 0.430290 0.751886
vt 0.436472 0.751881
vt 0.436472 0.762868
vt 0.868590 0.508815
vt 0.868434 0.495209
vt 0.881461 0.718430
vt 0.881462 0.732038
vt 0.869514 0.731914
vt 0.869107 0.718469
vt 0.677260 0.746178
vt 0.677260 0.757164
vt 0.664897 0.757174
vt 0.664952 0.746177
vt 0.577624 0.757141
vt 0.577624 0.746153
vt 0.590031 0.746153
vt 0.590031 0.757140
vt 0.881461 0.691213
vt 0.881461 0.704821
vt 0.869107 0.704861
vt 0.869107 0.691252
vt 0.789090 0.127135
vt 0.802981 0.127534
vt 0.895720 0.094652
vt 0.897015 0.117915
vt 0.878402 0.119949
vt 0.878374 0.093438
vt 0.947053 0.106070
vt 0.950940 0.021945
vt 0.980559 0.040570
vt 0.980701 0.124990
vt 0.847089 0.018969
vt 0.843454 0.097641
vt 0.856269 0.122181
vt 0.860718 0.095548
vt 0.843347 0.100162
vt 0.842401 0.124372
vt 0.912917 0.097016
vt 0.913723 0.117993
vt 0.864911 0.636832
vt 0.864911 0.643636
vt 0.858734 0.643655
vt 0.858734 0.636851
vt 0.401214 0.721738
vt 0.415186 0.721749
vt 0.415186 0.737836
vt 0.401214 0.737825
vt 0.931138 0.119341
vt 0.930038 0.102164
vt 0.947078 0.108627
vt 0.948215 0.124356
vt 0.864398 0.019465
vt 0.861001 0.092984
vt 0.881706 0.019961
vt 0.878428 0.090900
vt 0.899015 0.020457
vt 0.916323 0.020953
vt 0.912926 0.094477
vt 0.895704 0.092111
vt 0.933632 0.021449
vt 0.930020 0.099613
vt 0.949293 0.144516
vt 0.948356 0.164725
vt 0.947298 0.184031
vt 0.953179 0.205290
vt 0.982154 0.128344
vt 0.989544 0.134412
vt 0.951239 0.218367
vt 0.998369 0.145911
vt 0.997394 0.166131
vt 0.996267 0.185458
vt 0.988614 0.206285
vt 1.000000 0.219869
vt 0.377863 0.485275
vt 0.404413 0.485136
vt 0.404569 0.506726
vt 0.378019 0.506865
vt 0.465655 0.484815
vt 0.465811 0.506404
vt 0.365271 0.485316
vt 0.365426 0.506906
vt 0.405590 0.594909
vt 0.379040 0.595048
vt 0.466832 0.594587
vt 0.366676 0.595113
vt 0.405669 0.605895
vt 0.379119 0.606034
vt 0.466911 0.605574
vt 0.366755 0.606099
vt 0.347462 0.506965
vt 0.350147 0.485360
vt 0.783140 0.017136
vt 0.768146 0.722200
vt 0.782118 0.722201
vt 0.782118 0.742460
vt 0.768146 0.742460
vt 0.782118 0.713518
vt 0.768146 0.713518
vt 0.768146 0.694900
vt 0.782118 0.694900
vt 0.528858 0.761775
vt 0.517789 0.761774
vt 0.517789 0.750788
vt 0.528858 0.750789
vt 0.738739 0.750760
vt 0.738739 0.761747
vt 0.732535 0.761747
vt 0.732535 0.750760
vt 0.282592 0.595554
vt 0.282671 0.606541
vt 0.276489 0.606573
vt 0.276410 0.595587
vt 0.864911 0.600161
vt 0.864911 0.608858
vt 0.858734 0.608878
vt 0.858734 0.600181
vt 0.871088 0.600142
vt 0.871088 0.608839
vt 0.288773 0.595522
vt 0.288853 0.606508
vt 0.452966 0.708880
vt 0.466882 0.708664
vt 0.466882 0.735979
vt 0.452966 0.736195
vt 0.871519 0.591195
vt 0.871619 0.599890
vt 0.871088 0.636812
vt 0.871088 0.643616
vt 0.452966 0.736660
vt 0.438993 0.736661
vt 0.438993 0.708665
vt 0.452966 0.708664
vt 0.881461 0.650388
vt 0.881461 0.643583
vt 0.901903 0.643519
vt 0.901903 0.650323
vt 0.415186 0.745999
vt 0.401214 0.745988
vt 0.401214 0.698598
vt 0.415186 0.698609
vt 0.901903 0.663931
vt 0.931306 0.663838
vt 0.931306 0.677446
vt 0.901903 0.677540
vt 0.931306 0.691055
vt 0.901903 0.691148
vt 0.931306 0.704663
vt 0.901903 0.704757
vt 0.931306 0.718272
vt 0.901903 0.718365
vt 0.931306 0.731880
vt 0.901903 0.731974
vt 0.931306 0.650229
vt 0.931306 0.643425
vt 0.901903 0.636714
vt 0.931306 0.636621
vt 0.896739 0.600060
vt 0.896739 0.608757
vt 0.907733 0.600026
vt 0.931306 0.599951
vt 0.931306 0.608648
vt 0.907733 0.608722
vt 0.881461 0.636779
vt 0.951448 0.010966
vt 0.934139 0.010470
vt 0.934389 0.004313
vt 0.951697 0.004809
vt 0.366807 0.613319
vt 0.351470 0.612352
vt 0.379171 0.613254
vt 0.916831 0.009974
vt 0.917080 0.003817
vt 0.838942 0.007741
vt 0.830537 0.001337
vt 0.839192 0.001585
vt 0.466963 0.612794
vt 0.405721 0.613115
vt 0.899522 0.009478
vt 0.899772 0.003321
vt 0.882214 0.008981
vt 0.882463 0.002825
vt 0.783647 0.006156
vt 0.783897 0.000000
vt 0.794958 0.000317
vt 0.864905 0.008485
vt 0.865154 0.002329
vt 0.807871 0.000687
vt 0.819204 0.001012
vt 0.847597 0.007989
vt 0.847846 0.001833
vt 0.741893 0.707286
vt 0.741902 0.714090
vt 0.720324 0.713873
vt 0.720316 0.707069
vt 0.396663 0.619160
vt 0.384300 0.619225
vt 0.741884 0.700481
vt 0.720307 0.700265
vt 0.741798 0.632439
vt 0.741815 0.646048
vt 0.720238 0.645831
vt 0.720220 0.632223
vt 0.741924 0.731911
vt 0.741937 0.742063
vt 0.720360 0.741847
vt 0.720347 0.731694
vt 0.947627 0.386291
vt 0.947659 0.395200
vt 0.927721 0.395541
vt 0.927690 0.386632
vt 0.741780 0.618831
vt 0.720203 0.618614
vt 0.741913 0.723000
vt 0.720336 0.722784
vt 0.741832 0.659656
vt 0.720255 0.659440
vt 0.741850 0.673265
vt 0.720272 0.673048
vt 0.372271 0.619288
vt 0.741867 0.686873
vt 0.720290 0.686656
vt 0.467006 0.618791
vt 0.423213 0.619021
vt 0.384452 0.636191
vt 0.396816 0.636126
vt 0.377515 0.643540
vt 0.365152 0.643604
vt 0.856310 0.423039
vt 0.860973 0.432515
vt 0.854219 0.434523
vt 0.849556 0.425047
vt 0.823125 0.355599
vt 0.829375 0.368301
vt 0.822621 0.370308
vt 0.816371 0.357607
vt 0.379430 0.649184
vt 0.367067 0.649249
vt 0.835625 0.381002
vt 0.828871 0.383010
vt 0.404065 0.643400
vt 0.467181 0.643069
vt 0.467222 0.648724
vt 0.405980 0.649045
vt 0.841875 0.393704
vt 0.835122 0.395712
vt 0.845000 0.400055
vt 0.838247 0.402062
vt 0.353123 0.643668
vt 0.349430 0.649342
vt 0.848125 0.406406
vt 0.841372 0.408413
vt 0.804374 0.317494
vt 0.810625 0.330196
vt 0.803871 0.332203
vt 0.797621 0.319502
vt 0.852217 0.414722
vt 0.845464 0.416730
vt 0.864967 0.440632
vt 0.858213 0.442640
vt 0.816875 0.342898
vt 0.810121 0.344905
vt 0.423366 0.635987
vt 0.467129 0.635757
vt 0.947531 0.359078
vt 0.947579 0.372685
vt 0.927642 0.373026
vt 0.927593 0.359420
vt 0.741948 0.750760
vt 0.720371 0.750544
vt 0.947483 0.345472
vt 0.927545 0.345814
vt 0.947387 0.318260
vt 0.947435 0.331866
vt 0.927497 0.332208
vt 0.927449 0.318602
vt 0.947338 0.304654
vt 0.927401 0.304995
vt 0.947691 0.404108
vt 0.947727 0.414259
vt 0.927789 0.414600
vt 0.927753 0.404450
vt 0.947757 0.422954
vt 0.927819 0.423296
vt 0.947290 0.291048
vt 0.927352 0.291389
vt 0.372423 0.636254
vt 0.947603 0.379488
vt 0.927666 0.379829
vt 0.427630 0.627481
vt 0.401080 0.627620
vt 0.819911 0.493532
vt 0.823816 0.506800
vt 0.813352 0.508759
vt 0.809447 0.495491
vt 0.467068 0.627274
vt 0.827722 0.520069
vt 0.817258 0.522028
vt 0.388716 0.627685
vt 0.831628 0.533337
vt 0.821164 0.535296
vt 0.807977 0.452989
vt 0.810891 0.462888
vt 0.800427 0.464847
vt 0.797513 0.454948
vt 0.835533 0.546606
vt 0.825069 0.548565
vt 0.813448 0.471575
vt 0.816005 0.480263
vt 0.805541 0.482222
vt 0.802984 0.473534
vt 0.839439 0.559874
vt 0.828975 0.561833
vt 0.805481 0.444509
vt 0.795017 0.446468
vt 0.843345 0.573143
vt 0.832880 0.575102
vt 0.817958 0.486898
vt 0.807494 0.488857
vt 0.376687 0.627748
vt 0.828515 0.485028
vt 0.830467 0.491663
vt 0.826562 0.478394
vt 0.849995 0.558005
vt 0.853901 0.571274
vt 0.821447 0.461018
vt 0.824004 0.469706
vt 0.816037 0.442640
vt 0.818533 0.451119
vt 0.846090 0.544737
vt 0.842184 0.531468
vt 0.838279 0.518200
vt 0.834373 0.504931
vt 0.395681 0.649539
vt 0.417925 0.649342
vt 0.417925 0.667960
vt 0.395681 0.668157
vt 0.417925 0.688709
vt 0.373438 0.689103
vt 0.373438 0.672960
vt 0.373438 0.649737
vt 0.858734 0.587694
vt 0.848178 0.589563
vt 0.789886 0.303783
vt 0.796640 0.301776
vt 0.837714 0.591522
vt 0.927293 0.274552
vt 0.947231 0.274210
vt 0.720182 0.601773
vt 0.741759 0.601990
vt 0.973117 0.005423
vt 0.972868 0.011580
vt 0.927961 0.230715
vt 0.947757 0.235639
vt 0.849536 0.622366
vt 0.840430 0.617921
vt 1.000000 0.008003
vt 0.994287 0.012194
vt 0.858734 0.626901
vt 0.720612 0.575758
vt 0.741948 0.580865
vt 0.783140 0.255047
vt 0.789764 0.257367
vt 0.784814 0.634152
vt 0.783140 0.628353
vt 0.998095 0.049236
vt 0.992674 0.047110
vt 0.786580 0.640040
vt 0.903519 0.401097
vt 0.924418 0.396121
vt 0.924418 0.442363
vt 0.903519 0.442358
vt 0.863085 0.230715
vt 0.864967 0.234478
vt 0.959802 0.705543
vt 0.979715 0.700418
vt 0.979715 0.763825
vt 0.959802 0.763780
vt 0.972061 0.029038
vt 0.819944 0.191128
vt 0.823815 0.173935
vt 0.709384 0.752608
vt 0.709384 0.741621
vt 0.719802 0.741621
vt 0.719802 0.752608
vt 0.938390 0.439730
vt 0.938390 0.428743
vt 0.947050 0.428744
vt 0.947050 0.439730
vt 0.871043 0.549622
vt 0.401214 0.745999
vt 0.407418 0.745999
vt 0.407418 0.756986
vt 0.401214 0.756987
vt 0.871088 0.650421
vt 0.345627 0.691424
vt 0.345652 0.674200
vt 0.691235 0.421035
vt 0.276410 0.649342
vt 0.280067 0.649434
vt 0.277306 0.650488
vt 0.691235 0.398948
vt 0.691235 0.408023
vt 0.691235 0.389779
vt 0.691235 0.374628
vt 0.691235 0.339570
vt 0.691235 0.357097
vt 0.691235 0.321297
vt 0.691235 0.303180
vt 0.698806 0.203489
vt 0.695492 0.248498
vt 0.692178 0.293507
vt 0.701693 0.127155
vt 0.698727 0.153128
vt 0.698727 0.166600
vt 0.708700 0.023642
vt 0.386990 0.132210
vt 0.389395 0.025313
vt 0.948315 0.310375
vt 0.947757 0.266264
vt 0.951672 0.442640
vt 0.951375 0.458950
vt 0.560553 0.768331
vt 0.560536 0.722502
vt 0.632324 0.001240
vt 0.690391 0.000000
vt 0.706109 0.000581
vt 0.708700 0.001759
vt 0.389237 0.003341
vt 0.391206 0.001754
vt 0.542845 0.765180
vt 0.543088 0.753210
vt 0.560513 0.709998
vt 0.947757 0.249252
vt 0.947757 0.233993
vt 0.848603 0.721183
vt 0.949283 0.230715
vt 0.702260 0.159854
vt 0.384586 0.378234
vt 0.385802 0.280604
vt 0.383995 0.296360
vt 0.384030 0.281366
vt 0.384396 0.351893
vt 0.384031 0.301335
vt 0.384374 0.348833
vt 0.741948 0.691016
vt 0.745874 0.693947
vt 0.743879 0.695402
vt 0.387269 0.178128
vt 0.387308 0.176318
vt 0.388426 0.179079
vt 0.394469 0.179047
vt 0.400019 0.182006
vt 0.401547 0.189566
vt 0.973055 0.249278
vt 0.978954 0.250173
vt 0.978949 0.252732
vt 0.973055 0.251943
vt 0.978944 0.255108
vt 0.973056 0.254417
vt 0.978914 0.270870
vt 0.973057 0.270830
vt 0.978867 0.290098
vt 0.973053 0.291062
vt 0.969072 0.667968
vt 0.964174 0.667972
vt 0.964172 0.665330
vt 0.969071 0.665327
vt 0.964171 0.662877
vt 0.969069 0.662874
vt 0.964163 0.646605
vt 0.969061 0.646602
vt 0.964156 0.626613
vt 0.969054 0.626609
vt 0.971129 0.381676
vt 0.965801 0.381777
vt 0.965855 0.379134
vt 0.971183 0.379033
vt 0.965905 0.376680
vt 0.971233 0.376579
vt 0.966236 0.360402
vt 0.971564 0.360300
vt 0.966872 0.340398
vt 0.971984 0.339698
vt 0.959419 0.667975
vt 0.959418 0.665334
vt 0.959417 0.662881
vt 0.959408 0.646609
vt 0.959401 0.626616
vt 0.985348 0.248911
vt 0.985348 0.251551
vt 0.985348 0.254002
vt 0.985348 0.270266
vt 0.985348 0.290849
vt 0.697627 0.726589
vt 0.714196 0.728000
vt 0.393227 0.280521
vt 0.952085 0.601757
vt 0.953699 0.595883
vt 0.848873 0.723721
vt 0.850376 0.722830
vt 0.967820 0.307844
vt 0.968936 0.305924
vt 0.397148 0.266743
vt 0.397579 0.262460
vt 0.396281 0.271487
vt 0.968744 0.304034
vt 0.965453 0.292526
vt 0.954835 0.613321
vt 0.951672 0.624866
vt 0.951679 0.648134
vt 0.955819 0.662694
vt 0.965396 0.269290
vt 0.969886 0.254640
vt 0.970050 0.252356
vt 0.400469 0.213391
vt 0.400580 0.210938
vt 0.978998 0.232783
vt 0.985089 0.230715
vt 0.973060 0.233669
vt 0.969478 0.249479
vt 0.400699 0.208297
vt 0.780945 0.650100
vt 0.782622 0.649942
vt 0.779601 0.652770
vt 0.779322 0.651669
vt 0.782622 0.654249
vt 0.969301 0.234279
vt 0.934510 0.477225
vt 0.934606 0.468055
vt 0.934607 0.492376
vt 0.934656 0.509907
vt 0.934761 0.545709
vt 0.934662 0.527435
vt 0.934738 0.563827
vt 0.934784 0.573505
vt 0.934737 0.618533
vt 0.935047 0.698746
vt 0.934689 0.663560
vt 0.951777 0.468714
vt 0.951672 0.444479
vt 0.952403 0.572265
vt 0.965396 0.310366
vt 0.965348 0.417271
vt 0.965396 0.266256
vt 0.965396 0.250129
vt 0.965092 0.231397
vt 0.932000 0.458866
vt 0.560513 0.707370
vt 0.560401 0.753003
vt 0.577580 0.722569
vt 0.577624 0.768388
vt 0.577307 0.707370
vt 0.577624 0.709542
vt 0.558671 0.767750
vt 0.560513 0.766418
vt 0.560432 0.767825
vt 0.965069 0.440631
vt 0.951890 0.595111
vt 0.935794 0.450811
vt 0.934572 0.450940
vt 0.632110 0.435205
vt 0.648082 0.720487
vt 0.664897 0.728249
vt 0.769346 0.636300
vt 0.276301 0.672758
vt 0.413622 0.745999
vt 0.413622 0.756986
vt 0.819024 0.209731
vt 0.821250 0.209785
vt 0.820701 0.210840
vt 0.820761 0.209771
vt 0.822475 0.191310
vt 0.276253 0.578083
vt 0.276253 0.584141
vt 0.276297 0.551416
vt 0.276253 0.589600
vt 0.276301 0.627749
vt 0.897240 0.591068
vt 0.897340 0.599763
vt 0.905100 0.597176
vt 0.905059 0.593579
vt 0.900503 0.593602
vt 0.900544 0.597198
vt 0.769262 0.690618
vt 0.773818 0.690628
vt 0.773818 0.694225
vt 0.769262 0.694215
vt 0.782951 0.690618
vt 0.778404 0.690621
vt 0.778404 0.686266
vt 0.782951 0.686262
vt 0.928884 0.428743
vt 0.924418 0.428674
vt 0.924418 0.424334
vt 0.928884 0.424404
vt 0.773841 0.690618
vt 0.769262 0.690618
vt 0.769262 0.686262
vt 0.773841 0.686262
vt 0.774893 0.689790
vt 0.777351 0.689790
vt 0.778404 0.690618
vt 0.773841 0.690618
vt 0.777351 0.687090
vt 0.774893 0.687090
vt 0.773841 0.686262
vt 0.778404 0.686262
vt 0.781780 0.656950
vt 0.779322 0.656950
vt 0.779322 0.654250
vt 0.781780 0.654250
vt 0.417640 0.709236
vt 0.415186 0.709231
vt 0.415186 0.698598
vt 0.417640 0.698603
vt 0.463375 0.649395
vt 0.466795 0.649342
vt 0.466795 0.659727
vt 0.463375 0.659780
vt 0.417633 0.719871
vt 0.415186 0.719879
vt 0.415186 0.709244
vt 0.417633 0.709236
vn 0.2550 -0.9344 -0.2487
vn 0.9515 0.2288 0.2058
vn 1.0000 -0.0026 -0.0088
vn 0.9831 0.0857 -0.1616
vn 0.9999 -0.0148 0.0001
vn 0.0000 1.0000 0.0000
vn 0.3011 0.9508 -0.0732
vn 0.0000 0.9985 -0.0545
vn 0.4164 0.0033 0.9092
vn 0.2278 0.1853 -0.9559
vn 1.0000 -0.0049 -0.0013
vn 1.0000 0.0000 0.0000
vn 0.9843 0.1728 -0.0357
vn 0.1205 0.0221 0.9925
vn 0.1784 0.0115 0.9839
vn 1.0000 0.0031 -0.0014
vn 0.9991 -0.0028 -0.0429
vn 0.1313 -0.9349 -0.3296
vn 0.0922 -0.8723 -0.4802
vn 0.3580 0.0533 -0.9322
vn 0.1933 -0.8594 -0.4733
vn 0.9962 0.0613 0.0614
vn 0.0259 -0.9871 -0.1578
vn 0.9999 -0.0150 0.0013
vn 0.9994 -0.0344 0.0012
vn 0.9999 -0.0153 0.0009
vn 0.1775 -0.9686 -0.1740
vn 0.0000 0.9970 -0.0776
vn 0.4668 0.8739 -0.1354
vn 0.4783 -0.8754 -0.0699
vn 0.9508 0.3097 -0.0061
vn 0.0092 0.9977 -0.0671
vn 0.6582 0.7072 -0.2581
vn 0.9733 0.0494 -0.2241
vn 0.2793 -0.9545 -0.1043
vn 0.8061 0.4720 -0.3570
vn 0.7042 -0.7006 -0.1150
vn 0.0170 0.9951 -0.0972
vn 0.9056 0.1408 -0.4001
vn 0.6025 -0.7079 -0.3686
vn 0.0000 0.9971 0.0768
vn 0.7170 0.6953 -0.0500
vn 0.9988 -0.0429 -0.0240
vn 0.9995 0.0085 0.0320
vn 0.9731 0.2220 -0.0607
vn 0.9940 -0.0955 -0.0535
vn 0.0000 0.9983 0.0580
vn 0.8820 0.1345 -0.4516
vn 0.0079 0.9999 -0.0129
vn 0.8931 -0.4080 -0.1892
vn 0.8898 0.3110 -0.3339
vn 0.9999 0.0146 -0.0077
vn 0.0000 0.9964 0.0852
vn 0.9762 0.2133 -0.0382
vn 0.0000 0.9986 0.0533
vn 0.9779 0.2046 -0.0427
vn 0.9820 0.1884 -0.0142
vn 0.9997 0.0217 -0.0112
vn 0.2788 0.9593 -0.0459
vn 0.9932 0.1113 -0.0346
vn 0.9549 0.2956 0.0294
vn 0.9684 0.2430 -0.0559
vn 0.0000 0.9979 -0.0645
vn 0.9887 0.1461 -0.0331
vn 0.9775 0.2027 -0.0593
vn 0.9729 0.2243 -0.0562
vn 0.9871 0.1594 -0.0155
vn 0.9861 0.1582 -0.0502
vn 0.9849 0.1733 0.0004
vn 0.9958 -0.0912 -0.0099
vn 0.9955 0.0872 0.0376
vn 0.9902 -0.0771 -0.1160
vn 0.9980 0.0459 0.0430
vn 0.9985 0.0311 -0.0455
vn 0.9749 0.2186 0.0430
vn 0.3156 0.0063 0.9489
vn 0.2501 0.3363 -0.9079
vn 0.2788 0.3995 -0.8733
vn 0.9532 0.2301 0.1962
vn 0.0805 0.9929 0.0879
vn -0.0309 0.1985 -0.9796
vn 0.9549 0.2329 0.1841
vn -0.0080 0.9960 0.0893
vn 0.9789 0.2042 0.0109
vn 0.9850 0.1719 0.0125
vn 0.9828 0.1843 0.0098
vn 0.9799 0.1992 0.0099
vn 0.9731 0.2302 0.0122
vn 0.9611 0.1349 -0.2410
vn 0.9531 0.2386 -0.1863
vn 0.9398 0.3227 -0.1127
vn 0.9420 0.1753 -0.2861
vn 0.9682 0.2040 -0.1448
vn 0.9753 0.1826 -0.1242
vn 0.9197 0.1950 0.3407
vn 0.9893 0.1427 -0.0305
vn 0.9206 0.1971 0.3370
vn 0.1414 -0.0145 -0.9898
vn 0.9655 0.2295 -0.1228
vn 0.9093 0.2373 0.3420
vn 0.9862 0.1366 -0.0931
vn 0.9401 0.1465 0.3077
vn 0.1950 -0.0267 -0.9804
vn 1.0000 0.0000 0.0099
vn 0.9654 0.2605 0.0065
vn 0.0000 0.9997 0.0234
vn 0.9555 0.2948 0.0069
vn 0.9811 0.1936 0.0045
vn 0.9789 0.2042 0.0048
vn 0.9057 0.4175 -0.0739
vn 0.9663 0.2054 -0.1549
vn 0.0393 0.0202 -0.9990
vn 0.0070 0.9999 -0.0141
vn -0.0026 1.0000 -0.0022
vn 0.0150 0.0370 0.9992
vn 0.9973 0.0406 0.0609
vn 0.9844 0.1759 0.0000
vn 0.9659 0.2589 0.0000
vn 0.9825 0.1837 0.0306
vn 0.8826 0.4594 0.0999
vn 0.0000 0.1246 0.9922
vn 0.9727 0.1406 0.1847
vn 0.9845 0.1646 0.0614
vn 0.9666 0.2477 0.0662
vn 0.9426 0.3088 0.1275
vn 0.0000 0.9175 0.3978
vn 0.0000 0.4205 0.9073
vn 0.8663 0.4900 0.0966
vn 0.0000 0.9955 0.0949
vn 0.6837 0.7008 0.2033
vn 0.9316 0.3597 0.0526
vn 0.0216 0.0520 0.9984
vn 0.0093 0.9985 0.0536
vn 0.9427 0.3334 -0.0110
vn 0.9602 0.2785 -0.0202
vn 0.9811 0.1936 0.0000
vn 0.9789 0.2042 0.0000
vn 0.0000 0.9798 0.1998
vn 0.9358 0.3519 0.0213
vn 0.9707 0.2328 0.0594
vn 0.9724 0.2280 0.0491
vn 0.9816 0.1889 0.0274
vn 0.3712 0.0000 -0.9285
vn 0.1631 0.0000 0.9866
vn -0.3561 0.0000 -0.9344
vn -0.0222 -0.5267 0.8497
vn -0.0253 0.9899 -0.1396
vn 0.9844 0.1744 -0.0244
vn 0.9369 0.3363 0.0949
vn -0.2853 0.5776 -0.7648
vn 0.8058 0.5922 0.0000
vn 0.1570 0.6960 0.7007
vn -0.0415 0.9859 0.1622
vn 0.5306 -0.8301 -0.1717
vn 0.0000 0.9964 0.0848
vn 0.9818 0.1860 0.0388
vn -0.3898 -0.5175 -0.7617
vn 0.0330 0.0116 -0.9994
vn 1.0000 -0.0024 0.0012
vn 0.9894 0.1405 -0.0375
vn 0.0161 0.9998 -0.0074
vn -0.0118 0.9999 -0.0081
vn -0.0059 -0.0333 -0.9994
vn -0.0137 0.9997 -0.0196
vn 0.0316 0.0104 -0.9994
vn 1.0000 0.0006 -0.0004
vn 1.0000 0.0015 -0.0007
vn -0.0327 0.9992 -0.0248
vn 1.0000 -0.0024 -0.0008
vn 0.0276 0.9994 -0.0224
vn 1.0000 -0.0022 0.0017
vn 1.0000 -0.0026 0.0005
vn 1.0000 -0.0003 0.0001
vn 1.0000 -0.0018 0.0003
vn 1.0000 -0.0016 -0.0020
vn 1.0000 0.0009 -0.0021
vn 1.0000 0.0001 -0.0012
vn 1.0000 -0.0016 -0.0013
vn -0.0264 0.9980 0.0573
vn 0.0220 0.9984 0.0526
vn 0.8831 0.0110 0.4690
vn 0.8943 0.0202 0.4470
vn 0.9816 0.1291 0.1409
vn 0.0002 0.9884 0.1517
vn 0.0037 0.9885 0.1509
vn -0.0463 0.0125 -0.9988
vn 0.9372 0.3489 0.0057
vn -0.0668 0.0162 -0.9976
vn 1.0000 -0.0002 0.0010
vn -0.0744 -0.0395 -0.9965
vn 0.0079 -0.0023 1.0000
vn 1.0000 -0.0060 -0.0011
vn 1.0000 -0.0082 -0.0049
vn 0.0286 0.0439 0.9986
vn 0.0075 0.9999 -0.0109
vn 0.9989 0.0397 0.0237
vn 0.0188 0.9995 0.0266
vn 0.6451 0.7298 -0.2263
vn 1.0000 -0.0007 0.0006
vn 1.0000 -0.0010 0.0018
vn 0.0000 0.9988 -0.0480
vn 0.0000 0.9990 -0.0456
vn 0.0000 0.9950 -0.1002
vn 0.9939 -0.0701 -0.0853
vn 0.9797 0.0048 -0.2006
vn 0.3227 0.2345 -0.9170
vn 0.3801 0.3951 -0.8363
vn 1.0000 -0.0002 -0.0001
vn 0.0429 0.9863 0.1595
vn -0.1588 0.6971 0.6991
vn 0.8484 0.3248 0.4180
vn 0.2960 0.5739 -0.7635
vn 0.0260 0.9899 -0.1396
vn 0.8057 0.5921 0.0139
vn 0.9492 -0.0184 -0.3140
vn 0.8317 0.0081 -0.5551
vn -0.0582 0.2488 0.9668
vn -0.0208 0.2537 0.9670
vn 1.0000 0.0058 0.0064
vn 0.0080 0.9971 0.0761
vn 0.9656 -0.1193 -0.2312
vn -0.0058 0.9957 0.0925
vn 0.9528 0.3008 0.0423
vn 0.9845 0.1751 0.0101
vn 0.9569 0.2900 -0.0150
vn 0.9582 0.2857 0.0135
vn 0.9419 0.3356 0.0124
vn 0.2422 0.0763 -0.9672
vn 0.9469 0.3201 -0.0295
vn 0.9999 -0.0105 -0.0036
vn 0.2503 0.9681 0.0083
vn 0.3681 0.3481 -0.8621
vn 0.0020 1.0000 -0.0001
vn -0.0711 0.0076 -0.9974
vn 0.0005 0.9885 0.1510
vn 0.9301 0.0983 0.3538
vn -0.0110 0.9981 0.0612
vn 1.0000 -0.0007 -0.0024
vn 1.0000 -0.0011 -0.0009
vn -0.0137 0.9995 -0.0273
vn 0.0188 -0.0292 -0.9994
vn -0.0087 0.9997 -0.0245
vn 0.9816 0.1754 0.0756
vn 0.9745 0.2241 -0.0078
vn 0.9627 0.2638 0.0593
vn 0.9759 0.2173 0.0197
vn -0.0335 0.0110 -0.9994
vn -0.0051 0.9996 -0.0268
vn 0.9640 0.2657 0.0065
vn 0.9075 0.2893 0.3046
vn 0.9584 0.2581 -0.1218
vn 0.9423 0.2653 -0.2043
vn 0.9705 0.2407 0.0117
vn 0.9853 0.1619 -0.0539
vn 0.9999 -0.0115 -0.0085
vn 0.9794 0.1991 -0.0346
vn 0.0220 0.9994 0.0266
vn 0.9975 -0.0297 -0.0635
vn 0.9094 0.0422 -0.4139
vn 0.0121 0.9950 -0.0991
vn 0.0016 0.9960 -0.0898
vn 0.9931 0.0137 -0.1164
vn 0.3264 -0.9369 -0.1250
vn 0.9997 -0.0254 -0.0026
vn 0.9570 0.2133 0.1964
vn 0.9840 0.0032 0.1782
vn 0.9934 -0.0527 0.1022
vn 0.6851 0.7188 0.1182
vn 0.2683 0.7244 0.6351
vn 0.1497 0.7805 -0.6069
vn 0.6987 0.7105 -0.0837
vn 0.1525 0.7461 -0.6482
vn 0.3061 0.7115 0.6325
vn 0.9816 0.0025 0.1908
vn 0.4094 0.1905 -0.8922
vn 0.1192 0.0198 0.9927
vn 0.2308 0.1851 -0.9552
vn 0.3882 0.0031 0.9216
vn 0.9716 0.0573 -0.2295
vn 0.9962 -0.0000 -0.0866
vn 0.9995 0.0238 -0.0192
vn -0.0569 0.0253 0.9981
vn 0.9974 0.0048 -0.0720
vn 0.1005 0.0951 -0.9904
vn 0.2180 0.1614 0.9625
vn 1.0000 0.0000 -0.0001
vn 0.9251 0.3012 -0.2314
vn 0.9264 0.3093 -0.2147
vn 0.8949 0.2205 -0.3881
vn 0.8689 -0.0988 -0.4850
vn 0.0262 0.8806 -0.4731
vn 0.2248 0.2753 -0.9347
vn 0.2142 0.7605 -0.6130
vn 0.3264 0.4328 -0.8403
vn 0.8704 0.4545 -0.1894
vn 0.9942 0.0889 0.0602
vn 0.8558 -0.0150 -0.5171
vn 0.1192 -0.0467 0.9918
vn 0.9880 -0.0665 0.1394
vn 0.9277 -0.3517 -0.1248
vn 0.8206 -0.5715 0.0031
vn 0.8307 -0.5314 -0.1663
vn 0.7909 -0.4850 -0.3732
vn 0.7365 -0.4666 -0.4898
vn 0.2267 -0.4387 0.8695
vn 0.9800 0.0129 0.1986
vn 0.9965 0.0777 0.0293
vn 0.3322 0.2792 -0.9010
vn 0.9207 0.2783 -0.2735
vn 0.8987 0.0707 0.4328
vn 0.9720 0.2283 -0.0561
vn 0.9772 0.2028 -0.0623
vn 0.9688 0.0674 0.2384
vn 0.0930 0.9945 -0.0481
vn 0.0112 0.2236 -0.9746
vn -0.0744 -0.0349 -0.9966
vn 1.0000 -0.0009 -0.0005
vn 0.9906 0.0000 0.1370
vn 0.0178 0.7248 -0.6887
vn 0.9486 0.3166 0.0000
vn 0.9348 0.3109 0.1719
vn 0.9664 0.2416 0.0875
vn 1.0000 -0.0003 0.0006
vn 0.9485 0.3166 0.0074
vn 0.8615 0.3729 0.3446
vn 0.9692 0.2186 -0.1134
vn 0.9284 0.3483 -0.1293
vn 0.9998 0.0184 0.0061
vn 0.9326 0.3591 -0.0350
vn 0.9850 0.1725 0.0065
vn 0.9509 0.3002 0.0753
vn 0.9663 0.2495 0.0635
vn 0.9844 0.1477 -0.0961
vn 0.9991 -0.0428 -0.0036
vn 0.9791 0.2019 -0.0225
vn 0.9450 0.3189 -0.0729
vn 0.5872 0.5755 0.5692
vn 0.7324 0.1768 0.6575
vn 0.1603 0.2121 0.9640
vn 0.1828 0.1433 -0.9726
vn 0.5882 0.3629 -0.7227
vn 0.1291 0.9916 -0.0015
vn 0.9998 0.0199 0.0061
vn -0.0225 0.6384 -0.7693
vn 0.0713 0.1252 -0.9896
vn 0.9999 -0.0128 0.0000
vn 0.8776 0.0140 0.4793
vn 0.8498 -0.0105 0.5269
vn 0.9218 0.2987 -0.2471
vn 0.9270 0.2497 -0.2799
vn 0.1739 0.0210 0.9845
vn 0.9308 0.1289 -0.3420
vn 0.9335 0.2163 -0.2859
vn 0.7690 0.1206 -0.6277
vn 0.8890 0.1283 -0.4396
vn 0.9402 0.1823 -0.2876
vn 0.1295 0.7009 0.7014
vn 0.9006 0.1377 0.4123
vn 0.0000 0.7101 0.7041
vn -0.1613 0.0226 0.9866
vn 0.9611 0.0678 -0.2679
vn 0.0746 0.7501 -0.6571
vn 0.8614 0.3334 0.3833
vn 0.9094 0.2449 0.3361
vn 0.9176 0.1700 0.3592
vn 0.9096 0.2194 0.3529
vn 0.9108 0.1993 0.3616
vn 0.9032 0.1935 0.3831
vn 0.8809 0.0598 0.4695
vn 0.7239 0.5142 -0.4599
vn 0.9439 0.0702 0.3226
vn 0.9170 0.1677 0.3619
vn 0.3669 0.3912 0.8440
vn 0.3467 0.9342 0.0838
vn 0.8942 0.4445 0.0524
vn 0.9342 0.0414 0.3543
vn 0.3875 0.1165 0.9145
vn 0.8862 0.4521 0.1015
vn 0.8594 0.5030 0.0911
vn 0.8819 0.4711 0.0174
vn 0.0060 -0.0041 1.0000
vn 0.0382 0.0240 -0.9990
vn -0.0451 0.9987 -0.0256
vn 1.0000 -0.0011 0.0021
vn 1.0000 0.0013 0.0011
vn 0.0225 0.0262 0.9994
vn 1.0000 -0.0016 0.0005
vn 0.9906 0.0000 -0.1370
vn -0.0570 -0.9875 0.1467
vn 0.4051 -0.1175 0.9067
vn 0.0041 -0.0053 1.0000
vn 0.0521 0.0325 0.9981
vn 1.0000 -0.0016 -0.0022
vn 0.0041 -0.0023 1.0000
vn 0.7071 0.7071 0.0000
vn 1.0000 -0.0004 0.0001
vn -0.0752 0.9947 0.0697
vn 0.6850 0.0058 -0.7285
vn 0.6910 0.0010 -0.7228
vn 0.6642 -0.0346 -0.7468
vn 0.6712 -0.0296 -0.7407
vn 0.7093 0.0277 0.7044
vn 0.7075 0.0231 0.7064
vn 0.6768 0.0036 -0.7362
vn 0.7067 -0.0009 0.7075
vn 0.6797 0.0074 -0.7335
vn 0.7070 -0.0003 0.7072
vn 0.5608 0.0602 -0.8258
vn -0.0591 0.0159 -0.9981
vn -0.0190 0.9937 0.1105
vn 0.7136 0.0076 -0.7005
vn 0.6877 -0.0190 -0.7257
vn 0.7064 -0.0153 -0.7077
vn 0.7195 0.0117 -0.6943
vn 0.7178 0.0176 -0.6960
vn 0.7153 0.0162 -0.6987
vn 0.4127 0.8171 -0.4026
vn 0.7183 0.0021 -0.6957
vn 0.0342 0.0223 -0.9992
vn 0.9985 0.0354 0.0406
vn 0.9578 0.2873 0.0042
vn 0.9991 -0.0018 0.0435
vn 0.9757 0.0000 0.2190
vn 0.9758 -0.0017 -0.2185
vn 0.9886 0.0000 -0.1504
vn 0.0663 0.9969 0.0425
vn 0.9755 0.0000 0.2201
vn 0.9864 0.0057 -0.1640
vn 1.0000 -0.0004 -0.0001
vn -0.0110 0.9999 -0.0128
vn 1.0000 -0.0012 0.0010
vn 0.0184 0.9893 0.1444
vn 1.0000 -0.0018 -0.0003
vn 1.0000 -0.0026 -0.0005
vn 0.0221 0.9998 -0.0001
vn 1.0000 -0.0024 0.0008
vn -0.0278 0.9996 -0.0080
vn 1.0000 0.0016 0.0009
vn 1.0000 -0.0004 -0.0016
vn -0.1631 0.0000 0.9866
vn 0.2768 -0.0030 0.9609
vn 0.5274 -0.3282 -0.7837
vn -0.0175 0.9895 0.1434
vn 0.9804 0.1898 -0.0529
vn 0.6319 0.7701 -0.0874
vn -0.1469 0.6645 0.7327
vn 0.8325 0.5540 0.0000
vn 0.2563 0.7423 -0.6191
vn 0.2483 0.7412 0.6236
vn -0.2332 0.6438 -0.7288
vn 0.1086 0.7461 0.6569
vn -0.2302 0.7631 -0.6039
vn -0.2226 0.7620 0.6081
vn 0.2115 0.7063 -0.6756
vn 0.6202 0.7803 0.0808
vn 0.7070 0.7070 -0.0146
vn -0.0072 0.9993 0.0355
vn 1.0000 -0.0003 -0.0019
vn 1.0000 -0.0003 -0.0010
vn 1.0000 0.0003 -0.0015
vn 0.0133 0.9997 0.0194
vn 1.0000 -0.0006 -0.0014
vn -0.0178 0.9994 0.0293
vn 1.0000 -0.0004 -0.0006
vn 0.9992 0.0000 0.0410
vn 0.7667 0.0000 0.6421
vn 0.2247 -0.4184 0.8800
vn 0.1562 -0.0001 0.9877
vn 0.1562 0.0000 0.9877
vn 0.0001 1.0000 -0.0003
vn 0.0000 -1.0000 0.0000
vn 0.0000 0.0000 1.0000
vn 1.0000 -0.0001 -0.0000
vn -0.0074 1.0000 0.0036
vn 1.0000 -0.0002 -0.0000
vn 0.0050 1.0000 0.0028
vn 1.0000 0.0001 -0.0001
vn 1.0000 -0.0001 -0.0001
vn -0.0030 1.0000 0.0052
vn 0.0000 -0.0000 -1.0000
vn 1.0000 -0.0014 0.0005
vn 0.9729 0.1353 -0.1874
vn 1.0000 -0.0019 0.0008
vn 0.0142 0.9995 -0.0285
vn 0.0087 0.9993 -0.0356
vn 0.0485 0.9988 0.0072
vn -0.0023 0.0095 -1.0000
vn -0.0043 0.0061 -1.0000
vn 1.0000 -0.0032 0.0020
vn 0.9905 0.1377 0.0001
vn 1.0000 -0.0003 0.0002
vn 0.9999 -0.0065 0.0150
vn 1.0000 -0.0032 0.0055
vn 0.0001 0.0004 1.0000
vn 0.9969 0.0000 -0.0782
vn 0.9921 0.1115 -0.0581
vn 0.0006 1.0000 -0.0015
vn 1.0000 -0.0037 0.0037
vn 1.0000 -0.0012 0.0012
vn 0.0033 1.0000 -0.0035
vn 0.0088 0.0104 0.9999
vn -0.0015 1.0000 0.0033
vn 0.9998 -0.0088 0.0153
vn 1.0000 -0.0049 0.0017
vn 1.0000 -0.0054 0.0061
vn 0.0233 0.0085 0.9997
vn 1.0000 -0.0046 0.0009
vn 1.0000 -0.0007 0.0004
vn 0.9963 0.0854 0.0005
vn 1.0000 -0.0001 0.0001
vn 0.0054 1.0000 -0.0021
vn 0.0008 1.0000 -0.0004
vn 1.0000 -0.0022 0.0022
vn 0.0023 0.0014 1.0000
vn 0.0038 -0.0019 1.0000
vn 0.9963 0.0854 -0.0005
vn 0.9999 -0.0103 0.0112
vn 1.0000 -0.0073 0.0046
vn 0.0037 1.0000 0.0051
vn 1.0000 -0.0011 0.0003
vn 1.0000 -0.0047 -0.0010
vn 1.0000 -0.0023 -0.0023
vn 1.0000 -0.0050 -0.0017
vn 1.0000 0.0025 -0.0025
vn 0.0005 1.0000 0.0003
vn 0.0272 -0.0104 0.9996
vn -0.0003 1.0000 0.0006
vn 0.0009 -0.0019 1.0000
vn 1.0000 0.0049 -0.0052
vn 1.0000 -0.0039 -0.0039
vn 0.0186 -0.0150 0.9997
vn 1.0000 0.0025 -0.0057
vn 1.0000 -0.0016 -0.0052
vn -0.0249 0.9996 0.0144
vn 1.0000 -0.0033 -0.0020
vn -0.0098 0.9998 0.0193
vn 0.9963 0.0856 -0.0002
vn 0.0016 1.0000 -0.0054
vn 1.0000 -0.0087 0.0015
vn 0.9448 0.0813 0.3173
vn 1.0000 -0.0003 -0.0040
vn 1.0000 -0.0015 -0.0025
vn 0.9999 -0.0112 0.0032
vn 1.0000 -0.0013 0.0001
vn 1.0000 0.0023 -0.0043
vn 1.0000 0.0019 -0.0019
vn 0.0004 0.0004 1.0000
vn 1.0000 0.0031 -0.0033
vn -0.0030 1.0000 0.0025
vn 1.0000 -0.0011 -0.0008
vn 0.0106 -0.0050 0.9999
vn 1.0000 -0.0004 0.0000
vn -0.0058 0.0127 -0.9999
vn 0.9356 0.3511 -0.0368
vn 0.0037 0.0181 -0.9998
vn 0.0028 0.0392 -0.9992
vn 0.0034 0.9984 -0.0561
vn -0.0209 0.9997 -0.0101
vn -0.0168 0.9994 -0.0301
vn 0.0092 0.9986 -0.0517
vn 0.4782 0.8778 0.0293
vn 0.0000 0.9963 0.0858
vn 0.9633 0.2356 0.1288
vn -0.0000 0.9884 0.1521
vn 0.0012 0.9884 0.1522
vn 0.9452 0.3218 0.0543
vn 0.9551 0.1327 0.2648
vn 0.8990 0.0751 0.4314
vn 0.0014 1.0000 -0.0000
vn 0.0005 1.0000 0.0018
vn 0.2605 0.9639 -0.0545
vn 0.5262 0.8502 -0.0130
vn 0.7368 0.6088 -0.2941
vn -0.0022 0.9867 0.1626
vn -0.0130 0.9880 0.1542
vn 0.0015 0.0052 -1.0000
vn -0.9999 0.0109 -0.0020
vn 0.8980 0.2086 -0.3873
vn -1.0000 0.0009 -0.0001
vn -0.9999 0.0137 -0.0053
vn 0.2357 0.8154 -0.5287
vn 0.3329 0.7410 -0.5832
vn 0.2315 0.9695 -0.0803
vn -0.0338 0.0607 -0.9976
vn 0.0068 0.0101 -0.9999
vn -0.0029 0.0074 -1.0000
vn 0.0069 0.0061 -1.0000
vn -0.9998 0.0094 -0.0171
vn -1.0000 0.0062 -0.0065
vn 0.0000 0.9967 0.0814
vn -1.0000 0.0003 -0.0001
vn 0.6071 0.7647 -0.2162
vn 0.3172 0.8872 -0.3350
vn 0.0000 0.9961 0.0880
vn 0.8173 0.5730 -0.0598
vn 0.9374 0.0863 0.3375
vn 0.9559 -0.0012 0.2938
vn 0.8938 0.0000 0.4485
vn 0.9015 0.0788 0.4256
vn 0.9840 0.1664 0.0631
vn 0.9979 0.0504 0.0410
vn 0.9773 0.2119 0.0000
vn 0.9380 0.3447 0.0380
vn 0.9436 0.3306 0.0142
vn 0.8961 0.4259 0.1247
vn 1.0000 -0.0034 0.0042
vn 1.0000 0.0023 0.0042
vn 0.0065 0.0143 -0.9999
vn 0.0175 0.0224 -0.9996
vn -0.9978 0.0446 0.0489
vn 0.0468 0.9987 0.0196
vn 0.7016 -0.0044 -0.7125
vn 0.7051 -0.0021 -0.7091
vn 0.7071 0.0000 0.7071
vn 0.1827 0.8693 -0.4593
vn 0.2105 0.8820 -0.4216
vn 0.0409 0.9935 -0.1065
vn 0.0433 0.9956 0.0829
vn -0.1206 0.9886 0.0898
vn -0.0707 0.8702 -0.4876
vn -0.1342 0.9848 -0.1106
vn -0.0355 0.9197 -0.3909
vn -0.1649 0.8625 -0.4784
vn -0.3695 0.9173 0.1484
vn -0.1901 0.8821 -0.4310
vn -0.1343 0.9889 -0.0643
vn 0.0135 0.9910 -0.1334
vn 0.9999 0.0014 0.0114
vn 0.0471 0.9960 0.0763
vn -0.0052 0.9995 0.0299
vn -0.0600 0.9951 -0.0783
vn -0.0238 0.9964 0.0814
vn -0.0374 0.9982 -0.0475
vn -0.0256 0.9997 -0.0064
vn 0.9939 -0.0652 0.0890
vn 0.9928 -0.1102 0.0463
vn 0.9933 -0.0884 -0.0749
vn 0.9915 -0.0088 -0.1297
vn 0.9965 0.0656 -0.0517
vn 0.9963 0.0738 0.0430
vn 0.9979 0.0336 0.0562
vn 1.0000 0.0043 0.0079
vn 0.9972 0.0391 -0.0633
vn 0.9973 0.0389 0.0630
vn 0.9912 0.0116 0.1318
vn 0.9975 0.0507 0.0501
vn 0.9921 0.0659 -0.1066
vn 0.9819 0.0345 -0.1860
vn 0.9976 -0.0093 -0.0681
vn 0.9962 -0.0340 0.0800
vn 0.9948 -0.0303 0.0977
vn 0.9999 -0.0117 0.0029
vn 1.0000 -0.0009 -0.0008
vn 1.0000 -0.0065 -0.0007
vn 0.9955 -0.0631 -0.0710
vn 0.9960 -0.0593 0.0664
vn 1.0000 -0.0014 -0.0012
vn 0.0033 -0.0033 1.0000
vn -0.9949 -0.0829 0.0581
vn -0.0143 0.0150 -0.9998
vn -0.9970 0.0763 0.0095
vn 0.0288 -0.0427 0.9987
vn -0.9977 0.0489 -0.0468
vn -0.0494 0.9970 0.0590
vn 0.0448 0.9973 -0.0577
vn 0.0213 0.9961 0.0853
vn -0.0376 0.9948 -0.0945
vn -0.0563 0.9971 0.0515
vn -0.0265 0.9996 -0.0104
vn -0.0690 0.9945 0.0782
vn -0.0090 0.0090 -0.9999
vn 0.9999 -0.0084 -0.0107
vn 0.0257 -0.0257 0.9993
vn 1.0000 -0.0037 -0.0015
vn -0.0105 0.0106 -0.9999
vn 0.9963 -0.0558 0.0653
vn -0.9976 -0.0500 -0.0489
vn 0.0235 -0.0235 0.9994
vn 0.9953 -0.0938 -0.0252
vn -0.0014 0.0014 -1.0000
vn 0.9914 0.1077 -0.0744
vn 0.9955 0.0663 0.0677
vn 0.0232 -0.0446 -0.9987
vn -0.0133 0.0134 0.9998
vn -0.0221 0.0535 0.9983
vn -1.0000 0.0044 0.0052
vn 0.0079 -0.0257 -0.9996
vn -0.9997 0.0159 0.0191
vn 0.0157 -0.0296 0.9994
vn -1.0000 0.0069 -0.0003
vn -0.0306 0.0510 -0.9982
vn 0.0409 0.9991 -0.0058
vn -0.7163 0.0078 -0.6977
vn 0.7124 -0.0038 -0.7018
vn 0.7066 -0.0004 -0.7076
vn 0.7133 0.0037 -0.7009
vn 0.7049 -0.0016 -0.7093
vn 0.6984 -0.0086 0.7157
vn -0.4906 0.0000 0.8714
vn -0.0001 0.9998 -0.0220
vn 0.0154 0.9998 -0.0141
vn -0.4798 -0.0087 -0.8773
vn -0.7182 -0.0011 0.6959
vn 0.9139 -0.0103 -0.4058
vn 0.7041 0.0011 -0.7101
vn 0.7024 -0.0077 0.7118
vn 0.9095 0.0106 0.4157
vn 0.1581 0.9857 0.0577
vn 0.9996 -0.0177 0.0198
vn -0.0603 0.9981 0.0131
vn -0.9997 -0.0172 -0.0193
vn -0.0238 0.9995 -0.0213
vn 0.0326 0.0878 -0.9956
vn 0.0419 0.0467 -0.9980
vn -0.0205 0.0195 -0.9996
vn -0.0185 0.0236 -0.9996
vn 0.0069 0.0071 -1.0000
vn 0.0026 0.0020 -1.0000
vn -0.0098 0.0059 -0.9999
vn -0.0066 0.0146 -0.9999
vn 0.0183 0.9997 -0.0163
vn -0.0420 0.9984 0.0377
vn -0.0451 0.9990 -0.0043
vn 0.0599 0.0480 -0.9970
vn -0.0149 0.0118 0.9998
vn 0.0148 0.0020 0.9999
vn 0.0191 -0.0153 -0.9997
vn -0.0469 -0.0372 0.9982
vn 0.9994 0.0239 0.0268
vn -0.0098 -0.0015 -1.0000
vn -0.9998 0.0126 -0.0142
vn 0.0050 -0.0042 1.0000
vn -1.0000 0.0000 0.0000
vn -0.0815 0.9939 0.0745
vn 0.0248 -0.0205 0.9995
vn -0.0031 0.0043 -1.0000
vn 1.0000 -0.0010 -0.0009
vn 0.0000 0.9947 0.1033
vn 0.0200 0.9953 -0.0951
vn 0.0017 0.9958 -0.0914
vn 0.1623 0.9864 -0.0262
vn -0.0251 0.9940 -0.1065
vn 0.0751 0.9935 -0.0858
vn -0.0607 0.9974 -0.0387
vn 0.0360 0.9122 -0.4081
vn 0.0215 0.9869 -0.1598
vn 0.1017 0.8825 -0.4591
vn -0.1575 0.9801 0.1212
vn 0.0183 0.9977 -0.0658
vn -0.1468 0.9886 -0.0321
vn -0.3553 0.7963 -0.4896
vn 0.0000 1.0000 -0.0006
vn -0.4724 0.8620 0.1839
vn -0.2579 0.9234 -0.2844
vn 0.0002 1.0000 0.0004
vn -0.1775 0.9525 -0.2475
vn -0.0570 0.9946 -0.0872
vn -0.3390 0.9238 0.1779
vn -0.0271 0.9807 -0.1936
vn 0.9230 0.0000 0.3847
vn 0.9992 0.0000 0.0403
vn 0.9928 0.1076 0.0520
vn 0.9909 0.1079 0.0808
vn 0.9730 0.2305 0.0120
vn 0.9559 0.0104 0.2935
vn 0.9230 0.0026 0.3847
vn 0.0000 0.9592 -0.2828
vn -0.0000 0.3952 -0.9186
vn 0.0000 0.4318 0.9020
vn 0.0000 0.8869 0.4620
vn 0.0000 0.9268 -0.3755
vn -0.0000 0.9277 0.3733
vn -0.7196 0.0000 -0.6943
vn -0.7196 0.0001 -0.6944
vn 0.2164 0.4005 0.8904
vn -0.0707 0.9122 -0.4037
vn -0.0152 0.9470 -0.3209
vn 0.0854 0.9144 0.3957
vn -0.1111 0.3574 -0.9273
vn 0.1246 0.8690 0.4788
vn -0.4972 0.8677 0.0000
vn -0.3849 0.9230 0.0000
vn 0.4946 0.8691 0.0000
vn -0.9567 0.2910 0.0000
vn 0.5932 0.8051 0.0000
vn 0.9472 0.3207 0.0000
vn 0.9611 0.2760 0.0113
vn 0.0004 1.0000 0.0002
vn -0.0946 0.9955 -0.0110
vn -0.1095 0.9934 -0.0329
vn -0.0542 0.9971 -0.0542
vn -0.0160 0.9969 -0.0775
vn 0.1854 0.9799 -0.0732
vn 0.3737 0.9273 -0.0213
vn 0.6361 0.7705 0.0410
vn 0.9908 0.1302 0.0374
vn 0.7943 -0.5998 -0.0969
vn 0.3699 -0.9281 0.0412
vn 0.0000 0.9984 -0.0564
vn 0.9540 0.3000 0.0027
vn 0.9966 0.0550 0.0610
vn 0.3844 0.9232 -0.0056
vn 0.9999 -0.0156 0.0023
vn 0.9995 -0.0317 -0.0020
vn 0.0628 -0.9977 0.0250
vn 0.9204 -0.2021 -0.3346
vn 0.6971 0.2606 -0.6679
vn 0.0906 0.9922 0.0858
vn 0.6960 0.7109 -0.1011
vn 0.7076 0.7066 0.0000
vn 0.7070 0.7060 0.0410
vn 0.7066 0.7055 0.0543
vn 0.6996 0.7132 0.0429
vn 0.7045 0.7096 0.0140
vn 0.7029 0.7103 0.0379
vn 0.7071 0.7070 0.0166
vn 0.6151 0.7884 0.0031
vn 0.6471 0.7624 -0.0070
vn 0.6486 0.0229 0.7608
vn 0.7420 -0.0174 -0.6702
vn 0.6895 0.3853 -0.6133
vn 0.7120 0.4958 0.4973
vn 0.7075 0.0207 -0.7064
vn 0.6916 0.7223 0.0010
vn 0.7072 0.7071 0.0000
vn 0.6810 0.0390 0.7312
vn 0.6062 0.7953 0.0074
vn 0.3222 0.2496 -0.9132
vn -0.0103 0.9373 0.3483
vn 0.9216 0.3675 0.1249
vn 0.9925 -0.0775 -0.0947
vn 0.9887 -0.0896 -0.1203
vn 0.7019 0.7123 -0.0003
vn 0.7005 0.7136 -0.0003
vn 0.9968 -0.0570 0.0557
vn 0.9835 -0.1569 0.0905
vn 0.8660 0.0160 0.4997
vn 0.1592 -0.0093 0.9872
vn 0.6843 0.7236 0.0902
vn 0.6999 0.7116 -0.0623
vn 0.6902 0.7236 0.0015
vn 0.7057 0.7085 0.0000
vn 0.6394 0.7078 0.3004
vn -0.0010 1.0000 -0.0029
vn 0.6576 0.7137 -0.2414
vn -0.0183 0.7080 -0.7060
vn 0.7316 0.4918 -0.4721
vn 0.7621 0.0000 -0.6474
vn 0.8487 0.0625 -0.5251
vn 0.7618 0.6471 -0.0318
vn 0.1640 -0.9855 -0.0439
vn 0.1602 -0.9861 -0.0440
vn 0.1459 -0.9883 -0.0441
vn 0.1167 -0.9921 -0.0457
vn 0.0726 -0.9964 -0.0432
vn 0.0000 0.9991 0.0414
vn 0.0000 0.9987 0.0504
vn 0.0000 0.9977 0.0685
vn 0.9848 0.1733 0.0072
vn 0.9842 0.1771 0.0081
vn 0.9818 0.1897 0.0103
vn 0.4856 -0.8733 -0.0391
vn 0.4881 -0.8719 -0.0391
vn 0.4973 -0.8667 -0.0388
vn 0.5171 -0.8550 -0.0390
vn 0.5397 -0.8409 -0.0397
vn 0.3659 0.5201 0.7718
vn 0.6480 0.2094 0.7323
vn 0.9976 -0.0441 -0.0530
vn 0.9968 -0.0136 -0.0783
vn 0.6385 0.7696 0.0095
vn 0.5986 -0.2704 -0.7540
vn 0.5752 -0.3113 -0.7565
vn 0.7494 -0.6124 0.2517
vn 0.7550 0.6546 0.0382
vn 0.6944 0.6855 0.2189
vn 0.7762 -0.6023 0.1867
vn 0.6962 -0.7136 -0.0779
vn 0.5753 0.8172 -0.0346
vn 0.4464 0.8937 0.0460
vn 0.6218 0.7729 0.1264
vn 0.6344 -0.7724 -0.0286
vn 0.7051 -0.7090 0.0093
vn 0.7879 -0.6076 -0.1005
vn 0.8323 0.5541 0.0165
vn 0.4816 -0.8753 -0.0435
vn 0.9849 0.1730 -0.0041
vn 0.1798 -0.9826 -0.0459
vn 0.7233 -0.6867 -0.0731
vn 0.7976 0.5999 -0.0635
vn 0.7411 0.6712 0.0149
vn 0.8389 0.3333 0.4303
vn 0.7290 -0.5217 0.4431
vn 0.7457 -0.6661 -0.0144
vn 0.9454 0.2872 -0.1543
vn 0.5798 0.8147 -0.0042
vn 0.5684 0.8227 0.0015
vn 0.5883 0.8086 0.0003
vn 0.5919 0.8060 0.0011
vn 0.5924 0.8056 -0.0011
vn 0.5867 0.8073 0.0636
vn 0.5734 0.8179 0.0468
vn 0.5737 0.8191 0.0027
vn 0.6405 0.7646 0.0720
vn 0.6390 0.7681 0.0410
vn 0.4515 0.8920 0.0209
vn 0.4516 0.8922 0.0000
vn 0.5396 0.8404 0.0502
vn 0.6099 0.7808 0.1356
vn 0.5921 0.0004 -0.8058
vn 0.5432 0.0218 0.8393
vn 0.5680 0.5565 0.6064
vn 0.4861 0.6520 -0.5818
vn 0.5331 0.8460 -0.0049
vn 0.5454 -0.0164 0.8380
vn 0.3647 0.9310 -0.0151
vn 0.5021 0.1008 -0.8589
vn 0.5842 0.8116 -0.0006
vn 0.5825 0.7988 -0.1503
vn 0.9636 -0.2084 -0.1673
vn 0.9828 -0.1711 -0.0696
vn 0.0796 0.1232 0.9892
vn 0.1132 0.1309 -0.9849
vn 0.0007 0.1232 0.9924
vn -0.0792 0.7390 -0.6691
vn 0.4798 0.8680 0.1276
vn 0.2534 0.9646 0.0729
vn 0.1394 0.9869 0.0811
vn -0.0326 0.9940 0.1046
vn -0.0098 0.9998 -0.0158
vn -0.0157 0.9990 -0.0409
vn -0.0080 0.9985 -0.0537
vn -0.0015 0.9987 -0.0507
vn 0.0084 0.9988 -0.0487
vn 0.0184 0.9989 -0.0436
vn -0.0156 0.9993 0.0351
vn 0.0149 0.9998 -0.0120
vn -0.0003 1.0000 -0.0005
vn 0.0344 0.9966 0.0744
vn 0.0000 0.9866 0.1634
vn 0.9605 0.0000 -0.2783
vn 0.9822 -0.1790 -0.0569
vn 0.9721 -0.2217 -0.0766
vn 0.9790 -0.1583 -0.1281
vn 0.5270 0.8485 0.0486
vn 0.9425 0.3341 -0.0075
vn 0.9981 0.0038 -0.0612
vn 0.9974 -0.0648 -0.0317
vn 0.9423 0.3345 0.0096
vn 0.9469 -0.3148 -0.0649
vn 0.9862 0.1523 -0.0658
vn 0.9794 -0.1989 -0.0359
vn 0.9286 0.3623 -0.0804
usemtl Layout
s off
f 376/1/1 390/2/1 270/3/1 378/4/1
f 1423/5/2 1384/6/2 402/7/2 427/8/2
f 1310/9/3 1269/10/3 340/11/3 355/12/3
f 334/13/4 335/14/4 328/15/4 319/16/4
f 325/17/5 326/18/5 339/19/5 24/20/5 27/21/5 19/22/5
f 322/23/6 18/24/6 20/25/6 8/26/6
f 3/27/6 320/28/6 7/29/6 9/30/6
f 271/31/7 19/32/7 6/33/7 269/34/7
f 18/24/8 5/35/8 10/36/8 20/25/8
f 320/28/6 327/37/6 230/38/6 7/29/6
f 336/39/9 337/40/9 332/41/9 321/42/9
f 3/27/6 9/30/6 12/43/6 220/44/6
f 237/45/6 3/27/6 220/44/6 266/46/6
f 338/47/10 333/48/10 330/49/10 323/50/10
f 26/51/11 25/52/11 4/53/11 11/54/11
f 1271/55/12 1310/9/12 355/12/12 341/56/12
f 76/57/12 16/58/12 15/59/12 75/60/12
f 234/61/6 268/62/6 1309/63/6 1272/64/6
f 372/65/13 375/66/13 74/67/13 77/68/13 17/69/13
f 1385/70/6 1422/71/6 268/62/6 234/61/6
f 324/72/6 329/73/6 237/45/6 4/74/6
f 337/40/14 339/75/14 326/76/14 332/41/14
f 389/77/15 377/78/15 24/79/15 272/80/15
f 14/81/16 13/82/16 25/52/16 26/51/16
f 2/83/17 21/84/17 25/52/17 13/82/17
f 390/2/18 372/85/18 17/86/18 270/3/18
f 378/4/19 270/3/19 273/87/19 380/88/19
f 236/89/20 1/90/20 22/91/20 239/92/20
f 270/3/21 17/86/21 28/93/21 273/87/21
f 240/94/6 1276/95/6 1325/96/6 1262/97/6
f 77/68/22 78/98/22 28/99/22 17/69/22
f 1264/100/23 1266/101/23 380/88/23 273/87/23
f 6/102/24 19/22/24 27/21/24 29/103/24
f 1279/104/12 1277/105/12 346/106/12 347/107/12
f 1436/108/6 1262/97/6 241/109/6 1391/110/6
f 1255/111/25 1267/112/25 383/113/25 31/114/25
f 1256/115/26 6/102/26 29/103/26 1255/111/26
f 382/116/27 274/117/27 276/118/27 384/119/27
f 1258/120/28 1257/121/28 33/122/28 34/123/28
f 1263/124/29 1256/125/29 32/126/29 275/127/29
f 274/117/30 30/128/30 35/129/30 276/118/30
f 405/130/31 1268/131/31 1437/132/31 1390/133/31
f 1262/97/6 1325/96/6 1278/134/6 241/109/6
f 34/123/32 33/122/32 38/135/32 39/136/32
f 275/127/33 32/126/33 37/137/33 277/138/33
f 32/139/34 31/114/34 36/140/34 37/141/34
f 384/119/35 276/118/35 278/142/35 386/143/35
f 277/144/36 37/141/36 42/145/36 279/146/36
f 276/118/37 35/129/37 40/147/37 278/142/37
f 1286/148/12 1281/149/12 348/150/12 350/151/12
f 39/136/38 38/135/38 43/152/38 44/153/38
f 37/141/39 36/140/39 41/154/39 42/145/39
f 386/143/40 278/142/40 282/155/40 388/156/40
f 1394/157/41 243/158/41 245/159/41 1398/160/41
f 1509/161/42 1501/162/42 48/163/42 281/164/42
f 1508/165/43 1502/166/43 45/167/43 280/168/43
f 1290/169/44 1283/170/44 349/171/44 352/172/44
f 1505/173/6 1504/174/6 49/175/6 50/176/6
f 1501/162/45 1503/177/45 47/178/45 48/163/45
f 1396/179/6 244/180/6 247/181/6 1403/182/6
f 1511/183/46 1508/165/46 280/168/46 46/184/46
f 1516/185/47 1507/186/47 244/180/47 1396/179/47
f 42/145/48 41/154/48 55/187/48 52/188/48
f 44/153/49 43/152/49 51/189/49 54/190/49
f 1513/191/12 1286/148/12 350/151/12 1510/192/12
f 278/193/50 40/194/50 53/195/50 282/196/50
f 279/146/51 42/145/51 52/188/51 283/197/51
f 351/198/52 356/199/52 115/200/52 1287/201/52
f 71/202/53 68/203/53 60/204/53 61/205/53
f 72/206/54 69/207/54 58/208/54 59/209/54
f 1400/210/55 246/211/55 251/212/55 1406/213/55
f 69/207/56 70/214/56 57/215/56 58/208/56
f 289/216/53 72/217/53 59/218/53 285/219/53
f 288/220/57 73/221/57 56/222/57 284/223/57
f 280/168/58 45/167/58 66/224/58 286/225/58
f 281/226/59 48/227/59 64/228/59 287/229/59
f 47/178/60 46/184/60 67/230/60 65/231/60
f 1512/232/61 1515/233/61 1397/234/61 408/235/61
f 48/163/62 47/178/62 65/231/62 64/236/62
f 50/176/63 49/175/63 63/237/63 62/238/63
f 1507/186/47 1514/239/47 1284/240/47 244/180/47
f 401/241/64 393/242/64 73/221/64 288/220/64
f 400/243/6 392/244/6 72/217/6 289/216/6
f 395/245/65 396/246/65 70/214/65 69/207/65
f 392/247/66 395/245/66 69/207/66 72/206/66
f 391/248/6 394/249/6 68/203/6 71/202/6
f 393/242/67 397/250/67 86/251/67 73/221/67
f 45/167/68 82/252/68 85/253/68 66/224/68
f 73/221/69 86/251/69 84/254/69 56/222/69
f 40/194/70 81/255/70 83/256/70 53/195/70
f 1502/166/71 1506/257/71 82/252/71 45/167/71
f 35/258/72 80/259/72 81/255/72 40/194/72
f 30/260/73 79/261/73 80/259/73 35/258/73
f 1259/262/74 28/99/74 78/98/74 1260/263/74
f 404/264/75 403/265/75 78/98/75 77/68/75
f 373/266/76 389/77/76 272/80/76 23/267/76
f 14/81/12 76/57/12 75/60/12 13/82/12
f 366/268/77 370/269/77 236/89/77 2/270/77
f 370/269/78 362/271/78 1/90/78 236/89/78
f 427/8/79 402/7/79 74/67/79 232/272/79
f 431/273/80 432/274/80 398/275/80 399/276/80
f 429/277/81 412/278/81 86/279/81 250/280/81
f 430/281/82 398/282/82 432/283/82 433/284/82
f 248/285/83 1293/286/83 1288/287/83 246/211/83
f 61/205/55 60/204/55 91/288/55 92/289/55
f 59/209/84 58/208/84 89/290/84 90/291/84
f 412/292/85 1405/293/85 1401/294/85 410/295/85
f 56/222/86 84/254/86 93/296/86 87/297/86
f 58/208/87 57/215/87 88/298/87 89/290/87
f 285/219/55 59/218/55 90/299/55 291/300/55
f 284/223/88 56/222/88 87/297/88 290/301/88
f 101/302/89 104/303/89 95/304/89 96/305/89
f 297/306/6 108/307/6 97/308/6 293/309/6
f 295/310/90 110/311/90 94/312/90 292/313/90
f 413/314/91 1407/315/91 1432/316/91 456/317/91 415/318/91
f 113/319/6 105/320/6 98/321/6 99/322/6
f 108/323/92 101/302/92 96/305/92 97/324/92
f 110/311/93 111/325/93 100/326/93 94/312/93
f 87/297/94 93/296/94 112/327/94 109/328/94
f 463/329/95 469/330/95 111/325/95 110/311/95
f 90/291/96 89/290/96 102/331/96 107/332/96
f 462/333/97 467/334/97 101/302/97 108/323/97
f 92/289/6 91/288/6 106/335/6 114/336/6
f 470/337/6 468/338/6 105/320/6 113/319/6
f 116/339/12 1322/340/12 1301/341/12
f 1413/342/98 253/343/98 440/344/98 1427/345/98
f 1300/346/12 115/200/12 356/199/12 1312/347/12
f 290/301/99 87/297/99 109/328/99 294/348/99
f 465/349/100 463/329/100 110/311/100 295/310/100
f 291/300/6 90/299/6 107/350/6 296/351/6
f 464/352/6 462/353/6 108/307/6 297/306/6
f 89/290/101 88/298/101 103/354/101 102/331/101
f 467/334/102 461/355/102 104/303/102 101/302/102
f 116/339/12 1301/341/12 1313/356/12 357/357/12
f 1298/358/12 116/339/12 124/359/12 1303/360/12
f 253/343/103 1299/361/103 1311/362/103 440/344/103
f 1430/363/6 460/364/6 252/365/6 1409/366/6
f 1303/360/104 124/359/104 1344/367/104 1305/368/104
f 94/312/105 100/326/105 123/369/105 117/370/105
f 252/365/106 1297/371/106 1304/372/106 255/373/106
f 99/322/106 98/321/106 121/374/106 122/375/106
f 292/313/107 94/312/107 117/370/107 298/376/107
f 96/305/108 95/304/108 118/377/108 119/378/108
f 97/324/109 96/305/109 119/378/109 120/379/109
f 460/364/6 1320/380/6 1297/371/6 252/365/6
f 416/381/110 1431/382/110 1408/383/110 414/384/110
f 293/309/106 97/308/106 120/385/106 299/386/106
f 425/387/111 197/388/111 540/389/111 537/390/111
f 555/391/112 552/392/112 493/393/112 503/394/112
f 201/395/113 199/396/113 125/397/113 126/398/113
f 498/399/114 497/400/114 527/401/114 528/402/114 525/403/114 526/404/114
f 496/405/115 494/406/115 529/407/115 531/408/115
f 520/409/116 519/410/116 486/411/116 487/412/116 196/413/116
f 150/414/117 156/415/117 133/416/117 129/417/117
f 156/415/118 155/418/118 132/419/118 133/416/118
f 308/420/119 153/421/119 130/422/119 301/423/119
f 154/424/6 152/425/6 128/426/6 131/427/6
f 153/421/120 151/428/120 127/429/120 130/422/120
f 307/430/6 150/431/6 129/432/6 302/433/6
f 418/434/121 1416/435/121 482/436/121
f 471/437/122 134/438/122 419/439/122 483/440/122
f 129/417/123 133/416/123 141/441/123 135/442/123
f 133/416/124 132/419/124 140/443/124 141/441/124
f 301/423/125 130/422/125 138/444/125 303/445/125
f 131/427/126 128/426/126 137/446/126 139/447/126
f 127/448/127 418/434/127 482/436/127 476/449/127
f 130/422/128 127/429/128 136/450/128 138/444/128
f 302/433/126 129/432/126 135/451/126 304/452/126
f 136/453/129 127/454/129 476/455/129 478/456/129
f 481/457/130 480/458/130 487/412/130 478/459/130
f 479/460/131 419/439/131 480/458/131
f 138/461/132 136/462/132 478/463/132 485/464/132
f 1418/465/133 489/466/133 472/467/133 1417/468/133
f 299/386/6 120/385/6 148/469/6 305/470/6
f 117/370/134 123/369/134 142/471/134 144/472/134
f 255/373/6 1304/372/6 1306/473/6 256/474/6
f 122/375/6 121/374/6 143/475/6 145/476/6
f 298/376/135 117/370/135 144/472/135 306/477/135
f 119/378/136 118/377/136 146/478/136 147/479/136
f 120/379/137 119/378/137 147/479/137 148/480/137
f 604/481/6 616/482/6 489/466/6 1418/465/6
f 305/470/138 148/469/138 150/431/138 307/430/138
f 144/472/139 142/471/139 151/428/139 153/421/139
f 145/476/138 143/475/138 152/425/138 154/424/138
f 306/477/140 144/472/140 153/421/140 308/420/140
f 147/479/141 146/478/141 155/418/141 156/415/141
f 148/480/142 147/479/142 156/415/142 150/414/142
f 596/483/143 614/484/143 259/485/143 163/486/143
f 168/487/144 261/488/144 612/489/144 598/490/144
f 614/484/145 599/491/145 162/492/145 259/485/145
f 602/493/146 615/494/146 490/495/146 161/496/146
f 257/497/147 159/498/147 160/499/147 258/500/147
f 164/501/148 163/502/148 158/503/148 157/504/148
f 579/505/149 577/506/149 166/507/149 168/508/149
f 259/485/150 162/492/150 159/509/150 257/510/150
f 420/511/151 1421/512/151 1419/513/151 421/514/151
f 600/515/6 613/516/6 256/474/6 1306/473/6
f 261/488/152 168/487/152 166/517/152 260/518/152
f 587/519/153 578/520/153 165/521/153 260/522/153
f 1374/523/154 1345/524/154 170/525/154 491/526/154
f 1369/527/155 1359/528/155 171/529/155 262/530/155
f 1345/531/156 1354/532/156 169/533/156 170/534/156
f 620/535/6 597/536/6 504/537/6 592/538/6
f 172/539/157 491/540/157 617/541/157 608/542/157
f 618/543/6 609/544/6 507/545/6 492/546/6
f 560/547/158 555/391/158 503/394/158 512/548/158
f 264/549/6 1333/550/6 1339/551/6 629/552/6
f 541/553/159 551/554/159 173/555/159 175/556/159
f 196/413/160 425/387/160 537/390/160 513/557/160
f 126/398/161 125/397/161 179/558/161 180/559/161
f 547/560/162 550/561/162 198/562/162 497/400/162 498/399/162
f 545/563/163 547/564/163 498/565/163 499/566/163
f 316/567/164 198/562/164 550/561/164 549/568/164 300/569/164
f 553/570/165 544/571/165 500/572/165 501/573/165
f 582/574/166 581/575/166 183/576/166 184/577/166
f 581/575/167 583/578/167 182/579/167 183/576/167
f 589/580/168 582/581/168 184/582/168 312/583/168
f 588/584/169 585/585/169 181/586/169 311/587/169
f 586/588/170 584/589/170 185/590/170 186/591/170
f 554/592/171 541/553/171 175/556/171 309/593/171
f 580/594/172 585/585/172 175/556/172 173/555/172
f 506/595/173 422/596/173 556/597/173 559/598/173
f 590/599/174 580/594/174 173/555/174 422/596/174
f 311/587/175 181/586/175 189/600/175 313/601/175
f 504/537/6 263/602/6 264/549/6 508/603/6
f 183/576/176 182/579/176 190/604/176 191/605/176
f 184/577/177 183/576/177 191/605/177 192/606/177
f 263/602/6 1331/607/6 1333/550/6 264/549/6
f 181/586/178 174/608/178 188/609/178 189/600/178
f 312/583/179 184/582/179 192/610/179 314/611/179
f 186/591/180 185/590/180 193/612/180 194/613/180
f 774/614/181 773/615/181 203/616/181 198/617/181
f 773/615/182 772/618/182 202/619/182 203/616/182
f 776/620/183 770/621/183 200/622/183 315/623/183
f 771/624/184 769/625/184 199/396/184 201/395/184
f 775/626/185 774/627/185 198/562/185 316/567/185
f 503/394/186 493/393/186 514/628/186 538/629/186
f 419/439/187 134/438/187 197/388/187 425/387/187
f 488/630/188 501/573/188 534/631/188 515/632/188
f 530/633/189 536/634/189 533/635/189 521/636/189
f 499/566/190 498/565/190 526/637/190 524/638/190
f 494/406/191 502/639/191 535/640/191 529/407/191
f 532/641/192 530/633/192 521/636/192 523/642/192
f 528/643/193 532/641/193 523/642/193 525/644/193
f 497/645/194 496/405/194 531/408/194 527/646/194
f 643/647/12 635/648/12 204/649/12 205/650/12
f 640/651/195 636/652/195 207/653/195 318/654/195
f 1341/655/196 637/656/196 679/657/196 1335/658/196
f 639/659/12 643/647/12 205/650/12 317/660/12
f 645/661/197 644/662/197 208/663/197 209/664/197
f 1336/665/198 1337/666/198 540/667/198
f 646/668/199 651/669/199 649/670/199 206/671/199
f 636/672/200 646/668/200 206/671/200 207/673/200
f 9/30/6 7/29/6 210/674/6 212/675/6
f 1258/120/28 34/123/28 216/676/28 1261/677/28
f 20/25/8 10/36/8 213/678/8 215/679/8
f 44/153/201 54/190/201 219/680/201 218/681/201
f 8/26/6 20/25/6 215/679/6 211/682/6
f 34/123/202 39/136/202 217/683/202 216/676/202
f 12/43/6 9/30/6 212/675/6 214/684/6
f 230/38/6 8/26/6 211/682/6 233/685/6
f 39/136/203 44/153/203 218/681/203 217/683/203
f 14/81/12 26/51/12 223/686/12 221/687/12
f 76/57/12 14/81/12 221/687/12 224/688/12
f 220/44/6 12/43/6 227/689/6 225/690/6
f 12/43/6 214/684/6 228/691/6 227/689/6
f 16/58/12 76/57/12 224/688/12 222/692/12
f 266/46/6 220/44/6 225/690/6 267/693/6
f 26/51/12 11/54/12 226/694/12 223/686/12
f 7/29/6 230/38/6 233/685/6 210/674/6
f 1269/10/204 365/695/204 1438/696/204
f 1/697/205 229/698/205 231/699/205 22/700/205
f 333/48/206 334/701/206 319/702/206 330/49/206
f 327/37/6 322/23/6 8/26/6 230/38/6
f 1273/703/12 1271/55/12 341/56/12 344/704/12
f 1383/705/207 235/706/207 1382/707/207
f 1386/708/6 238/709/6 240/94/6 1388/710/6
f 11/711/6 266/46/6 267/693/6 226/712/6
f 642/713/12 647/714/12 510/715/12 426/716/12
f 609/544/6 620/535/6 592/538/6 507/545/6
f 423/717/208 505/718/208 509/719/208 424/720/208
f 597/536/6 611/721/6 263/602/6 504/537/6
f 1354/722/155 1369/527/155 262/530/155 169/723/155
f 577/724/209 587/519/209 260/522/209 166/725/209
f 167/726/210 261/488/210 260/518/210 165/727/210
f 1428/728/211 1431/382/211 455/729/211
f 163/486/212 259/485/212 257/510/212 158/730/212
f 158/731/213 257/497/213 258/500/213 157/732/213
f 417/733/151 1415/734/151 1421/512/151 420/511/151
f 414/384/214 1408/383/214 1415/734/214 417/733/214
f 450/735/215 447/736/215 456/317/215
f 1298/358/12 1319/737/12 1322/340/12 116/339/12
f 450/735/216 1412/738/216 1426/739/216 454/740/216
f 411/741/217 1402/742/217 428/743/217
f 411/741/218 428/743/218 249/744/218 85/745/218
f 115/200/219 1315/746/219 1317/747/219 1295/748/219
f 397/749/220 85/750/220 249/751/220 399/276/220
f 15/59/221 1500/752/221 1498/753/221 75/60/221
f 1404/754/222 248/285/222 246/211/222 1400/210/222
f 410/295/86 1401/294/86 1407/315/86 413/314/86
f 407/755/223 1395/756/223 1399/757/223 409/758/223
f 408/235/224 1397/234/224 1402/759/224 411/760/224
f 406/761/225 1393/762/225 1395/756/225 407/755/225
f 405/130/226 1390/133/226 1393/762/226 406/761/226
f 1391/110/6 241/109/6 242/763/6 1392/764/6
f 1387/765/227 1389/766/227 403/265/227 404/264/227
f 2/270/228 236/89/228 239/92/228 21/767/228
f 402/7/229 1384/6/229 1387/765/229 404/264/229
f 4/74/6 237/45/6 266/46/6 11/711/6
f 21/84/230 338/768/230 323/769/230 324/770/230 4/53/230 25/52/230
f 331/771/231 325/772/231 19/32/231 271/31/231
f 363/773/232 369/774/232 235/706/232 1383/705/232
f 205/650/12 204/649/12 667/775/12 668/776/12
f 644/662/233 640/651/233 318/654/233 208/663/233
f 501/573/234 500/572/234 522/777/234 534/631/234
f 769/625/235 775/626/235 316/567/235 199/396/235
f 772/618/236 776/620/236 315/623/236 202/619/236
f 185/590/237 312/583/237 314/611/237 193/612/237
f 182/579/238 311/587/238 313/601/238 190/604/238
f 583/578/239 588/584/239 311/587/239 182/579/239
f 584/589/240 589/580/240 312/583/240 185/590/240
f 544/571/241 545/563/241 499/566/241 500/572/241
f 125/397/242 300/569/242 310/778/242 179/558/242
f 146/478/243 306/477/243 308/420/243 155/418/243
f 143/475/138 305/470/138 307/430/138 152/425/138
f 118/377/244 298/376/244 306/477/244 146/478/244
f 121/374/6 299/386/6 305/470/6 143/475/6
f 128/426/126 302/433/126 304/452/126 137/446/126
f 132/419/245 301/423/245 303/445/245 140/443/245
f 152/425/6 307/430/6 302/433/6 128/426/6
f 155/418/246 308/420/246 301/423/246 132/419/246
f 512/548/247 503/394/247 538/629/247 539/779/247
f 199/396/248 316/567/248 300/569/248 125/397/248
f 98/321/106 293/309/106 299/386/106 121/374/106
f 95/304/249 292/313/249 298/376/249 118/377/249
f 468/338/6 464/352/6 297/306/6 105/320/6
f 91/288/6 291/300/6 296/351/6 106/335/6
f 461/355/250 465/349/250 295/310/250 104/303/250
f 88/298/251 290/301/251 294/348/251 103/354/251
f 104/303/252 295/310/252 292/313/252 95/304/252
f 105/320/6 297/306/6 293/309/6 98/321/6
f 57/215/253 284/223/253 290/301/253 88/298/253
f 60/204/55 285/219/55 291/300/55 91/288/55
f 394/249/6 400/243/6 289/216/6 68/203/6
f 396/246/254 401/241/254 288/220/254 70/214/254
f 49/175/63 281/226/63 287/229/63 63/237/63
f 46/184/255 280/168/255 286/225/255 67/230/255
f 70/214/256 288/220/256 284/223/256 57/215/256
f 68/203/53 289/216/53 285/219/53 60/204/53
f 43/152/257 279/780/257 283/781/257 51/189/257
f 1511/183/258 1503/177/258 55/187/258 388/782/258
f 1504/174/6 1509/783/6 281/226/6 49/175/6
f 36/140/259 385/784/259 387/785/259 41/154/259
f 38/135/260 277/138/260 279/780/260 43/152/260
f 33/122/261 275/127/261 277/138/261 38/135/261
f 31/114/262 383/113/262 385/784/262 36/140/262
f 1257/121/28 1263/124/28 275/127/28 33/122/28
f 1259/786/263 1264/100/263 273/87/263 28/93/263
f 379/787/264 381/788/264 29/103/264 27/21/264
f 232/272/265 74/67/265 375/66/265 374/789/265 229/698/265
f 335/14/266 336/790/266 321/791/266 328/15/266
f 24/20/267 377/792/267 379/787/267 27/21/267
f 18/24/8 271/31/8 269/34/8 5/35/8
f 322/23/6 331/771/6 271/31/6 18/24/6
f 328/15/268 321/791/268 322/793/268 327/794/268
f 332/795/269 326/796/269 325/772/269 331/771/269
f 330/797/270 319/798/270 320/28/270 329/73/270
f 319/16/271 328/15/271 327/794/271 320/799/271
f 323/800/272 330/797/272 329/73/272 324/72/272
f 321/801/273 332/795/273 331/771/273 322/23/273
f 329/73/6 320/28/6 3/27/6 237/45/6
f 231/699/274 23/802/274 336/790/274 335/14/274
f 239/92/275 22/91/275 334/701/275 333/48/275
f 272/80/276 24/79/276 339/75/276 337/40/276
f 21/767/277 239/92/277 333/48/277 338/47/277
f 23/267/278 272/80/278 337/40/278 336/39/278
f 22/700/279 231/699/279 335/14/279 334/13/279
f 246/211/55 1288/287/55 1296/803/55 251/212/55
f 1277/105/12 1326/804/12 1265/805/12 346/106/12
f 234/61/6 1272/64/6 1274/806/6 238/709/6
f 238/709/6 1274/806/6 1276/95/6 240/94/6
f 16/58/12 222/692/12 354/807/12 343/808/12
f 15/59/12 16/58/12 343/808/12 342/809/12
f 242/763/6 1280/810/6 1282/811/6 243/158/6
f 244/180/6 1284/240/6 1289/812/6 247/181/6
f 243/158/41 1282/811/41 1285/813/41 245/159/41
f 1275/814/12 1273/703/12 344/704/12 345/815/12
f 1281/149/12 1279/104/12 347/107/12 348/150/12
f 1438/696/280 1439/816/280 340/11/280 1269/10/280
f 268/62/6 235/817/6 1270/818/6 1309/63/6
f 1287/201/281 1292/819/281 353/820/281 351/198/281
f 1321/821/282 459/822/282 254/823/282 1302/824/282
f 149/825/104 124/359/104 358/826/104 359/827/104
f 124/359/12 116/339/12 357/357/12 358/826/12
f 195/828/283 187/829/283 360/830/283 361/831/283
f 627/832/12 195/828/12 361/831/12 632/833/12
f 458/834/284 1316/835/284 1299/361/284 253/343/284
f 247/836/285 1289/837/285 435/838/285 434/839/285 428/743/285
f 1295/748/286 1287/201/286 115/200/286
f 1383/840/287 1423/5/287 427/8/287 363/841/287
f 427/8/288 232/272/288 364/842/288 363/841/288
f 365/695/289 368/843/289 367/844/289
f 368/843/290 366/845/290 367/844/290
f 370/846/291 366/847/291 368/848/291 371/849/291
f 371/850/292 368/851/292 365/852/292 369/774/292
f 362/853/293 370/846/293 371/849/293 364/854/293
f 364/855/294 371/850/294 369/774/294 363/773/294
f 362/856/295 364/842/295 232/272/295
f 372/65/296 373/857/296 374/789/296 375/66/296
f 55/187/297 41/154/297 387/785/297 388/782/297
f 390/858/298 376/859/298 377/78/298 389/77/298
f 379/787/299 377/792/299 376/860/299 378/861/299
f 381/788/300 379/787/300 378/861/300 380/862/300
f 1266/863/301 382/864/301 383/113/301 1267/112/301
f 385/784/302 383/113/302 382/864/302 384/865/302
f 387/785/303 385/784/303 384/865/303 386/866/303
f 387/785/304 386/866/304 388/782/304
f 372/867/305 390/858/305 389/77/305 373/266/305
f 229/698/306 374/789/306 373/857/306 23/802/306 231/699/306
f 67/230/307 286/225/307 401/241/307 396/246/307
f 63/237/6 287/229/6 400/243/6 394/249/6
f 86/868/6 397/749/6 399/276/6 250/869/6
f 438/870/308 429/277/308 250/280/308 437/871/308
f 439/872/309 436/873/309 398/282/309 430/281/309
f 66/224/310 85/253/310 397/250/310 393/242/310
f 62/238/6 63/237/6 394/249/6 391/248/6
f 64/236/311 65/231/311 395/245/311 392/247/311
f 65/231/312 67/230/312 396/246/312 395/245/312
f 287/229/6 64/228/6 392/244/6 400/243/6
f 286/225/313 66/224/313 393/242/313 401/241/313
f 398/275/314 436/874/314 437/875/314 399/276/314
f 429/277/315 1405/876/315 412/278/315
f 635/648/12 642/713/12 426/716/12 204/649/12
f 500/572/316 499/566/316 524/638/316 522/777/316
f 174/608/317 423/717/317 424/720/317 188/609/317
f 579/505/318 168/508/318 598/877/318 619/878/318
f 560/547/319 512/548/319 511/879/319 558/880/319
f 647/881/6 638/882/6 265/883/6 510/884/6
f 142/471/320 420/511/320 421/514/320 151/428/320
f 123/369/320 417/733/320 420/511/320 142/471/320
f 595/885/6 604/481/6 1418/465/6 1420/886/6
f 151/428/321 421/514/321 418/887/321 127/429/321
f 483/440/322 419/439/322 479/460/322 475/888/322
f 536/634/323 517/889/323 516/890/323 533/635/323
f 100/326/324 414/384/324 417/733/324 123/369/324
f 469/330/325 466/891/325 416/381/325 111/325/325
f 93/296/326 413/314/326 415/318/326 112/327/326
f 111/325/327 416/381/327 414/384/327 100/326/327
f 84/254/86 410/295/86 413/314/86 93/296/86
f 1406/213/6 251/212/6 457/892/6 1433/893/6
f 352/172/328 1291/894/328 1294/895/328 1290/169/328
f 1385/70/6 234/61/6 238/709/6 1386/708/6
f 1388/710/6 240/94/6 1262/97/6 1436/108/6
f 82/252/329 408/235/329 411/760/329 85/253/329
f 86/251/330 412/292/330 410/295/330 84/254/330
f 81/255/331 407/755/331 409/758/331 83/256/331
f 1506/257/332 1512/232/332 408/235/332 82/252/332
f 80/259/333 406/761/333 407/755/333 81/255/333
f 79/261/334 405/130/334 406/761/334 80/259/334
f 1260/263/335 78/98/335 403/265/335 1268/131/335
f 74/67/336 402/7/336 404/264/336 77/68/336
f 433/284/337 434/896/337 435/897/337
f 433/284/338 432/283/338 431/898/338 434/896/338
f 428/743/339 434/839/339 431/899/339 249/744/339
f 248/900/340 429/277/340 438/870/340 1293/901/340
f 438/870/341 437/871/341 436/902/341 439/903/341
f 250/869/342 399/276/342 437/875/342
f 1291/894/343 353/820/343 1292/819/343 1294/895/343
f 1316/835/344 458/834/344 457/904/344 1318/905/344
f 1414/906/6 255/373/6 256/474/6 1420/886/6
f 1434/907/345 458/834/345 253/343/345 1413/342/345
f 1300/346/346 1315/746/346 115/200/346
f 1411/908/347 450/735/347 454/740/347 1425/909/347
f 1428/728/348 455/729/348 1411/908/348
f 112/327/349 415/318/349 453/910/349 448/911/349
f 103/354/350 294/348/350 452/912/350 443/913/350
f 106/335/6 296/351/6 451/914/6 444/915/6
f 254/823/351 1410/916/351 1424/917/351 441/918/351
f 102/331/352 103/354/352 443/913/352 442/919/352
f 296/351/6 107/350/6 445/920/6 451/914/6
f 294/348/353 109/328/353 446/921/353 452/912/353
f 450/735/354 456/317/354 1435/922/354 1412/738/354
f 114/336/6 106/335/6 444/915/6 449/923/6
f 107/332/355 102/331/355 442/919/355 445/924/355
f 109/328/356 112/327/356 448/911/356 446/921/356
f 460/925/357 1430/926/357 1429/927/357 459/822/357
f 416/381/358 466/891/358 455/729/358 1431/382/358
f 1320/928/359 460/925/359 459/822/359 1321/821/359
f 1409/366/106 252/365/106 255/373/106 1414/906/106
f 251/212/6 1296/803/6 1318/929/6 457/892/6
f 1302/824/360 254/823/360 441/918/360 1314/930/360
f 453/910/361 415/318/361 456/317/361 447/736/361
f 458/931/362 1434/932/362 1433/893/362 457/892/362
f 448/911/363 453/910/363 466/891/363 469/330/363
f 443/913/364 452/912/364 465/349/364 461/355/364
f 444/915/6 451/914/6 464/352/6 468/338/6
f 442/919/365 443/913/365 461/355/365 467/334/365
f 451/914/6 445/920/6 462/353/6 464/352/6
f 452/912/366 446/921/366 463/329/366 465/349/366
f 449/923/6 444/915/6 468/338/6 470/337/6
f 445/924/367 442/919/367 467/334/367 462/333/367
f 446/921/368 448/911/368 469/330/368 463/329/368
f 455/729/369 466/891/369 453/910/369 447/736/369
f 456/317/370 1432/316/370 1435/922/370
f 486/411/371 485/933/371 478/459/371 487/412/371
f 483/440/372 475/888/372 477/934/372 484/935/372
f 484/936/373 477/937/373 476/449/373 482/436/373
f 478/456/374 476/455/374 477/938/374 481/939/374
f 481/457/375 477/934/375 475/888/375 479/460/375
f 471/437/376 483/440/376 484/935/376 474/940/376
f 474/941/377 484/936/377 482/436/377 472/942/377
f 421/514/378 1419/513/378 1416/943/378 418/887/378
f 479/460/379 480/458/379 481/457/379
f 196/413/380 487/412/380 480/458/380
f 202/944/381 315/945/381 502/639/381 494/406/381
f 488/630/382 493/393/382 552/392/382 542/946/382
f 300/569/383 549/568/383 548/947/383 178/948/383 310/778/383
f 543/949/384 554/592/384 309/593/384 176/950/384
f 546/951/385 543/949/385 176/950/385 177/952/385
f 203/953/386 202/944/386 494/406/386 496/405/386
f 422/596/387 173/555/387 551/554/387 556/597/387
f 516/890/173 517/889/173 520/409/173 196/413/173 513/557/173
f 170/534/388 579/505/388 619/878/388 610/954/388
f 607/955/6 618/543/6 492/546/6 1328/956/6
f 1364/957/389 1374/523/389 491/526/389 172/958/389
f 613/516/6 595/885/6 1420/886/6 256/474/6
f 615/494/390 603/959/390 164/960/390 490/495/390
f 315/945/391 200/961/391 495/962/391 502/639/391
f 198/963/392 203/953/392 496/405/392 497/645/392
f 548/964/393 546/951/393 177/952/393 178/965/393
f 616/482/6 601/966/6 1308/967/6 489/466/6
f 502/639/394 495/962/394 518/968/394 535/640/394
f 591/969/395 506/595/395 507/970/395 592/971/395
f 492/546/6 507/545/6 557/972/6 558/973/6 511/974/6
f 504/975/395 508/976/395 509/719/395 505/718/395
f 506/595/395 559/598/395 557/977/395 507/970/395
f 591/969/396 590/599/396 422/596/396 506/595/396
f 518/978/397 519/979/397 517/980/397
f 514/628/398 515/632/398 516/981/398 513/982/398
f 538/629/399 514/628/399 513/982/399 537/983/399
f 524/638/400 526/637/400 525/984/400 523/985/400
f 522/777/401 524/638/401 523/985/401 521/986/401
f 532/987/402 528/988/402 527/646/402 531/408/402
f 530/989/403 532/987/403 531/408/403 529/407/403
f 534/631/404 522/777/404 521/986/404 533/990/404
f 536/991/405 530/989/405 529/407/405 535/640/405
f 515/632/406 534/631/406 533/990/406 516/981/406
f 517/992/407 536/991/407 535/640/407 518/968/407
f 539/779/408 538/629/408 537/983/408 540/993/408
f 515/632/409 514/628/409 493/393/409 488/630/409
f 547/560/410 548/947/410 549/568/410 550/561/410
f 554/994/411 543/995/411 544/571/411 553/570/411
f 546/996/412 548/997/412 547/564/412 545/563/412
f 543/995/413 546/996/413 545/563/413 544/571/413
f 556/998/414 551/999/414 552/392/414 555/391/414
f 551/999/415 541/1000/415 542/946/415 552/392/415
f 541/1000/416 554/994/416 553/570/416 542/946/416
f 560/1001/417 558/973/417 557/972/417 559/1002/417
f 555/391/418 560/547/418 559/1003/418 556/998/418
f 542/946/419 553/570/419 501/573/419 488/630/419
f 520/409/420 517/889/420 519/410/420
f 425/387/421 196/413/421 480/458/421 419/439/421
f 570/1004/422 569/1005/422 568/1006/422 567/1007/422
f 572/1008/423 571/1009/423 564/1010/423 561/1011/423
f 574/1012/12 573/1013/12 562/1014/12 565/1015/12
f 569/1005/424 575/1016/424 563/1017/424 568/1006/424
f 575/1016/12 572/1008/12 561/1011/12 563/1017/12
f 576/1018/425 574/1012/425 565/1015/425 566/1019/425
f 571/1009/12 576/1018/12 566/1019/12 564/1010/12
f 472/467/426 489/466/426 1308/967/426 1323/1020/426
f 1338/1021/12 627/832/12 659/1022/12 1343/1023/12
f 359/827/12 562/1014/12 573/1013/12 149/825/12
f 611/721/6 605/1024/6 1331/607/6 263/602/6
f 593/1025/427 570/1004/427 567/1007/427 594/1026/427
f 187/829/428 593/1025/428 594/1026/428 360/830/428
f 505/718/429 423/717/429 590/599/429 591/969/429
f 505/718/395 591/969/395 592/971/395 504/975/395
f 179/558/430 310/778/430 589/580/430 584/589/430
f 176/950/431 309/593/431 588/584/431 583/578/431
f 169/723/432 262/530/432 587/519/432 577/724/432
f 423/717/433 174/608/433 580/594/433 590/599/433
f 174/608/434 181/586/434 585/585/434 580/594/434
f 180/559/435 179/558/435 584/589/435 586/588/435
f 309/593/436 175/556/436 585/585/436 588/584/436
f 310/778/437 178/948/437 582/581/437 589/580/437
f 177/952/438 176/950/438 583/578/438 581/575/438
f 178/965/439 177/952/439 581/575/439 582/574/439
f 261/488/440 167/726/440 606/1027/440 612/489/440
f 606/1027/441 167/726/441 1375/1028/441 1330/1029/441
f 491/540/442 170/1030/442 610/1031/442 617/541/442
f 262/530/443 171/529/443 578/520/443 587/519/443
f 170/534/444 169/533/444 577/506/444 579/505/444
f 620/535/445 609/544/445 610/1032/445 619/1033/445
f 612/489/446 606/1027/446 605/1034/446 611/1035/446
f 604/1036/447 595/1037/447 596/1038/447 603/1039/447
f 614/1040/448 596/1041/448 595/885/448 613/516/448
f 616/482/449 604/481/449 603/1042/449 615/1043/449
f 618/1044/450 607/1045/450 608/542/450 617/541/450
f 598/1046/451 612/1047/451 611/721/451 597/536/451
f 599/1048/452 614/1040/452 613/516/452 600/515/452
f 601/966/453 616/482/453 615/1043/453 602/1049/453
f 609/1050/454 618/1044/454 617/541/454 610/1031/454
f 597/536/455 620/535/455 619/1033/455 598/1046/455
f 603/1039/12 596/1038/12 163/502/12 164/501/12
f 634/1051/456 665/1052/456 1440/1053/456
f 188/609/12 424/720/12 633/1054/12 622/1055/12
f 659/1022/12 627/832/12 632/833/12 663/1056/12
f 193/612/457 314/611/457 631/1057/457 623/1058/457
f 190/604/458 313/601/458 630/1059/458 625/1060/458
f 634/1061/6 508/603/6 264/549/6 629/552/6
f 192/606/459 191/605/459 628/1062/459 624/1063/459
f 191/605/460 190/604/460 625/1060/460 628/1062/460
f 666/1064/6 673/1065/6 265/883/6 1334/1066/6
f 194/613/461 193/612/461 623/1058/461 626/1067/461
f 313/601/462 189/600/462 621/1068/462 630/1059/462
f 1332/1069/12 195/828/12 627/832/12 1338/1021/12
f 314/611/463 192/610/463 624/1070/463 631/1057/463
f 189/600/464 188/609/464 622/1055/464 621/1068/464
f 679/657/465 637/656/465 641/1071/465 675/1072/465
f 665/1073/6 660/1074/6 638/882/6 647/881/6
f 657/1075/466 664/1076/466 642/713/466 635/648/466
f 653/1077/6 662/1078/6 640/651/6 644/662/6
f 654/1079/467 661/1080/467 639/1081/467 651/1082/467
f 664/1076/466 665/1052/466 647/714/466 642/713/466
f 658/1083/468 656/1084/468 646/1085/468 636/1086/468
f 656/1084/469 654/1079/469 651/1082/469 646/1085/469
f 655/1087/6 653/1077/6 644/662/6 645/661/6
f 661/1088/466 652/1089/466 643/647/466 639/659/466
f 1343/1023/12 659/1022/12 637/656/12 1341/655/12
f 662/1078/470 658/1090/470 636/652/470 640/651/470
f 652/1089/466 657/1075/466 635/648/466 643/647/466
f 651/669/12 650/1091/12 648/1092/12 649/670/12
f 639/1093/471 317/1094/471 648/1095/471 650/1096/471
f 651/1082/472 639/1081/472 650/1097/472
f 621/1068/473 622/1055/473 657/1075/473 652/1089/473
f 631/1057/474 624/1070/474 658/1090/474 662/1078/474
f 660/1074/6 1342/1098/6 1340/1099/6 638/882/6
f 630/1059/475 621/1068/475 652/1089/475 661/1088/475
f 626/1067/476 623/1058/476 653/1077/476 655/1087/476
f 629/552/6 1339/551/6 1342/1098/6 660/1074/6
f 628/1062/477 625/1060/477 654/1100/477 656/1101/477
f 624/1063/478 628/1062/478 656/1101/478 658/1102/478
f 509/719/12 1440/1053/12 633/1054/12 424/720/12
f 625/1060/478 630/1059/478 661/1088/478 654/1100/478
f 623/1058/479 631/1057/479 662/1078/479 653/1077/479
f 622/1055/12 633/1054/12 664/1076/12 657/1075/12
f 509/719/395 508/976/395 634/1051/395 1440/1053/395
f 637/656/12 659/1022/12 663/1056/12 641/1071/12
f 649/1103/480 648/1104/480 317/1105/480 677/1106/480
f 204/649/12 426/716/12 676/1107/12 667/775/12
f 206/671/481 649/670/481 678/1108/481 669/1109/481
f 638/882/6 1340/1099/6 1334/1066/6 265/883/6
f 679/657/482 666/1110/482 1335/658/482
f 677/1111/471 683/1112/471 678/1113/471 649/1114/471
f 510/884/6 265/883/6 673/1065/6 681/1115/6
f 207/673/483 206/671/483 669/1109/483 670/1116/483
f 317/660/12 205/650/12 668/776/12 680/1117/12
f 426/716/12 510/715/12 695/1118/12 676/1107/12
f 208/663/484 318/654/484 674/1119/484 671/1120/484
f 318/654/485 207/653/485 745/1121/485 674/1119/485
f 209/664/486 208/663/486 671/1120/486 672/1122/486
f 669/1123/487 678/1124/487 683/1125/487 682/1126/487
f 677/1127/12 317/660/12 680/1117/12 683/1128/12
f 670/1129/488 669/1123/488 682/1126/488 745/1130/488
f 684/1131/489 687/1132/489 699/1133/489 697/1134/489
f 666/1110/490 679/657/490 684/1131/490
f 683/1128/491 680/1117/491 689/1135/491 692/1136/491
f 695/1118/12 510/715/12 681/1137/12
f 680/1117/12 668/776/12 688/1138/12 689/1135/12
f 668/776/12 667/775/12 716/1139/12 688/1138/12
f 745/1140/492 682/1141/492 690/1142/492 691/1143/492
f 667/775/12 676/1107/12 686/1144/12 716/1139/12
f 682/1141/493 683/1128/493 692/1136/493 690/1142/493
f 673/1145/494 666/1146/494 694/1147/494 693/1148/494
f 679/657/495 675/1072/495 708/1149/495 706/1150/495
f 716/1139/12 686/1144/12 703/1151/12
f 684/1131/496 679/657/496 706/1150/496 687/1132/496
f 695/1152/6 693/1153/6 696/1154/6 698/1155/6
f 693/1153/497 694/1156/497 697/1157/497 696/1154/497
f 697/1134/498 699/1133/498 702/1158/498 700/1159/498
f 666/1110/499 684/1131/499 697/1134/499 694/1160/499
f 696/1161/472 685/1162/472 686/1163/472 698/1164/472
f 681/1165/472 673/1145/472 693/1148/472 695/1166/472
f 685/1167/500 700/1168/500 702/1169/500 701/1170/500
f 696/1161/501 697/1171/501 700/1172/501 685/1162/501
f 701/1170/502 703/1173/502 686/1174/502 685/1167/502
f 691/1143/503 690/1142/503 709/1175/503 710/1176/503
f 688/1138/12 716/1139/12 726/1177/12 705/1178/12
f 702/1158/504 699/1133/504 712/1179/504 713/1180/504
f 690/1142/505 692/1136/505 711/1181/505 709/1175/505
f 701/1182/506 702/1183/506 715/1184/506 714/1185/506
f 699/1133/507 687/1132/507 704/1186/507 712/1179/507
f 692/1136/508 689/1135/508 707/1187/508 711/1181/508
f 687/1132/509 706/1150/509 704/1186/509
f 689/1135/510 688/1138/510 705/1178/510 707/1187/510
f 714/1188/511 715/1189/511 718/1190/511 717/1191/511
f 716/1192/512 714/1188/512 717/1191/512 719/1193/512
f 702/1158/513 713/1180/513 718/1194/513 715/1195/513
f 703/1196/514 701/1182/514 714/1185/514 716/1197/514
f 695/1118/12 698/1198/12 686/1144/12 676/1107/12
f 719/1199/515 717/1200/515 721/1201/515 726/1202/515
f 704/1186/516 706/1150/516 720/1203/516
f 707/1187/173 705/1178/173 784/1204/173 743/1205/173
f 710/1176/517 709/1175/517 742/1206/517 741/1207/517
f 709/1175/518 711/1181/518 740/1208/518 742/1206/518
f 721/1209/519 725/1210/519 728/1211/519 727/1212/519
f 711/1181/520 707/1187/520 743/1205/520 740/1208/520
f 712/1179/521 704/1186/521 720/1203/521 722/1213/521
f 718/1194/522 713/1180/522 723/1214/522 724/1215/522
f 713/1180/523 712/1179/523 722/1213/523 723/1214/523
f 718/1194/524 724/1215/524 728/1216/524 725/1217/524
f 726/1218/525 721/1209/525 727/1212/525 729/1219/525
f 717/1200/526 718/1220/526 725/1221/526 721/1201/526
f 716/1139/12 719/1222/12 726/1177/12
f 734/1223/527 735/1224/527 731/1225/527 730/1226/527
f 729/1227/528 727/1228/528 735/1229/528 734/1230/528
f 726/1177/12 729/1231/12 734/1232/12
f 784/1204/12 705/1178/12 726/1177/12 734/1232/12
f 728/1216/529 736/1233/529 732/1234/529 733/1235/529
f 723/1214/530 722/1213/530 739/1236/530 738/1237/530
f 727/1228/531 728/1238/531 733/1239/531 735/1229/531
f 728/1216/532 724/1215/532 737/1240/532 736/1233/532
f 724/1215/533 723/1214/533 738/1237/533 737/1240/533
f 759/1241/534 760/1242/534 758/1243/534 757/1244/534
f 722/1213/535 720/1203/535 744/1245/535 739/1236/535
f 735/1224/536 733/1246/536 732/1247/536 731/1225/536
f 720/1203/537 706/1150/537 756/1248/537 744/1245/537
f 706/1150/12 708/1149/12 754/1249/12 756/1248/12
f 745/1121/538 207/653/538 670/1250/538
f 742/1206/539 740/1208/539 751/1251/539 753/1252/539
f 744/1245/540 756/1248/540 813/1253/540 1078/1254/540
f 737/1240/541 738/1237/541 749/1255/541 748/1256/541
f 738/1237/542 739/1236/542 750/1257/542 749/1255/542
f 741/1207/543 742/1206/543 753/1252/543 752/1258/543
f 740/1208/544 743/1205/544 755/1259/544 751/1251/544
f 736/1233/545 737/1240/545 748/1256/545 747/1260/545
f 732/1234/546 746/1261/546 758/1262/546 760/1263/546
f 730/1264/547 731/1265/547 759/1266/547 784/1267/547
f 732/1234/548 736/1233/548 747/1260/548 746/1261/548
f 784/1268/549 759/1241/549 757/1244/549 761/1269/549
f 1078/1254/550 750/1257/550 739/1236/550 744/1245/550
f 731/1265/551 732/1270/551 760/1271/551 759/1266/551
f 730/1272/12 784/1204/12 734/1232/12
f 784/1204/552 761/1273/552 755/1259/552 743/1205/552
f 752/1274/553 753/1275/553 785/1276/553 763/1277/553
f 1449/1278/554 801/1279/554 802/1280/554 1443/1281/554
f 751/1282/555 755/1283/555 764/1284/555 762/1285/555
f 753/1275/556 751/1282/556 762/1285/556 785/1276/556
f 691/1286/557 710/1287/557 765/1288/557 674/1119/557
f 741/1289/558 752/1290/558 763/1291/558 765/1288/558
f 710/1287/559 741/1289/559 765/1288/559
f 745/1121/560 691/1286/560 674/1119/560
f 1447/1292/561 1472/1293/561 1240/1294/561 800/1295/561
f 806/1296/562 805/1297/562 767/1298/562 766/1299/562
f 804/1300/562 806/1296/562 766/1299/562 768/1301/562
f 140/443/563 303/445/563 776/620/563 772/618/563
f 137/446/564 304/452/564 775/626/564 769/625/564
f 304/452/565 135/451/565 774/627/565 775/626/565
f 139/447/564 137/446/564 769/625/564 771/624/564
f 303/445/566 138/444/566 770/621/566 776/620/566
f 141/441/567 140/443/567 772/618/567 773/615/567
f 135/442/568 141/441/568 773/615/568 774/614/568
f 519/979/569 518/978/569 495/1302/569 486/1303/569
f 495/1302/570 200/1304/570 770/1305/570 486/1303/570
f 138/1306/6 485/1307/6 486/1303/6 770/1305/6
f 808/1308/571 778/1309/571 777/1310/571 807/1311/571
f 809/1312/572 800/1295/572 778/1309/572 808/1308/572
f 801/1279/573 783/1313/573 791/1314/573 802/1280/573
f 761/1269/574 757/1244/574 780/1315/574 779/1316/574
f 757/1244/575 758/1243/575 781/1317/575 780/1315/575
f 755/1283/576 761/1318/576 1442/1319/576 1445/1320/576 764/1284/576
f 785/1321/577 762/1322/577 786/1323/577 790/1324/577
f 1444/1325/578 1443/1281/578 802/1280/578 803/1326/578 788/1327/578
f 762/1322/579 764/1328/579 787/1329/579 786/1323/579
f 763/1330/580 785/1321/580 790/1324/580 765/1331/580
f 783/1332/581 782/1333/581 789/1334/581 791/1335/581
f 802/1336/582 791/1335/582 793/1337/582 803/1338/582
f 791/1335/583 789/1334/583 792/1339/583 793/1337/583
f 672/1340/584 671/1341/584 794/1342/584 795/1343/584
f 671/1341/585 674/1344/585 796/1345/585 794/1342/585
f 795/1343/586 794/1342/586 797/1346/586 798/1347/586
f 794/1342/587 796/1345/587 799/1348/587 797/1346/587
f 674/1349/588 765/1331/588 790/1324/588 796/1350/588
f 799/1351/589 796/1350/589 790/1324/589 786/1323/589
f 820/1352/6 1041/1353/6 1468/1354/6 1453/1355/6
f 768/1301/590 1238/1356/590 1473/1357/590 1446/1358/590
f 764/1328/591 1445/1359/591 1444/1360/591 788/1361/591 787/1329/591
f 1450/1362/562 804/1300/562 768/1301/562 1446/1358/562
f 801/1363/592 809/1312/592 808/1308/592 783/1332/592
f 783/1332/593 808/1308/593 807/1311/593 782/1333/593
f 779/1316/594 780/1315/594 806/1296/594 804/1300/594
f 780/1315/594 781/1317/594 805/1297/594 806/1296/594
f 1449/1278/595 1451/1364/595 809/1365/595 801/1279/595
f 747/1260/596 748/1256/596 811/1366/596 810/1367/596
f 758/1262/597 746/1261/597 810/1367/597
f 756/1248/598 754/1249/598 812/1368/598 813/1253/598
f 813/1253/599 811/1366/599 750/1257/599 1078/1254/599
f 810/1367/600 811/1366/600 815/1369/600 814/1370/600
f 811/1366/601 813/1253/601 817/1371/601 815/1369/601
f 813/1253/12 812/1368/12 816/1372/12 817/1371/12
f 815/1369/12 817/1371/12 1065/1373/12 1063/1374/12
f 817/1371/12 816/1372/12 1064/1375/12 1065/1373/12
f 814/1370/602 815/1369/602 1063/1374/602 1062/1376/602
f 781/1377/603 810/1367/603 814/1370/603 805/1378/603
f 805/1378/604 814/1370/604 1062/1376/604 767/1379/604
f 758/1262/605 810/1367/605 781/1377/605
f 894/1380/606 863/1381/606 829/1382/606 827/1383/606
f 1042/1384/472 1041/1385/472 820/1386/472 819/1387/472
f 863/1381/607 875/1388/607 832/1389/607 829/1382/607
f 976/1390/608 980/1391/608 826/1392/608 823/1393/608
f 972/1394/609 976/1390/609 823/1393/609 821/1395/609
f 851/1396/610 828/1397/610 1023/1398/610 1024/1399/610
f 943/1400/611 828/1401/611 851/1402/611 939/1403/611
f 933/1404/612 931/1405/612 821/1395/612 823/1393/612
f 935/1406/613 933/1404/613 823/1393/613 826/1392/613
f 941/1407/614 944/1408/614 827/1409/614 829/1410/614
f 945/1411/614 941/1407/614 829/1410/614 832/1412/614
f 789/1334/615 782/1333/615 837/1413/615 838/1414/615
f 782/1333/616 807/1311/616 840/1415/616 837/1413/616
f 807/1311/617 777/1310/617 836/1416/617 840/1415/617
f 792/1339/618 789/1334/618 838/1414/618 839/1417/618
f 1046/1418/619 1047/1419/619 843/1420/619 844/1421/619
f 1048/1422/620 1049/1423/620 845/1424/620 842/1425/620
f 1049/1423/621 1050/1426/621 841/1427/621 845/1424/621
f 1047/1419/622 1048/1422/622 842/1425/622 843/1420/622
f 843/1420/623 842/1425/623 847/1428/623 848/1429/623
f 844/1421/624 843/1420/624 848/1429/624 849/1430/624
f 842/1425/625 845/1424/625 850/1431/625 847/1428/625
f 845/1424/626 841/1427/626 846/1432/626 850/1431/626
f 932/1433/627 878/1434/627 890/1435/627 938/1436/627
f 982/1437/628 970/1438/628 992/1439/628 995/1440/628
f 877/1441/629 902/1442/629 893/1443/629 876/1444/629
f 901/1445/630 900/1446/630 887/1447/630 892/1448/630
f 899/1449/631 898/1450/631 885/1451/631 886/1452/631
f 889/1453/632 897/1454/632 883/1455/632 884/1456/632
f 896/1457/633 888/1458/633 881/1459/633 882/1460/633
f 895/1461/634 894/1462/634 879/1463/634 880/1464/634
f 824/1465/635 825/1466/635 864/1467/635 852/1468/635
f 852/1468/636 864/1467/636 865/1469/636 853/1470/636
f 853/1470/637 865/1469/637 866/1471/637 854/1472/637
f 854/1472/638 866/1471/638 867/1473/638 855/1474/638
f 855/1474/639 867/1473/639 868/1475/639 856/1476/639
f 856/1476/640 868/1475/640 869/1477/640 857/1478/640
f 857/1478/641 869/1477/641 870/1479/641 858/1480/641
f 858/1480/642 870/1479/642 871/1481/642 859/1482/642
f 859/1482/12 871/1481/12 872/1483/12 860/1484/12
f 860/1484/545 872/1483/545 873/1485/545 861/1486/545
f 861/1486/643 873/1485/643 874/1487/643 862/1488/643
f 862/1488/644 874/1487/644 875/1388/644 863/1381/644
f 878/1489/645 824/1465/645 852/1468/645 877/1490/645
f 877/1490/646 852/1468/646 853/1470/646 902/1491/646
f 902/1491/647 853/1470/647 854/1472/647 901/1492/647
f 901/1492/648 854/1472/648 855/1474/648 900/1493/648
f 900/1493/649 855/1474/649 856/1476/649 899/1494/649
f 899/1494/650 856/1476/650 857/1478/650 898/1495/650
f 898/1495/651 857/1478/651 858/1480/651 889/1496/651
f 889/1496/652 858/1480/652 859/1482/652 897/1497/652
f 897/1497/653 859/1482/653 860/1484/653 896/1498/653
f 896/1498/654 860/1484/654 861/1486/654 888/1499/654
f 888/1499/655 861/1486/655 862/1488/655 895/1500/655
f 895/1500/656 862/1488/656 863/1381/656 894/1380/656
f 894/1380/657 827/1383/657 905/1501/657 920/1502/657
f 883/1503/658 897/1504/658 924/1505/658 913/1506/658
f 892/1507/659 893/1508/659 919/1509/659 918/1510/659
f 889/1511/660 884/1512/660 914/1513/660 925/1514/660
f 886/1515/661 887/1516/661 917/1517/661 916/1518/661
f 885/1519/662 898/1520/662 926/1521/662 915/1522/662
f 884/1523/663 885/1524/663 915/1525/663 914/1526/663
f 920/1527/664 905/1528/664 906/1529/664 909/1530/664
f 908/1531/665 907/1532/665 903/1533/665 904/1534/665
f 930/1535/666 929/1536/666 918/1537/666 919/1538/666
f 928/1539/667 927/1540/667 916/1541/667 917/1542/667
f 926/1543/668 925/1544/668 914/1545/668 915/1546/668
f 924/1547/669 923/1548/669 912/1549/669 913/1550/669
f 922/1551/670 921/1552/670 910/1553/670 911/1554/670
f 896/1555/671 882/1556/671 912/1557/671 923/1558/671
f 888/1499/672 895/1500/672 921/1559/672 922/1560/672
f 881/1561/673 888/1562/673 922/1563/673 911/1564/673
f 897/1497/674 896/1498/674 923/1565/674 924/1566/674
f 895/1567/675 880/1568/675 910/1569/675 921/1570/675
f 898/1495/676 889/1496/676 925/1571/676 926/1572/676
f 876/1573/677 890/1574/677 904/1575/677 903/1576/677
f 879/1577/678 894/1578/678 920/1579/678 909/1580/678
f 900/1493/679 899/1494/679 927/1581/679 928/1582/679
f 827/1583/680 891/1584/680 906/1585/680 905/1586/680
f 902/1491/681 901/1492/681 929/1587/681 930/1588/681
f 878/1489/682 877/1490/682 907/1589/682 908/1590/682
f 877/1591/683 876/1592/683 903/1593/683 907/1594/683
f 890/1595/684 878/1596/684 908/1597/684 904/1598/684
f 893/1599/685 902/1600/685 930/1601/685 919/1602/685
f 891/1603/686 879/1604/686 909/1605/686 906/1606/686
f 901/1607/687 892/1608/687 918/1609/687 929/1610/687
f 880/1611/688 881/1612/688 911/1613/688 910/1614/688
f 887/1615/689 900/1616/689 928/1617/689 917/1618/689
f 882/1619/690 883/1620/690 913/1621/690 912/1622/690
f 899/1623/691 886/1624/691 916/1625/691 927/1626/691
f 821/1627/692 931/1628/692 937/1629/692 822/1630/692
f 939/1631/693 940/1632/693 952/1633/693 951/1634/693
f 825/1635/694 824/1636/694 934/1637/694 936/1638/694
f 936/1638/695 934/1637/695 933/1404/695 935/1406/695
f 824/1636/696 878/1639/696 932/1640/696 934/1637/696
f 934/1637/697 932/1640/697 931/1405/697 933/1404/697
f 831/1641/614 830/1642/614 942/1643/614 946/1644/614
f 946/1644/614 942/1643/614 941/1407/614 945/1411/614
f 830/1642/698 828/1645/698 943/1646/698 942/1643/698
f 942/1643/614 943/1646/614 944/1408/614 941/1407/614
f 827/1647/6 944/1648/6 940/1649/6 891/1650/6
f 940/1651/699 944/1408/699 954/1652/699 952/1653/699
f 947/1654/700 948/1655/700 950/1656/700 949/1657/700
f 954/1658/701 953/1659/701 951/1660/701 952/1661/701
f 932/1640/702 938/1662/702 950/1663/702 948/1664/702
f 938/1665/703 937/1666/703 949/1667/703 950/1668/703
f 943/1669/704 939/1670/704 951/1671/704 953/1672/704
f 931/1405/705 932/1640/705 948/1664/705 947/1673/705
f 944/1408/706 943/1646/706 953/1674/706 954/1652/706
f 937/1675/707 931/1676/707 947/1677/707 949/1678/707
f 956/1679/6 835/1680/6 959/1681/6 957/1682/6
f 820/1352/6 955/1683/6 958/1684/6 960/1685/6
f 955/1683/6 956/1679/6 957/1682/6 958/1684/6
f 1037/1686/6 956/1679/6 955/1683/6 1038/1687/6
f 1039/1688/6 835/1680/6 956/1679/6 1037/1686/6
f 1472/1293/708 1452/1689/708 1469/1690/708 1240/1294/708
f 1488/1691/6 1478/1692/6 1495/1693/6 1497/1694/6
f 1482/1695/472 835/1696/472 963/1697/472 1483/1698/472
f 1485/1699/12 1483/1700/12 965/1701/12 1480/1702/12
f 1483/1700/12 963/1703/12 966/1704/12 965/1701/12
f 1085/1705/472 1084/1706/472 1080/1707/472 1081/1708/472
f 1089/1709/472 1090/1710/472 818/1711/472 1043/1712/472
f 209/1713/709 672/1714/709 985/1715/709 986/1716/709
f 969/1717/710 970/1718/710 982/1719/710 981/1720/710
f 821/1721/711 822/1722/711 989/1723/711 988/1724/711
f 971/1725/712 972/1726/712 984/1727/712 983/1728/712
f 672/1340/713 795/1343/713 973/1729/713 969/1730/713
f 969/1730/714 973/1729/714 974/1731/714 970/1732/714
f 970/1732/715 974/1731/715 975/1733/715 971/1734/715
f 971/1734/716 975/1733/716 976/1390/716 972/1394/716
f 795/1343/717 798/1347/717 977/1735/717 973/1729/717
f 973/1729/718 977/1735/718 978/1736/718 974/1731/718
f 974/1731/719 978/1736/719 979/1737/719 975/1733/719
f 975/1733/720 979/1737/720 980/1391/720 976/1390/720
f 987/1738/721 988/1739/721 989/1740/721 990/1741/721
f 985/1742/722 991/1743/722 994/1744/722 986/1745/722
f 992/1746/723 993/1747/723 996/1748/723 995/1749/723
f 672/1340/724 969/1730/724 991/1750/724 985/1751/724
f 822/1752/725 984/1753/725 990/1754/725 989/1755/725
f 983/1756/726 982/1757/726 995/1758/726 996/1759/726
f 971/1760/711 983/1761/711 996/1762/711 993/1763/711
f 972/1394/727 821/1395/727 988/1764/727 987/1765/727
f 981/1766/728 209/1767/728 986/1768/728 994/1769/728
f 984/1770/729 972/1771/729 987/1772/729 990/1773/729
f 970/1732/730 971/1734/730 993/1774/730 992/1775/730
f 969/1776/731 981/1777/731 994/1778/731 991/1779/731
f 830/1642/732 1014/1780/732 1020/1781/732 828/1645/732
f 1014/1780/472 1013/1782/472 1019/1783/472 1020/1781/472
f 1013/1782/472 1012/1784/472 1018/1785/472 1019/1783/472
f 1012/1784/472 1011/1786/472 1017/1787/472 1018/1785/472
f 1011/1786/472 1010/1788/472 1016/1789/472 1017/1787/472
f 1010/1788/472 1009/1790/472 1015/1791/472 1016/1789/472
f 1000/1792/733 1017/1793/733 1034/1794/733 1030/1795/733
f 997/1796/6 1020/1797/6 1019/1798/6 998/1799/6
f 1093/1800/472 1088/1801/472 1026/1802/472 1045/1803/472
f 999/1804/6 1018/1805/6 1017/1806/6 1000/1807/6
f 1018/1808/12 999/1809/12 1029/1810/12 1035/1811/12
f 1001/1812/6 1016/1813/6 1015/1814/6 1002/1815/6
f 830/1642/472 831/1641/472 1003/1816/472 1014/1780/472
f 1014/1780/472 1003/1816/472 1004/1817/472 1013/1782/472
f 1013/1782/472 1004/1817/472 1005/1818/472 1012/1784/472
f 1012/1784/472 1005/1818/472 1006/1819/472 1011/1786/472
f 1011/1786/472 1006/1819/472 1007/1820/472 1010/1788/472
f 1010/1788/472 1007/1820/472 1008/1821/472 1009/1790/472
f 1044/1822/6 1045/1823/6 1026/1824/6 1022/1825/6
f 1024/1826/734 1023/1827/734 1025/1828/734 1027/1829/734
f 1028/1830/6 1036/1831/6 1035/1832/6 1029/1833/6
f 1030/1834/6 1034/1835/6 1033/1836/6 1031/1837/6
f 1001/1838/480 1000/1839/480 1030/1840/480 1031/1841/480
f 1016/1842/12 1001/1843/12 1031/1844/12 1033/1845/12
f 828/1645/735 1020/1781/735 1025/1846/735 1023/1847/735
f 1017/1787/472 1016/1789/472 1033/1848/472 1034/1849/472
f 1088/1850/12 1091/1851/12 1022/1852/12 1026/1853/12
f 1019/1783/472 1018/1785/472 1035/1854/472 1036/1855/472
f 997/1856/736 851/1857/736 1024/1858/736 1027/1859/736
f 1020/1860/737 997/1861/737 1027/1862/737 1025/1863/737
f 998/1864/733 1019/1865/733 1036/1866/733 1028/1867/733
f 999/1868/480 998/1869/480 1028/1870/480 1029/1871/480
f 1038/1687/6 955/1683/6 820/1352/6 1453/1355/6
f 1239/1872/738 1039/1688/738 1037/1686/738 1237/1873/738
f 1237/1873/738 1037/1686/738 1038/1687/738 1238/1356/738
f 1460/1874/739 1244/1875/739 1243/1876/739 1462/1877/739
f 1454/1878/6 831/1879/6 1056/1880/6 1471/1881/6
f 1041/1353/6 1008/1882/6 1467/1883/6 1468/1354/6
f 1242/1884/740 1464/1885/740 1462/1877/740 1243/1876/740
f 1240/1294/741 1469/1690/741 1466/1886/741 1241/1887/741
f 1244/1875/742 1460/1874/742 1458/1888/742 1245/1889/742
f 1241/1887/743 1466/1886/743 1464/1885/743 1242/1884/743
f 1238/1356/738 1038/1687/738 1453/1355/738 1473/1357/738
f 1091/1890/480 1092/1891/480 1044/1892/480 1022/1893/480
f 819/1894/12 1110/1895/12 1021/1896/12 1090/1897/12
f 1009/1790/472 1008/1821/472 1041/1385/472 1042/1384/472
f 1246/1898/744 1456/1899/744 1455/1900/744 1247/1901/744
f 1008/1882/6 1007/1902/6 1465/1903/6 1467/1883/6
f 1007/1902/6 1006/1904/6 1463/1905/6 1465/1903/6
f 838/1414/745 837/1413/745 1048/1422/745 1047/1419/745
f 840/1415/746 836/1416/746 1050/1426/746 1049/1423/746
f 837/1413/747 840/1415/747 1049/1423/747 1048/1422/747
f 839/1417/748 838/1414/748 1047/1419/748 1046/1418/748
f 1244/1875/749 1050/1426/749 836/1416/749 1243/1876/749
f 1005/1906/6 1004/1907/6 1459/1908/6 1461/1909/6
f 1004/1907/6 1003/1910/6 1457/1911/6 1459/1908/6
f 850/1431/750 846/1432/750 1051/1912/750 1055/1913/750
f 848/1429/751 847/1428/751 1052/1914/751 1053/1915/751
f 1247/1901/752 1455/1900/752 1470/1916/752 1248/1917/752
f 849/1430/753 848/1429/753 1053/1915/753 1054/1918/753
f 847/1428/754 850/1431/754 1055/1913/754 1052/1914/754
f 1055/1913/755 1051/1912/755 1057/1919/755 1061/1920/755
f 1053/1915/756 1052/1914/756 1058/1921/756 1059/1922/756
f 1245/1889/757 1458/1888/757 1456/1899/757 1246/1898/757
f 1054/1918/758 1053/1915/758 1059/1922/758 1060/1923/758
f 1052/1914/759 1055/1913/759 1061/1920/759 1058/1921/759
f 1003/1910/6 831/1879/6 1454/1878/6 1457/1911/6
f 749/1255/760 750/1257/760 811/1366/760
f 1249/1924/12 1250/1925/12 1069/1926/12 1067/1927/12
f 1250/1925/12 1251/1928/12 1068/1929/12 1069/1926/12
f 1252/1930/602 1249/1924/602 1067/1927/602 1066/1931/602
f 1067/1927/761 1069/1926/761 1073/1932/761 1071/1933/761
f 1069/1926/761 1068/1929/761 1072/1934/761 1073/1932/761
f 1066/1931/762 1067/1927/762 1071/1933/762 1070/1935/762
f 1071/1933/12 1073/1932/12 1077/1936/12 1075/1937/12
f 1073/1932/12 1072/1934/12 1076/1938/12 1077/1936/12
f 1070/1935/12 1071/1933/12 1075/1937/12 1074/1939/12
f 1070/1935/763 963/1703/763 1039/1940/763 1066/1931/763
f 1239/1941/764 1252/1930/764 1066/1931/764 1039/1940/764
f 810/1367/765 746/1261/765 747/1260/765
f 811/1366/766 748/1256/766 749/1255/766
f 835/1680/6 1039/1688/6 963/1942/6
f 963/1703/12 1070/1935/12 1074/1939/12 966/1704/12
f 1481/1943/733 1484/1944/733 833/1945/733 967/1946/733
f 1482/1947/733 1079/1948/733 959/1949/733 835/1950/733
f 1081/1951/6 1080/1952/6 1082/1953/6 1083/1954/6
f 1086/1955/733 1085/1956/733 1081/1957/733 1083/1958/733
f 1084/1959/12 1087/1960/12 1082/1961/12 1080/1962/12
f 1087/1963/480 1086/1964/480 1083/1965/480 1082/1966/480
f 964/1967/480 967/1968/480 1086/1964/480 1087/1963/480
f 961/1969/12 964/1970/12 1087/1960/12 1084/1959/12
f 967/1971/471 833/1972/471 818/1973/471 968/1974/471
f 833/1975/472 961/1976/472 1084/1706/472 1085/1705/472
f 1009/1790/472 1042/1384/472 1089/1709/472 1015/1791/472
f 968/1977/480 1040/1978/480 1092/1891/480 1091/1890/480
f 1085/1979/6 1086/1980/6 1091/1981/6 1088/1982/6
f 1002/1983/480 1032/1984/480 1109/1985/480 1108/1986/480
f 1042/1384/472 819/1387/472 1090/1710/472 1089/1709/472
f 1043/1712/472 818/1711/472 1088/1801/472 1093/1800/472
f 968/1977/480 1091/1890/480 1086/1964/480 967/1968/480
f 1085/1705/472 1088/1801/472 818/1711/472 833/1975/472
f 1090/1897/12 1021/1896/12 968/1987/12 818/1988/12
f 820/1989/12 960/1990/12 1110/1895/12 819/1894/12
f 1102/1991/480 1099/1992/480 1098/1993/480 1103/1994/480
f 1103/1994/480 1098/1993/480 1097/1995/480 1104/1996/480
f 1104/1996/480 1097/1995/480 1096/1997/480 1105/1998/480
f 1105/1998/480 1096/1997/480 1095/1999/480 1106/2000/480
f 1106/2000/480 1095/1999/480 1094/2001/480 1107/2002/480
f 1108/1986/480 1100/2003/480 1099/1992/480 1102/1991/480
f 1109/1985/480 1101/2004/480 1100/2003/480 1108/1986/480
f 1110/2005/480 960/2006/480 1101/2004/480 1109/1985/480
f 1480/2007/480 1481/2008/480 967/1968/480 964/1967/480
f 965/2009/480 966/2010/480 959/2011/480 1079/2012/480
f 1021/2013/480 1110/2005/480 1109/1985/480 1032/1984/480
f 968/1977/480 1021/2013/480 1032/1984/480 1040/1978/480
f 1002/1983/480 1108/1986/480 1102/1991/480 1001/1838/480
f 997/1856/480 1106/2000/480 1107/2002/480 851/1857/480
f 998/1869/480 1105/1998/480 1106/2000/480 997/1856/480
f 999/1868/480 1104/1996/480 1105/1998/480 998/1869/480
f 1000/1839/480 1103/1994/480 1104/1996/480 999/1868/480
f 1001/1838/480 1102/1991/480 1103/1994/480 1000/1839/480
f 1094/2014/767 1095/2015/767 1121/2016/767 1120/2017/767
f 966/1704/12 1074/1939/12 1116/2018/12 1115/2019/12
f 1074/1939/12 1075/1937/12 1117/2020/12 1116/2018/12
f 1095/2015/767 1096/2021/767 1122/2022/767 1121/2016/767
f 1101/2023/767 960/1685/767 1114/2024/767 1127/2025/767
f 1077/1936/12 1076/1938/12 1118/2026/12 1119/2027/12
f 1096/2021/767 1097/2028/767 1123/2029/767 1122/2022/767
f 1075/1937/12 1077/1936/12 1119/2027/12 1117/2020/12
f 1097/2028/767 1098/2030/767 1124/2031/767 1123/2029/767
f 959/1681/767 966/2032/767 1115/2033/767 1113/2034/767
f 1098/2030/767 1099/2035/767 1125/2036/767 1124/2031/767
f 958/1684/767 957/1682/767 1111/2037/767 1112/2038/767
f 1099/2035/767 1100/2039/767 1126/2040/767 1125/2036/767
f 960/1685/767 958/1684/767 1112/2038/767 1114/2024/767
f 1100/2039/767 1101/2023/767 1127/2025/767 1126/2040/767
f 957/1682/767 959/1681/767 1113/2034/767 1111/2037/767
f 1127/2041/768 1114/2042/768 1171/2043/768 1163/2044/768
f 1116/2018/12 1117/2020/12 1189/2045/12 1167/2046/12
f 1126/2047/768 1127/2041/768 1163/2044/768 1164/2048/768
f 1121/2049/768 1122/2050/768 1183/2051/768 1173/2052/768
f 1111/2053/768 1113/2054/768 1180/2055/768 1177/2056/768
f 1170/2057/769 1179/2058/769 1129/2059/769 1131/2060/769
f 1120/2061/768 1121/2049/768 1173/2052/768 1174/2062/768
f 1114/2042/768 1112/2063/768 1178/2064/768 1171/2043/768
f 1122/2050/768 1123/2065/768 1185/2066/768 1183/2051/768
f 1112/2063/768 1111/2053/768 1177/2056/768 1178/2064/768
f 1123/2065/768 1124/2067/768 1187/2068/768 1185/2066/768
f 1115/2019/12 1116/2018/12 1167/2046/12 1168/2069/12
f 1124/2067/768 1125/2070/768 1191/2071/768 1187/2068/768
f 1119/2027/12 1118/2026/12 1193/2072/12 1194/2073/12
f 1166/2074/12 1188/2075/12 1134/2076/12 1133/2077/12
f 1117/2020/12 1119/2027/12 1194/2073/12 1189/2045/12
f 1128/2078/770 1130/2079/770 1147/2080/770 1145/2081/770
f 1140/2082/770 1141/2083/770 1158/2084/770 1157/2085/770
f 1133/2077/12 1134/2076/12 1151/2086/12 1150/2087/12
f 1141/2083/770 1142/2088/770 1159/2089/770 1158/2084/770
f 1136/2090/12 1135/2091/12 1152/2092/12 1153/2093/12
f 1142/2088/770 1143/2094/770 1160/2095/770 1159/2089/770
f 1134/2076/12 1136/2090/12 1153/2093/12 1151/2086/12
f 1143/2094/770 1144/2096/770 1161/2097/770 1160/2095/770
f 1132/2098/12 1133/2077/12 1150/2087/12 1149/2099/12
f 1144/2096/770 1131/2100/770 1148/2101/770 1161/2097/770
f 1137/2102/770 1138/2103/770 1155/2104/770 1154/2105/770
f 1129/2106/770 1128/2078/770 1145/2081/770 1146/2107/770
f 1130/2079/770 1132/2108/770 1149/2109/770 1147/2080/770
f 1138/2103/770 1139/2110/770 1156/2111/770 1155/2104/770
f 1131/2100/770 1129/2106/770 1146/2107/770 1148/2101/770
f 1139/2110/770 1140/2082/770 1157/2085/770 1156/2111/770
f 1195/2112/12 1192/2113/12 1135/2091/12 1136/2090/12
f 1190/2114/769 1165/2115/769 1143/2116/769 1142/2117/769
f 1188/2075/12 1195/2112/12 1136/2090/12 1134/2076/12
f 1113/2054/768 1115/2118/768 1168/2119/768 1180/2055/768
f 1186/2120/769 1190/2114/769 1142/2117/769 1141/2121/769
f 1182/2122/769 1184/2123/769 1140/2124/769 1139/2125/769
f 1184/2123/769 1186/2120/769 1141/2121/769 1140/2124/769
f 1172/2126/769 1182/2122/769 1139/2125/769 1138/2127/769
f 1176/2128/769 1181/2129/769 1130/2130/769 1128/2131/769
f 1181/2129/769 1169/2132/769 1132/2133/769 1130/2130/769
f 1179/2058/769 1176/2128/769 1128/2131/769 1129/2059/769
f 1175/2134/769 1172/2126/769 1138/2127/769 1137/2135/769
f 1125/2070/768 1126/2047/768 1164/2048/768 1191/2071/768
f 1169/2136/12 1166/2074/12 1133/2077/12 1132/2098/12
f 1165/2115/769 1162/2137/769 1144/2138/769 1143/2116/769
f 1196/2139/12 1197/2140/12 1189/2045/12 1194/2073/12
f 1198/2141/771 1199/2142/771 1191/2143/771 1164/2144/771
f 1200/2145/12 1196/2139/12 1194/2073/12 1193/2072/12
f 1199/2142/771 1201/2146/771 1187/2147/771 1191/2143/771
f 1197/2140/12 1202/2148/12 1167/2046/12 1189/2045/12
f 1201/2146/771 1203/2149/771 1185/2150/771 1187/2147/771
f 1204/2151/771 1205/2152/771 1177/2153/771 1180/2154/771
f 1203/2149/771 1206/2155/771 1183/2156/771 1185/2150/771
f 1207/2157/771 1208/2158/771 1171/2159/771 1178/2160/771
f 1206/2155/771 1209/2161/771 1173/2162/771 1183/2156/771
f 1210/2163/771 1204/2151/771 1180/2154/771 1168/2164/771
f 1205/2152/771 1207/2157/771 1178/2160/771 1177/2153/771
f 1209/2161/771 1211/2165/771 1174/2166/771 1173/2162/771
f 1208/2158/771 1212/2167/771 1163/2168/771 1171/2159/771
f 1202/2148/12 1210/2169/12 1168/2069/12 1167/2046/12
f 1212/2167/771 1198/2141/771 1164/2144/771 1163/2168/771
f 1162/2137/769 1170/2057/769 1131/2060/769 1144/2138/769
f 1162/2170/772 1165/2171/772 1198/2141/772 1212/2167/772
f 1166/2074/12 1169/2136/12 1210/2169/12 1202/2148/12
f 1170/2172/772 1162/2170/772 1212/2167/772 1208/2158/772
f 1172/2173/772 1175/2174/772 1211/2165/772 1209/2161/772
f 1176/2175/772 1179/2176/772 1207/2157/772 1205/2152/772
f 1169/2177/772 1181/2178/772 1204/2151/772 1210/2163/772
f 1182/2179/772 1172/2173/772 1209/2161/772 1206/2155/772
f 1179/2176/772 1170/2172/772 1208/2158/772 1207/2157/772
f 1184/2180/772 1182/2179/772 1206/2155/772 1203/2149/772
f 1181/2178/772 1176/2175/772 1205/2152/772 1204/2151/772
f 1186/2181/772 1184/2180/772 1203/2149/772 1201/2146/772
f 1188/2075/12 1166/2074/12 1202/2148/12 1197/2140/12
f 1190/2182/772 1186/2181/772 1201/2146/772 1199/2142/772
f 1192/2113/12 1195/2112/12 1196/2139/12 1200/2145/12
f 1165/2171/772 1190/2182/772 1199/2142/772 1198/2141/772
f 1195/2112/12 1188/2075/12 1197/2140/12 1196/2139/12
f 1216/2183/773 1214/2184/773 1213/2185/773 1215/2186/773
f 891/2187/773 940/1632/773 1213/2185/773
f 939/1631/774 851/2188/774 1107/2189/774
f 1094/2190/773 1216/2183/773 1215/2186/773 1107/2189/773
f 1213/2185/773 940/1632/773 1215/2186/773
f 940/1632/773 939/1631/773 1215/2186/773
f 1107/2189/773 1215/2186/773 939/1631/773
f 1211/2165/772 1175/2174/772 1222/2191/772 1223/2192/772
f 1137/2102/770 1154/2105/770 1220/2193/770 1219/2194/770
f 1174/2166/771 1211/2165/771 1223/2192/771 1221/2195/771
f 1175/2134/769 1137/2135/769 1219/2196/769 1222/2197/769
f 1120/2061/768 1174/2062/768 1221/2198/768 1218/2199/768
f 1094/2014/767 1120/2017/767 1218/2200/767 1217/2201/767
f 1222/2197/775 1219/2196/775 1226/2202/775 1229/2203/775
f 1221/2195/776 1223/2192/776 1230/2204/776 1228/2205/776
f 1217/2201/777 1218/2200/777 1225/2206/777 1224/2207/777
f 1223/2192/778 1222/2191/778 1229/2208/778 1230/2204/778
f 1218/2199/779 1221/2198/779 1228/2209/779 1225/2210/779
f 1219/2194/780 1220/2193/780 1227/2211/780 1226/2212/780
f 1228/2205/781 1230/2204/781 1236/2213/781 1234/2214/781
f 1224/2207/782 1225/2206/782 1231/2215/782 1214/2216/782
f 1230/2204/783 1229/2208/783 1235/2217/783 1236/2213/783
f 1225/2218/784 1228/2219/784 1234/2220/784 1231/2221/784
f 1226/2212/785 1227/2211/785 1233/2222/785 1232/2223/785
f 1229/2224/786 1226/2225/786 1232/2226/786 1235/2227/786
f 1216/2228/6 1217/2201/6 1224/2207/6 1214/2216/6
f 1094/2014/6 1217/2201/6 1216/2228/6
f 767/1379/787 1062/1376/787 1252/1930/787 1239/1941/787
f 1062/1376/602 1063/1374/602 1249/1924/602 1252/1930/602
f 1065/1373/12 1064/1375/12 1251/1928/12 1250/1925/12
f 1063/1374/12 1065/1373/12 1250/1925/12 1249/1924/12
f 1051/1912/788 1247/1901/788 1248/1917/788 1057/1919/788
f 846/1432/789 1246/1898/789 1247/1901/789 1051/1912/789
f 841/1427/790 1245/1889/790 1246/1898/790 846/1432/790
f 1050/1426/791 1244/1875/791 1245/1889/791 841/1427/791
f 1006/1904/6 1005/1906/6 1461/1909/6 1463/1905/6
f 777/1310/792 1242/1884/792 1243/1876/792 836/1416/792
f 778/1309/793 1241/1887/793 1242/1884/793 777/1310/793
f 800/1295/794 1240/1294/794 1241/1887/794 778/1309/794
f 1448/2229/594 779/1316/594 804/1300/594 1450/1362/594
f 766/1299/590 1237/1873/590 1238/1356/590 768/1301/590
f 767/1298/590 1239/1872/590 1237/1873/590 766/1299/590
f 1451/2230/795 1447/1292/795 800/1295/795 809/1312/795
f 1002/2231/733 1015/2232/733 1254/2233/733 1253/2234/733
f 1253/2235/6 1254/2236/6 1043/2237/6 1040/2238/6
f 1015/1791/472 1089/1709/472 1043/1712/472 1254/2239/472
f 1044/2240/733 1092/2241/733 1093/2242/733 1045/2243/733
f 1002/1983/480 1253/2244/480 1040/1978/480 1032/1984/480
f 79/261/796 1260/263/796 1268/131/796 405/130/796
f 380/88/797 1266/101/797 1267/2245/797 381/2246/797
f 241/109/6 1278/134/6 1280/810/6 242/763/6
f 30/128/798 274/117/798 1264/100/798 1259/786/798
f 5/35/799 269/34/799 1263/124/799 1257/121/799
f 1268/131/800 403/265/800 1389/766/800 1437/132/800
f 10/36/799 1258/120/799 1261/677/799 213/678/799
f 30/260/801 1259/262/801 1260/263/801 79/261/801
f 269/34/802 6/33/802 1256/125/802 1263/124/802
f 10/36/799 5/35/799 1257/121/799 1258/120/799
f 32/139/803 1256/115/803 1255/111/803 31/114/803
f 29/103/804 381/788/804 1267/112/804 1255/111/804
f 1392/764/6 242/763/6 243/158/6 1394/157/6
f 1326/804/12 1275/814/12 345/815/12 1265/805/12
f 274/117/805 382/116/805 1266/101/805 1264/100/805
f 1270/2247/806 365/695/806 1269/10/806
f 439/903/807 1293/901/807 438/870/807
f 249/751/808 431/273/808 399/276/808
f 1324/2248/809 473/2249/809 1323/2250/809
f 1310/9/810 1271/55/810 1272/2251/810 1309/2252/810
f 1271/55/810 1273/703/810 1274/2253/810 1272/2251/810
f 1273/703/810 1275/814/810 1276/2254/810 1274/2253/810
f 1326/804/810 1277/105/810 1278/2255/810 1325/2256/810
f 1277/105/810 1279/104/810 1280/2257/810 1278/2255/810
f 1279/104/810 1281/149/810 1282/2258/810 1280/2257/810
f 1513/191/811 1283/170/811 1284/2259/811 1514/2260/811
f 1281/149/812 1286/148/812 1285/2261/812 1282/2258/812
f 1292/819/813 1287/201/813 1288/2262/813 1293/2263/813
f 1283/170/814 1290/169/814 1289/2264/814 1284/2259/814
f 1287/201/815 1295/748/815 1296/2265/815 1288/2262/815
f 1304/2266/816 1297/2267/816 1298/358/816 1303/360/816
f 1303/2268/817 1305/2269/817 1306/473/817 1304/372/817
f 1269/2270/818 1310/2271/818 1309/63/818 1270/818/818
f 1302/824/819 1314/930/819 1313/2272/819 1301/2273/819
f 1300/346/820 1312/347/820 1311/2274/820 1299/2275/820
f 1317/747/821 1315/746/821 1316/2276/821 1318/2277/821
f 1322/340/822 1319/737/822 1320/2278/822 1321/2279/822
f 1299/361/823 1316/835/823 1315/2280/823 1300/2281/823
f 1318/2277/824 1296/2265/824 1295/748/824 1317/747/824
f 1297/2267/825 1320/2278/825 1319/737/825 1298/358/825
f 1321/821/826 1302/824/826 1301/2273/826 1322/2282/826
f 1307/2283/827 1324/2284/827 1323/1020/827 1308/967/827
f 1275/814/810 1326/804/810 1325/2256/810 1276/2254/810
f 369/774/828 365/852/828 1270/2285/828 235/706/828
f 472/467/829 1323/1020/829 474/2286/829
f 473/2249/830 471/437/830 474/940/830 1323/2250/830
f 439/872/831 430/281/831 1327/2287/831
f 1294/895/832 1293/2263/832 439/872/832 1327/2287/832
f 1292/819/833 1293/2263/833 1294/895/833
f 1290/169/834 1294/895/834 1289/2264/834
f 435/897/835 1327/2287/835 430/281/835 433/284/835
f 1327/2287/836 435/897/836 1289/2264/836 1294/895/836
f 1411/908/837 455/729/837 447/736/837 450/735/837
f 459/822/838 1429/927/838 1410/916/838 254/823/838
f 1335/658/839 666/1110/839 1334/2288/839
f 1330/2289/840 1332/1069/840 1333/2290/840 1331/2291/840
f 1341/655/841 1335/658/841 1334/2288/841 1340/2292/841
f 1332/1069/842 1338/1021/842 1339/2293/842 1333/2290/842
f 1343/1023/842 1341/655/842 1340/2292/842 1342/2294/842
f 1338/1021/842 1343/1023/842 1342/2294/842 1339/2293/842
f 1336/665/843 1329/2295/843 1328/956/843 1337/666/843
f 1328/956/844 492/546/844 511/974/844 1337/666/844
f 540/667/845 1337/666/845 539/2296/845
f 511/879/846 512/548/846 539/779/846 1337/2297/846
f 600/2298/847 1306/2299/847 1305/368/847 599/2300/847
f 1344/367/104 124/359/104 149/825/104
f 599/2300/848 1305/368/848 1344/367/848 162/2301/848
f 162/2301/849 1344/367/849 149/825/849 159/2302/849
f 160/2303/850 159/2302/850 149/825/850 573/1013/850
f 1379/2304/851 1381/2305/851 1370/2306/851 1360/2307/851
f 1360/2307/852 1370/2306/852 1371/2308/852 1361/2309/852
f 1361/2309/853 1371/2308/853 1372/2310/853 1362/2311/853
f 1362/2311/854 1372/2310/854 1373/2312/854 1363/2313/854
f 1363/2313/855 1373/2312/855 1374/523/855 1364/957/855
f 1377/2314/856 1380/2315/856 1365/2316/856 1350/2317/856
f 1350/2317/856 1365/2316/856 1366/2318/856 1351/2319/856
f 1351/2319/856 1366/2318/856 1367/2320/856 1352/2321/856
f 1352/2321/857 1367/2320/857 1368/2322/857 1353/2323/857
f 1353/2323/858 1368/2322/858 1369/527/858 1354/722/858
f 1376/2324/859 1377/2325/859 1350/2326/859 1349/2327/859
f 1349/2327/859 1350/2326/859 1351/2328/859 1348/2329/859
f 1348/2329/859 1351/2328/859 1352/2330/859 1347/2331/859
f 1347/2331/860 1352/2330/860 1353/2332/860 1346/2333/860
f 1346/2333/861 1353/2332/861 1354/532/861 1345/531/861
f 1380/2315/856 1378/2334/856 1355/2335/856 1365/2316/856
f 1365/2316/856 1355/2335/856 1356/2336/856 1366/2318/856
f 1366/2318/856 1356/2336/856 1357/2337/856 1367/2320/856
f 1367/2320/857 1357/2337/857 1358/2338/857 1368/2322/857
f 1368/2322/858 1358/2338/858 1359/528/858 1369/527/858
f 1381/2305/862 1376/2339/862 1349/2340/862 1370/2306/862
f 1370/2306/863 1349/2340/863 1348/2341/863 1371/2308/863
f 1371/2308/864 1348/2341/864 1347/2342/864 1372/2310/864
f 1372/2310/865 1347/2342/865 1346/2343/865 1373/2312/865
f 1373/2312/866 1346/2343/866 1345/524/866 1374/523/866
f 605/1034/867 606/1027/867 1330/1029/867 1331/2344/867
f 167/726/868 165/727/868 187/2345/868 1375/1028/868
f 195/828/869 1375/2346/869 187/829/869
f 1330/2289/870 1375/2346/870 195/828/870 1332/1069/870
f 578/520/871 593/2347/871 187/2348/871 165/521/871
f 607/1045/872 1328/2349/872 172/539/872 608/542/872
f 1328/2349/873 1329/2350/873 172/539/873
f 172/958/874 1329/2351/874 1336/2352/874 1364/957/874
f 171/2353/875 1359/2354/875 569/1005/875 570/1004/875
f 171/2353/876 570/1004/876 593/1025/876 578/2355/876
f 1336/2352/877 540/2356/877 1364/957/877
f 540/2356/878 197/2357/878 1363/2313/878 1364/957/878
f 569/2358/879 1359/528/879 1358/2338/879 575/2359/879
f 575/2359/880 1358/2338/880 1357/2337/880 572/2360/880
f 572/2360/881 1357/2337/881 1356/2336/881 571/2361/881
f 197/2357/882 134/2362/882 1362/2311/882 1363/2313/882
f 134/2362/883 471/2363/883 1361/2309/883 1362/2311/883
f 471/2363/884 473/2364/884 1360/2307/884 1361/2309/884
f 571/1009/885 1356/2365/885 1355/2366/885 576/1018/885
f 490/2367/886 164/2368/886 1376/2339/886 1381/2305/886
f 258/500/856 160/499/856 1378/2334/856 1380/2315/856
f 164/501/887 157/504/887 1377/2325/887 1376/2324/887
f 157/732/856 258/500/856 1380/2315/856 1377/2314/856
f 161/2369/888 490/2367/888 1381/2305/888 1379/2304/888
f 473/2364/889 1324/2370/889 1379/2304/889 1360/2307/889
f 576/1018/890 1355/2366/890 1378/2371/890 574/1012/890
f 574/1012/891 1378/2371/891 160/2303/891 573/1013/891
f 601/2372/892 602/2373/892 1307/2374/892 1308/2375/892
f 161/2376/893 1307/2374/893 602/2373/893
f 1324/2370/894 1307/2377/894 161/2369/894 1379/2304/894
f 1/697/895 362/856/895 232/272/895 229/698/895
f 1387/2378/896 1384/2379/896 1385/70/896 1386/708/896
f 1389/2380/897 1387/2378/897 1386/708/897 1388/710/897
f 1437/2381/898 1389/2380/898 1388/710/898 1436/108/898
f 1391/110/899 1392/764/899 1393/2382/899 1390/2383/899
f 1395/2384/900 1393/2382/900 1392/764/900 1394/157/900
f 1399/2385/901 1395/2384/901 1394/157/901 1398/160/901
f 1515/2386/902 1399/2385/902 1398/160/902 1516/185/902
f 1402/2387/903 1397/2388/903 1396/179/903 1403/182/903
f 1401/2389/904 1405/2390/904 1404/754/904 1400/210/904
f 1407/2391/905 1401/2389/905 1400/210/905 1406/213/905
f 1415/2392/906 1408/2393/906 1409/366/906 1414/906/906
f 1421/2394/907 1415/2392/907 1414/906/907 1420/886/907
f 1419/2395/907 1421/2394/907 1420/886/907 1418/465/907
f 1416/2396/908 1419/2395/908 1418/465/908 1417/468/908
f 1384/2379/909 1423/2397/909 1422/71/909 1385/70/909
f 1426/2398/910 1412/2399/910 1413/342/910 1427/345/910
f 1424/917/911 1410/916/911 1411/2400/911 1425/2401/911
f 1429/927/912 1430/926/912 1431/2402/912 1428/2403/912
f 1433/2404/913 1434/907/913 1435/2405/913 1432/2406/913
f 1408/2393/914 1431/2407/914 1430/363/914 1409/366/914
f 1428/2403/915 1411/2400/915 1410/916/915 1429/927/915
f 1432/2408/916 1407/2391/916 1406/213/916 1433/893/916
f 1412/2399/917 1435/2405/917 1434/907/917 1413/342/917
f 1390/2383/918 1437/2381/918 1436/108/918 1391/110/918
f 1422/71/6 1382/2409/6 235/817/6 268/62/6
f 1383/2410/919 1382/2409/919 1422/71/919 1423/2397/919
f 1500/752/280 1499/2411/280 1439/816/280 1438/696/280
f 365/695/920 367/844/920 1438/696/920
f 1500/752/921 1438/696/921 367/844/921 1498/753/921
f 428/743/922 1402/742/922 1403/2412/922 247/836/922
f 248/900/923 1404/2413/923 1405/876/923 429/277/923
f 482/436/924 1416/435/924 1417/2414/924 472/942/924
f 633/1054/12 1440/1053/12 665/1052/12 664/1076/12
f 634/1061/6 629/552/6 660/1074/6 665/1073/6
f 1517/2415/6 219/680/6 54/190/6 1505/173/6
f 1092/2241/733 1040/2416/733 1043/2417/733 1093/2242/733
f 1442/2418/925 1443/2419/925 1444/2420/925 1445/2421/925
f 1449/2422/926 1443/2419/926 1442/2418/926 1448/2229/926
f 1451/2230/927 1449/2422/927 1448/2229/927 1450/1362/927
f 1447/1292/928 1451/2230/928 1450/1362/928 1446/1358/928
f 1473/1357/929 1453/1355/929 1452/1689/929 1472/1293/929
f 1455/1900/930 1456/1899/930 1457/1911/930 1454/1878/930
f 1456/1899/931 1458/1888/931 1459/1908/931 1457/1911/931
f 1458/1888/932 1460/1874/932 1461/1909/932 1459/1908/932
f 1460/1874/933 1462/1877/933 1463/1905/933 1461/1909/933
f 1462/1877/934 1464/1885/934 1465/1903/934 1463/1905/934
f 1464/1885/935 1466/1886/935 1467/1883/935 1465/1903/935
f 1469/1690/936 1452/1689/936 1453/1355/936 1468/1354/936
f 1466/1886/937 1469/1690/937 1468/1354/937 1467/1883/937
f 1470/1916/938 1455/1900/938 1454/1878/938 1471/1881/938
f 1446/1358/939 1473/1357/939 1472/1293/939 1447/1292/939
f 1442/2418/940 761/1269/940 779/1316/940 1448/2229/940
f 391/248/6 71/202/6 1476/2423/6 1477/2424/6
f 71/202/53 61/205/53 1474/2425/53 1476/2423/53
f 62/238/6 391/248/6 1477/2424/6 1475/2426/6
f 62/238/63 1475/2426/63 1441/2427/63 50/176/63
f 965/2009/480 1079/2012/480 1481/2008/480 1480/2007/480
f 1079/1948/733 1482/1947/733 1484/1944/733 1481/1943/733
f 961/1969/12 1485/1699/12 1480/1702/12 964/1970/12
f 833/1975/472 1484/2428/472 1485/2429/472 961/1976/472
f 962/2430/472 1490/2431/472 1482/1695/472 1483/1698/472
f 1490/2431/472 1491/2432/472 1484/2428/472 1482/1695/472
f 1479/2433/472 962/2430/472 1483/1698/472 1485/2429/472
f 1491/2432/472 1479/2433/472 1485/2429/472 1484/2428/472
f 1493/2434/472 1492/2435/472 1487/2436/472 1489/2437/472
f 962/2438/12 1479/2439/12 1489/2440/12 1487/2441/12
f 1490/2442/471 962/2443/471 1487/2444/471 1492/2445/471
f 1479/2446/6 1491/2447/6 1493/2448/6 1489/2449/6
f 834/2450/733 1478/2451/733 1491/2452/733 1490/2453/733
f 1488/2454/733 1486/2455/733 1492/2456/733 1493/2457/733
f 1486/2455/733 834/2450/733 1490/2453/733 1492/2456/733
f 1478/2451/733 1488/2454/733 1493/2457/733 1491/2452/733
f 1495/2458/733 1494/2459/733 1496/2460/733 1497/2461/733
f 1486/2462/472 1488/2463/472 1497/2464/472 1496/2465/472
f 834/2466/471 1486/2467/471 1496/2468/471 1494/2469/471
f 1478/2470/480 834/2471/480 1494/2472/480 1495/2473/480
f 15/59/941 342/809/941 1499/2411/941 1500/752/941
f 367/844/942 366/845/942 1498/753/942
f 2/83/943 1498/753/943 366/845/943
f 2/83/944 13/82/944 75/60/944 1498/753/944
f 1441/2427/6 1517/2415/6 1505/173/6 50/176/6
f 1397/2388/945 1515/2386/945 1516/185/945 1396/179/945
f 1286/148/811 1513/191/811 1514/2260/811 1285/2261/811
f 83/256/946 409/758/946 1512/232/946 1506/257/946
f 51/189/6 283/781/6 1509/783/6 1504/174/6
f 46/184/947 47/178/947 1503/177/947 1511/183/947
f 53/195/948 83/256/948 1506/257/948 1502/166/948
f 245/159/47 1285/813/47 1514/239/47 1507/186/47
f 409/758/949 1399/757/949 1515/233/949 1512/232/949
f 1283/170/12 1513/191/12 1510/192/12 349/171/12
f 1398/160/47 245/159/47 1507/186/47 1516/185/47
f 388/782/950 282/196/950 1508/165/950 1511/183/950
f 52/188/951 55/187/951 1503/177/951 1501/162/951
f 54/190/6 51/189/6 1504/174/6 1505/173/6
f 282/196/952 53/195/952 1502/166/952 1508/165/952
f 283/197/953 52/188/953 1501/162/953 1509/161/953
