# This file uses centimeters as units for non-parametric coordinates.

mtllib Tunnel-End-Level.mtl
g default
v -8.376696 27.209572 -807.059082
v -16.565224 27.209572 -807.059082
v 1.149583 -23.864246 -846.185730
v -9.112906 -23.864246 -846.185730
v -9.112906 -36.474873 -807.914795
v -9.337096 4.266300 -808.842651
v 1.149583 -36.474873 -807.914795
v 1.484409 4.174133 -808.417603
v -4.075968 10.014377 -808.204590
v -4.075968 12.536654 -808.204590
v -4.075968 16.632584 -808.204590
v -4.075968 22.033455 -808.204590
v -4.075968 27.224823 -808.204590
v -8.376696 27.224823 -808.204590
v -16.565224 27.224823 -808.204590
v 1.938665 -25.065578 -847.636169
v 2.235338 -22.947437 -849.921326
v 3.004370 5.883387 -803.208374
v -3.605618 27.209572 -803.208374
v -8.376696 27.209572 -803.208374
v -3.605618 11.975471 -803.208374
v -16.565224 27.209572 -803.208496
v -3.605618 16.632584 -803.208374
v -3.605618 21.968746 -803.208374
v 0.000000 -23.864246 -846.533936
v 0.000000 -36.474873 -807.914795
v -0.222898 -18.505058 -849.549194
v -6.226332 27.209572 -807.059082
v -4.075968 14.079124 -808.204590
v -6.226332 27.224823 -808.204590
v -3.605618 14.079124 -803.208374
v -5.991157 27.209572 -803.208374
v 2.637115 -100.230942 -844.843994
v 2.235338 -100.230942 -849.417236
v -4.075968 8.021718 -808.204590
v 0.000000 4.716896 -807.469360
v -0.435349 6.029058 -807.671387
v -9.200131 -18.505058 -849.131104
v -0.741252 6.029058 -807.289551
v -1.037984 6.330508 -806.973633
v 1.579226 6.330508 -807.047241
v 2.235338 5.823900 -806.757690
v -4.075968 12.536654 -807.421021
v -3.714525 12.536654 -807.042236
v -4.075968 16.632584 -807.421021
v -3.714525 16.632584 -807.042236
v -3.714525 21.968746 -807.042236
v -4.075968 22.009380 -807.421021
v -3.714525 27.209572 -807.042236
v -4.075968 27.305378 -807.421021
v -4.437804 27.209572 -807.059082
v -4.032098 27.209572 -806.699951
v -4.075968 10.014377 -807.421021
v -3.714525 10.014377 -807.042236
v -3.714525 14.079124 -807.042236
v -4.075968 14.079124 -807.421021
v -3.714405 8.021718 -807.045044
v -4.075968 8.021718 -807.421021
v -3.411946 6.029057 -807.352051
v -3.714275 6.330508 -807.048950
v 3.004370 -104.866180 -803.208374
v 2.235338 -104.866180 -807.360596
v 2.182986 -104.866180 -806.761719
v 1.660367 -37.837505 -806.757690
v 1.660367 -37.837566 -807.360596
v 2.429399 -38.866276 -803.208374
v -9.112906 -32.406109 -815.763367
v 1.334374 -32.406109 -815.763367
v -9.501582 10.014377 -817.896606
v -9.501582 22.115753 -817.896606
v -9.501582 27.265011 -817.896606
v -9.501582 16.632584 -817.896606
v -13.802310 27.265011 -817.896606
v -9.501582 12.536654 -817.896606
v -21.990837 27.265011 -817.896606
v 0.000000 -32.424717 -815.937500
v -9.501582 14.079124 -817.896606
v -11.651947 27.265011 -817.896606
v -9.501582 8.021718 -817.896606
v 2.326271 -33.692295 -816.705200
v 2.901242 -104.866180 -817.896606
v -11.260958 -18.505058 -848.772278
v 1.694110 -18.505058 -848.655151
v 2.329038 5.936891 -808.500671
v 1.408595 5.733577 -808.880981
v -3.520374 6.027569 -808.952393
v -0.050049 -18.505058 -849.054382
v -9.730854 6.029058 -817.896606
v -12.653876 12.536654 -841.290222
v -16.954605 27.413288 -841.301514
v -12.653876 15.653590 -841.290222
v -25.143131 27.413288 -841.301514
v -12.653876 22.449045 -841.290222
v -12.653876 10.014377 -841.290222
v -12.653876 27.413288 -841.290222
v 2.235338 -22.947437 -859.726624
v -1.037984 -18.505058 -859.726624
v -12.653876 14.079124 -841.290222
v -14.804241 27.413288 -841.301514
v 2.235338 -93.988785 -859.726624
v -9.124012 -16.512398 -859.715332
v -8.410934 -18.505058 -859.715332
v -9.123248 26.748737 -800.213135
v -3.605618 11.975471 -800.213135
v -17.311775 26.748737 -800.213135
v -4.996511 16.632584 -800.213135
v -5.191941 21.773296 -800.213135
v -5.257229 26.748737 -800.213135
v -7.190239 26.748737 -800.213135
v -4.449879 14.079124 -800.213135
v 2.517927 5.635367 -807.953125
v 2.244466 -18.505058 -849.089111
v 2.235338 5.638041 -807.357178
v 1.793303 6.032248 -807.345947
v 1.839002 -18.505058 -859.726624
v -9.337096 3.748839 -807.142090
v -9.337096 3.571050 -802.847290
v -9.112906 -37.931377 -802.661865
v -9.112906 -36.586941 -806.598267
v 1.149583 -37.931377 -802.661865
v 1.149583 -36.586941 -806.598267
v 1.408595 4.591298 -802.852905
v 1.408595 4.725511 -806.863892
v 0.000000 -37.931377 -802.661865
v 0.000000 -36.586941 -806.598267
v 0.000000 4.436265 -802.554321
v 0.000000 4.637298 -806.283691
v -2.986281 9.742153 -800.213135
v -3.605618 9.491311 -803.208374
v -3.605618 7.644955 -803.208374
v -2.986281 7.746038 -800.213135
v -2.986281 6.034793 -800.213135
v -3.605618 5.758861 -803.208374
v -2.127101 6.747260 -800.213135
v -2.262102 6.022954 -803.208374
v -0.409102 6.330508 -806.991333
v -0.132231 6.029824 -807.303101
v 0.210680 6.029058 -807.826294
v 0.338467 5.732737 -808.598145
v 0.338467 4.608624 -807.652954
v 0.338467 4.658494 -806.423096
v 0.338467 4.473517 -802.626099
v -1.089255 6.492667 -800.070923
v -0.789430 7.067834 -803.121582
v 1.592529 7.422885 -800.070923
v 1.264062 6.048333 -803.121582
v 3.004370 5.780641 -800.054077
v 1.408595 4.475714 -800.108765
v 0.338467 4.346454 -799.986816
v 0.000000 4.305571 -799.948181
v -9.337096 3.455467 -800.055298
v -9.112906 -38.068035 -799.951660
v 0.000000 -38.068035 -799.951660
v 1.149583 -38.068035 -799.951660
v 2.429399 -39.031193 -800.054077
v 3.004370 -104.866180 -800.054077
v 1.944404 6.105294 -806.826538
v 2.232681 5.956528 -803.169922
v 2.378330 5.800703 -800.061523
v -10.437384 -0.453524 -838.231323
v -9.501582 10.014377 -831.299316
v -9.501582 12.536654 -831.330322
v -9.501582 14.079124 -831.409546
v -9.501582 16.062820 -831.511414
v -9.501582 22.314297 -831.832275
v -9.501582 27.352390 -831.682251
v -11.651947 27.352091 -831.641785
v -13.802310 27.351833 -831.601318
v -21.990837 27.350857 -831.447144
v 2.235338 -22.947437 -995.968018
v 2.235338 -93.988785 -995.968018
v -8.410934 -18.505058 -995.956665
v -1.037984 -18.505058 -995.968018
v -12.653876 10.014377 -977.531616
v -9.124012 -16.512398 -995.956665
v -16.954605 27.413288 -977.542847
v -14.804241 27.413288 -977.542847
v -12.653876 15.653590 -977.531616
v -12.653876 14.079124 -977.531616
v -12.653876 27.413288 -977.531616
v -12.653876 22.449045 -977.531616
v -25.143131 27.413288 -977.542847
v -12.653876 12.536654 -977.531616
v 1.839002 -18.505058 -995.968018
v 2.235338 -22.947437 -1045.592651
v 2.235338 -93.988785 -1045.592651
v -8.410934 -18.505058 -1045.581421
v -1.037984 -18.505058 -1045.592651
v -12.653876 10.014377 -1045.328125
v -9.124012 -16.512398 -1045.581421
v -16.954605 27.413288 -1045.339478
v -14.804241 27.413288 -1045.339478
v -12.653876 15.653590 -1045.328125
v -12.653876 14.079124 -1045.328125
v -12.653876 27.413288 -1045.328125
v -12.653876 22.449045 -1045.328125
v -25.143131 27.413288 -1045.339478
v -12.653876 12.536654 -1045.328125
v 1.839002 -18.505058 -1045.592651
v -4.428649 8.021718 -808.834595
v -4.474472 10.014377 -808.916382
v -4.532474 12.536655 -809.020020
v -4.567944 14.079124 -809.083374
v -4.626662 16.632584 -809.188293
v -4.751093 22.043695 -809.410522
v -4.870376 27.230707 -809.623657
v -7.077828 27.231131 -809.725647
v -9.285285 27.231552 -809.827637
v -17.691217 27.233164 -810.215942
v -5.695817 8.021718 -811.098145
v -5.762397 10.014377 -811.217041
v -5.846663 12.536655 -811.367676
v -5.898201 14.079124 -811.459717
v -5.983523 16.632584 -811.612061
v -6.165043 22.065144 -811.936401
v -6.337991 27.241577 -812.245300
v -17.933746 -0.021950 -620.718689
v -11.078489 -31.821358 -620.718689
v -9.337096 3.309004 -655.538818
v -15.206121 -31.821358 -654.668091
v -18.225367 -0.021950 -651.141724
v -19.266907 -0.021950 -628.065186
v -12.533549 -31.821358 -647.907471
v -13.833933 -31.821358 -628.065186
v 2.543730 -52.289711 -618.859070
v 2.537630 -51.593483 -655.078735
v -2.011118 -38.241207 -619.319214
v -3.159238 -38.241207 -655.538879
v -2.874706 -51.072472 -629.129700
v -2.874706 -51.072472 -647.321594
v -14.332397 -16.613258 -620.718689
v -19.654966 -16.613258 -654.668091
v -17.080215 -16.613258 -628.065186
v -15.442781 -16.613258 -649.506958
v 3.004370 -104.866180 -618.859070
v 3.097740 -104.302574 -654.668091
v -2.874706 -104.302574 -628.065186
v -2.874706 -104.302574 -646.695190
v -23.946594 -0.021950 -637.693359
v -14.859989 -37.806564 -637.693359
v -17.091341 -31.821358 -637.693359
v -14.859989 -52.653481 -636.917664
v -20.345245 -16.613258 -637.693359
v -14.124188 -104.302574 -636.925781
v -11.587973 -37.806564 -642.390991
v -12.276708 -36.998753 -630.781372
v -2.874706 -37.806564 -626.147095
v -2.874706 -39.227261 -627.615662
v -2.874706 -39.241619 -647.321594
v -2.874706 -37.806564 -648.610474
v -17.894011 -16.613258 -643.600159
v -20.940170 -0.021950 -644.201782
v -14.701141 -31.821358 -642.507568
v 2.429399 -39.240177 -618.859070
v 1.149583 -38.241207 -619.319214
v 1.149583 -38.241207 -655.538818
v 2.429399 -39.240177 -655.078735
v 2.393024 -51.072472 -628.152710
v 3.097740 -51.072472 -627.451050
v 3.097740 -51.072472 -647.352295
v 2.388277 -51.072472 -646.787659
v 2.390518 -104.302574 -627.176147
v 3.097740 -104.302574 -626.485718
v 3.097740 -104.302574 -646.199402
v 2.399336 -104.302574 -645.695251
v 3.238159 -40.068012 -627.112427
v 2.523500 -39.671764 -627.666260
v 3.151014 -38.515182 -626.390808
v 2.383556 -37.806564 -626.702759
v 3.097740 -38.520687 -648.872192
v 2.383699 -37.806564 -648.610474
v 2.383705 -39.241619 -647.321594
v 3.097740 -39.609341 -647.920166
v -4.874971 -38.241207 -619.319214
v -9.112906 -38.241207 -619.319214
v -9.112906 -38.241207 -655.538818
v -6.217773 -38.241207 -655.538879
v -8.217752 -51.072472 -646.653809
v -9.155854 -51.072472 -646.119141
v -9.292807 -51.072472 -629.933716
v -8.218497 -51.072472 -629.293335
v -8.225506 -104.302574 -645.680725
v -9.183504 -104.302574 -645.122681
v -9.296116 -104.302574 -630.018921
v -8.237032 -104.302574 -629.263306
v -9.162315 -39.076321 -645.897339
v -8.221868 -39.241344 -646.454346
v -8.222155 -37.806564 -647.719116
v -9.013969 -37.182697 -647.475952
v -9.457201 -37.662861 -627.490356
v -8.222155 -37.806564 -626.712158
v -8.221838 -39.233112 -628.138306
v -9.457201 -38.836220 -628.658691
v 3.004370 5.650445 -590.108154
v -7.548799 26.109341 -590.108154
v -2.747218 10.014378 -590.108154
v -10.159071 26.109341 -590.108154
v -3.605618 11.975471 -590.108154
v -18.347599 26.109341 -590.108154
v -5.629914 16.632584 -590.108154
v -6.825225 21.502115 -590.108154
v -4.927629 14.079124 -590.108154
v -8.853935 26.109341 -590.108154
v 3.004370 -104.866180 -590.108154
v 2.429399 -39.240177 -590.108154
v -9.337096 3.309004 -590.568237
v -9.112906 -38.241207 -590.568237
v 1.149583 -38.241207 -590.568237
v 1.408595 4.329251 -590.682556
v 0.000000 -38.241207 -590.568237
v 0.000000 4.139960 -590.696777
v -2.747218 8.018263 -590.108154
v -2.747218 6.307018 -590.108154
v -1.959126 5.880176 -590.108154
v 0.338467 4.185444 -590.693359
v -1.484837 6.199174 -590.097046
v 1.196947 7.129392 -590.097046
v 2.202920 5.598098 -590.103210
v -6.825225 21.502115 -618.859070
v -7.548799 26.109341 -618.859070
v -5.629914 16.632584 -618.859070
v -3.605618 11.975471 -618.859070
v -4.927629 14.079124 -618.859070
v -10.159071 26.109341 -618.859070
v -18.347599 26.109341 -618.859070
v -2.747218 10.014378 -618.859070
v -8.853935 26.109341 -618.859070
v 0.000000 4.139960 -619.447754
v 0.338467 4.185444 -619.444336
v 0.000000 -38.241207 -619.319214
v 3.004370 5.650445 -618.859070
v 1.408595 4.329251 -619.433472
v -2.747218 8.018263 -618.859070
v -2.747218 6.307018 -618.859070
v -1.959126 5.880176 -618.859070
v -1.484837 6.199174 -618.847961
v 1.196947 7.129392 -618.847961
v 2.202920 5.598098 -618.854126
v -6.825225 21.502115 -704.903809
v -7.548799 26.109341 -704.903809
v -5.629914 16.632584 -704.903809
v -3.605618 11.975471 -704.903809
v -4.927629 14.079124 -704.903809
v -10.159071 26.109341 -704.903809
v -18.347599 26.109341 -704.903809
v -2.747218 10.014378 -704.903809
v -8.853935 26.109341 -704.903809
v 3.004370 -104.866180 -704.903809
v 2.429399 -39.240177 -704.903809
v 0.000000 4.139960 -705.492432
v 0.338467 4.185444 -705.489014
v 0.000000 -38.241207 -705.363892
v -9.112906 -38.241207 -705.363892
v -9.337096 3.309004 -705.363892
v 1.149583 -38.241207 -705.363892
v 3.004370 5.650445 -704.903809
v 1.408595 4.329251 -705.478149
v -2.747218 8.018263 -704.903809
v -2.747218 6.307018 -704.903809
v -1.959126 5.880176 -704.903809
v -1.484837 6.199174 -704.892639
v 1.196947 7.129392 -704.892639
v 2.202920 5.598098 -704.898804
v -18.347599 26.109341 -655.078735
v -10.159071 26.109341 -655.078735
v -8.853935 26.109341 -655.078735
v -7.548799 26.109341 -655.078735
v -6.825225 21.502113 -655.078735
v -5.629913 16.632584 -655.078735
v -4.927629 14.079124 -655.078735
v -3.605618 11.975470 -655.078735
v -2.747218 10.014378 -655.078735
v -2.747218 8.018263 -655.078735
v -2.747218 6.307018 -655.078735
v -1.959126 5.880176 -655.078735
v -1.484837 6.199174 -655.067627
v 1.196946 7.129392 -655.067627
v 2.202920 5.598098 -655.073792
v 3.004370 5.650445 -655.078735
v 1.408595 4.329251 -655.653137
v 0.338467 4.185444 -655.663940
v 0.000000 4.139960 -655.667358
v 0.000000 -38.241207 -655.538818
v 2.543730 -52.289711 -590.108154
v 2.537630 -51.593487 -704.903809
v -9.173563 -26.999424 -705.363892
v -9.254229 -12.049282 -705.363892
v -9.165882 -28.422894 -590.568237
v -9.257829 -11.381929 -590.568237
v 0.643116 -104.302567 -627.471191
v 0.644791 -51.072472 -628.476929
v 0.731965 -39.524246 -627.649475
v 0.638465 -37.806564 -626.518311
v -2.011118 -38.241207 -590.568237
v -4.874971 -38.241207 -590.568237
v -6.217773 -38.241207 -705.363892
v -3.159238 -38.241207 -705.363892
v 0.000000 4.139960 -652.418762
v 0.000000 4.139960 -627.911194
v 0.000000 4.139960 -644.544189
v 0.000000 4.139960 -639.196899
v 0.338467 4.185444 -627.907776
v 0.338467 4.185444 -639.193481
v 0.338467 4.185444 -644.540771
v 0.338467 4.185444 -652.415344
v -17.933746 -0.021950 -501.256897
v -11.078489 -31.821358 -501.256897
v -9.337096 3.309004 -536.077026
v -15.206121 -31.821358 -535.206299
v -18.225367 -0.021950 -531.679932
v -19.266907 -0.021950 -508.603394
v -12.533549 -31.821358 -528.445679
v -13.833933 -31.821358 -508.603394
v 2.543730 -52.289711 -499.397278
v 2.537630 -51.593483 -535.616943
v -2.011118 -38.241207 -499.857422
v -3.159238 -38.241207 -536.077087
v -2.874706 -51.072472 -509.667908
v -2.874706 -51.072472 -527.859802
v -14.332397 -16.613258 -501.256897
v -19.654966 -16.613258 -535.206299
v -17.080215 -16.613258 -508.603394
v -15.442781 -16.613258 -530.045166
v 3.004370 -104.866180 -499.397278
v 3.097740 -104.302574 -535.206299
v -2.874706 -104.302574 -508.603394
v -2.874706 -104.302574 -527.233398
v -23.946594 -0.021950 -518.231567
v -14.859989 -37.806564 -518.231567
v -17.091341 -31.821358 -518.231567
v -14.859989 -52.653481 -517.455872
v -20.345245 -16.613258 -518.231567
v -14.124188 -104.302574 -517.463989
v -11.587973 -37.806564 -522.929199
v -12.276708 -36.998753 -511.319580
v -2.874706 -37.806564 -506.685303
v -2.874706 -39.227261 -508.153870
v -2.874706 -39.241619 -527.859802
v -2.874706 -37.806564 -529.148682
v -17.894011 -16.613258 -524.138367
v -20.940170 -0.021950 -524.739990
v -14.701141 -31.821358 -523.045776
v 2.429399 -39.240177 -499.397278
v 1.149583 -38.241207 -499.857422
v 1.149583 -38.241207 -536.077026
v 2.429399 -39.240177 -535.616943
v 2.393024 -51.072472 -508.690948
v 3.097740 -51.072472 -507.989258
v 3.097740 -51.072472 -527.890503
v 2.388277 -51.072472 -527.325867
v 2.390518 -104.302574 -507.714355
v 3.097740 -104.302574 -507.023956
v 3.097740 -104.302574 -526.737610
v 2.399336 -104.302574 -526.233459
v 3.238159 -40.068012 -507.650604
v 2.523500 -39.671764 -508.204468
v 3.151014 -38.515182 -506.929016
v 2.383556 -37.806564 -507.240967
v 3.097740 -38.520687 -529.410400
v 2.383699 -37.806564 -529.148682
v 2.383705 -39.241619 -527.859802
v 3.097740 -39.609341 -528.458374
v -4.874971 -38.241207 -499.857422
v -9.112906 -38.241207 -499.857422
v -9.112906 -38.241207 -536.077026
v -6.217773 -38.241207 -536.077087
v -8.217752 -51.072472 -527.192017
v -9.155854 -51.072472 -526.657349
v -9.292807 -51.072472 -510.471924
v -8.218497 -51.072472 -509.831512
v -8.225506 -104.302574 -526.218933
v -9.183504 -104.302574 -525.660889
v -9.296116 -104.302574 -510.557159
v -8.237032 -104.302574 -509.801514
v -9.162315 -39.076321 -526.435547
v -8.221868 -39.241344 -526.992554
v -8.222155 -37.806564 -528.257324
v -9.013969 -37.182697 -528.014160
v -9.457201 -37.662861 -508.028534
v -8.222155 -37.806564 -507.250397
v -8.221838 -39.233112 -508.676483
v -9.457201 -38.836220 -509.196899
v 3.004370 5.650445 -470.646362
v -7.548799 26.109341 -470.646362
v -2.747218 10.014378 -470.646362
v -10.159071 26.109341 -470.646362
v -3.605618 11.975471 -470.646362
v -18.347599 26.109341 -470.646362
v -5.629914 16.632584 -470.646362
v -6.825225 21.502115 -470.646362
v -4.927629 14.079124 -470.646362
v -8.853935 26.109341 -470.646362
v 3.004370 -104.866180 -470.646362
v 2.429399 -39.240177 -470.646362
v -9.337096 3.309004 -471.106476
v -9.112906 -38.241207 -471.106476
v 1.149583 -38.241207 -471.106476
v 1.408595 4.329251 -471.220764
v 0.000000 -38.241207 -471.106476
v 0.000000 4.139960 -471.235016
v -2.747218 8.018263 -470.646362
v -2.747218 6.307018 -470.646362
v -1.959126 5.880176 -470.646362
v 0.338467 4.185444 -471.231598
v -1.484837 6.199174 -470.635223
v 1.196947 7.129392 -470.635223
v 2.202920 5.598098 -470.641418
v -6.825225 21.502115 -499.397278
v -7.548799 26.109341 -499.397278
v -5.629914 16.632584 -499.397278
v -3.605618 11.975471 -499.397278
v -4.927629 14.079124 -499.397278
v -10.159071 26.109341 -499.397278
v -18.347599 26.109341 -499.397278
v -2.747218 10.014378 -499.397278
v -8.853935 26.109341 -499.397278
v 0.000000 4.139960 -499.985962
v 0.338467 4.185444 -499.982544
v 0.000000 -38.241207 -499.857422
v 3.004370 5.650445 -499.397278
v 1.408595 4.329251 -499.971680
v -2.747218 8.018263 -499.397278
v -2.747218 6.307018 -499.397278
v -1.959126 5.880176 -499.397278
v -1.484837 6.199174 -499.386169
v 1.196947 7.129392 -499.386169
v 2.202920 5.598098 -499.392334
v -6.825225 21.502115 -585.442017
v -7.548799 26.109341 -585.442017
v -5.629914 16.632584 -585.442017
v -3.605618 11.975471 -585.442017
v -4.927629 14.079124 -585.442017
v -10.159071 26.109341 -585.442017
v -18.347599 26.109341 -585.442017
v -2.747218 10.014378 -585.442017
v -8.853935 26.109341 -585.442017
v 3.004370 -104.866180 -585.442017
v 2.429399 -39.240177 -585.442017
v 0.000000 4.139960 -586.030640
v 0.338467 4.185444 -586.027222
v 0.000000 -38.241207 -585.902100
v -9.112906 -38.241207 -585.902100
v -9.337096 3.309004 -585.902100
v 1.149583 -38.241207 -585.902100
v 3.004370 5.650445 -585.442017
v 1.408595 4.329251 -586.016357
v -2.747218 8.018263 -585.442017
v -2.747218 6.307018 -585.442017
v -1.959126 5.880176 -585.442017
v -1.484837 6.199174 -585.430847
v 1.196947 7.129392 -585.430847
v 2.202920 5.598098 -585.437012
v -18.347599 26.109341 -535.616943
v -10.159071 26.109341 -535.616943
v -8.853935 26.109341 -535.616943
v -7.548799 26.109341 -535.616943
v -6.825225 21.502113 -535.616943
v -5.629913 16.632584 -535.616943
v -4.927629 14.079124 -535.616943
v -3.605618 11.975470 -535.616943
v -2.747218 10.014378 -535.616943
v -2.747218 8.018263 -535.616943
v -2.747218 6.307018 -535.616943
v -1.959126 5.880176 -535.616943
v -1.484837 6.199174 -535.605835
v 1.196946 7.129392 -535.605835
v 2.202920 5.598098 -535.612000
v 3.004370 5.650445 -535.616943
v 1.408595 4.329251 -536.191345
v 0.338467 4.185444 -536.202148
v 0.000000 4.139960 -536.205566
v 0.000000 -38.241207 -536.077026
v 2.543730 -52.289711 -470.646362
v 2.537630 -51.593487 -585.442017
v -9.173563 -26.999424 -585.902100
v -9.254229 -12.049282 -585.902100
v -9.165882 -28.422894 -471.106476
v -9.257829 -11.381929 -471.106476
v 0.643116 -104.302567 -508.009399
v 0.644791 -51.072472 -509.015167
v 0.731965 -39.524246 -508.187683
v 0.638465 -37.806564 -507.056549
v -2.011118 -38.241207 -471.106476
v -4.874971 -38.241207 -471.106476
v -6.217773 -38.241207 -585.902100
v -3.159238 -38.241207 -585.902100
v 0.000000 4.139960 -532.956970
v 0.000000 4.139960 -508.449402
v 0.000000 4.139960 -525.082397
v 0.000000 4.139960 -519.735107
v 0.338467 4.185444 -508.445984
v 0.338467 4.185444 -519.731689
v 0.338467 4.185444 -525.078979
v 0.338467 4.185444 -532.953552
v -6.825225 21.502115 -328.664185
v -7.548799 26.109341 -328.664185
v -5.629914 16.632584 -328.664185
v -3.605618 11.975471 -328.664185
v -4.927629 14.079124 -328.664185
v -10.159071 26.109341 -328.664185
v -18.347599 26.109341 -328.664185
v -2.747218 10.014378 -328.664185
v -8.853935 26.109341 -328.664185
v 3.004370 -104.866180 -328.664185
v 2.429399 -39.240177 -328.664185
v 0.000000 4.139960 -329.252838
v 0.338467 4.185444 -329.249420
v 0.000000 -38.241207 -329.124298
v -9.112906 -38.241207 -329.124298
v -9.337096 3.309004 -329.124298
v 1.149583 -38.241207 -329.124298
v 3.004370 5.650445 -328.664185
v 1.408595 4.329251 -329.238586
v -2.747218 8.018263 -328.664185
v -2.747218 6.307018 -328.664185
v -1.959126 5.880176 -328.664185
v -1.484837 6.199174 -328.653046
v 1.196947 7.129392 -328.653046
v 2.202920 5.598098 -328.659241
v -6.825225 21.502115 -425.150360
v -7.548799 26.109341 -425.150360
v -5.629914 16.632584 -425.150360
v -3.605618 11.975471 -425.150360
v -4.927629 14.079124 -425.150360
v -10.159071 26.109341 -425.150360
v -18.347599 26.109341 -425.150360
v -2.747218 10.014378 -425.150360
v -8.853935 26.109341 -425.150360
v 3.004370 -104.866180 -425.150360
v 2.429399 -39.240177 -425.150360
v 0.000000 4.139960 -425.739014
v 0.338467 4.185444 -425.735596
v 0.000000 -38.241207 -425.610474
v -9.112906 -38.241207 -425.610474
v -9.337096 3.309004 -425.610474
v 1.149583 -38.241207 -425.610474
v 3.004370 5.650445 -425.150360
v 1.408595 4.329251 -425.724762
v -2.747218 8.018263 -425.150360
v -2.747218 6.307018 -425.150360
v -1.959126 5.880176 -425.150360
v -1.484837 6.199174 -425.139221
v 1.196947 7.129392 -425.139221
v 2.202920 5.598098 -425.145416
v -18.347599 26.109341 -373.828674
v -10.159071 26.109341 -373.828674
v -8.853935 26.109341 -373.828674
v -7.548799 26.109341 -373.828674
v -6.825225 21.502115 -373.828674
v -5.629913 16.632584 -373.828674
v -4.927629 14.079124 -373.828674
v -3.605618 11.975471 -373.828674
v -2.747218 10.014378 -373.828674
v -2.747218 8.018263 -373.828674
v -2.747218 6.307017 -373.828674
v -1.959126 5.880176 -373.828674
v -1.484837 6.199174 -373.817535
v 1.196946 7.129392 -373.817535
v 2.202920 5.598098 -373.823730
v 3.004370 5.650445 -373.828674
v 1.408595 4.329251 -374.403076
v 0.338467 4.185444 -374.413910
v 0.000000 4.139959 -374.417328
v -9.337095 3.309004 -374.288788
v -9.112906 -38.241207 -374.288788
v 0.000000 -38.241207 -374.288788
v 1.149583 -38.241207 -374.288788
v 2.429399 -39.240177 -373.828674
v 3.004370 -104.866180 -373.828674
v -18.347599 26.109341 -462.511688
v -10.159071 26.109341 -462.511688
v -8.853935 26.109341 -462.511688
v -7.548799 26.109341 -462.511688
v -6.825225 21.502115 -462.511688
v -5.629914 16.632584 -462.511688
v -4.927629 14.079124 -462.511688
v -3.605618 11.975470 -462.511688
v -2.747218 10.014378 -462.511688
v -2.747218 8.018263 -462.511688
v -2.747218 6.307018 -462.511688
v -1.959126 5.880176 -462.511688
v -1.484837 6.199174 -462.500580
v 1.196947 7.129393 -462.500580
v 2.202920 5.598098 -462.506744
v 3.004370 5.650445 -462.511688
v 1.408595 4.329251 -463.086090
v 0.338467 4.185444 -463.096954
v 0.000000 4.139960 -463.100372
v -9.337096 3.309004 -462.971832
v -9.112906 -38.241207 -462.971832
v 0.000000 -38.241207 -462.971832
v 1.149583 -38.241207 -462.971832
v 2.429399 -39.240177 -462.511688
v 3.004370 -104.866180 -462.511688
v -5.761389 -38.241207 -329.124298
v -5.761389 -38.241207 -374.288788
v -5.761389 -38.241207 -425.610474
v -5.761389 -38.241207 -462.971832
v -3.046715 -38.241207 -329.124298
v -3.046715 -38.241203 -374.288788
v -3.046715 -38.241207 -425.610474
v -3.046715 -38.241203 -462.971802
v 2.530707 -50.803349 -328.664185
v 2.530707 -50.803349 -373.828674
v 2.530707 -50.803349 -425.150360
v 2.530707 -50.803349 -462.511719
v -9.167815 -28.064648 -329.124298
v -9.167815 -28.064648 -374.288818
v -9.167815 -28.064648 -425.610474
v -9.167815 -28.064648 -462.971832
v -9.253647 -12.157182 -462.971802
v -9.253647 -12.157182 -425.610474
v -9.253646 -12.157182 -374.288818
v -9.253647 -12.157182 -329.124298
v -6.825225 21.502115 -711.634888
v -7.548799 26.109341 -711.634888
v -5.629914 16.632584 -711.634888
v -3.605618 11.975471 -711.634888
v -4.927629 14.079124 -711.634888
v -10.159071 26.109341 -711.634888
v -18.347599 26.109341 -711.634888
v -2.747218 10.014378 -711.634888
v -8.853935 26.109341 -711.634888
v 3.004370 -104.866180 -711.634888
v 2.429399 -39.240177 -711.634888
v 0.000000 4.139960 -711.997192
v 0.338467 4.185444 -711.995056
v 0.000000 -38.241207 -711.918091
v -9.112906 -38.241207 -711.918091
v -9.337096 3.309004 -711.918091
v 1.149583 -38.241207 -711.918091
v 3.004370 5.650445 -711.634888
v 1.408595 4.329251 -711.988403
v -2.747218 8.018263 -711.634888
v -2.747218 6.307018 -711.634888
v -1.959126 5.880176 -711.634888
v -1.484837 6.199174 -711.628052
v 1.196947 7.129392 -711.628052
v 2.202920 5.598098 -711.631836
v -6.825225 21.502115 -771.020508
v -7.548799 26.109341 -771.020508
v -5.629914 16.632584 -771.020508
v -3.605618 11.975471 -771.020508
v -4.927629 14.079124 -771.020508
v -10.159071 26.109341 -771.020508
v -18.347599 26.109341 -771.020508
v -2.747218 10.014378 -771.020508
v -8.853935 26.109341 -771.020508
v 3.004370 -104.866180 -771.020508
v 2.429399 -39.240177 -771.020508
v 0.000000 4.139960 -771.382813
v 0.338467 4.185444 -771.380676
v 0.000000 -38.241207 -771.303650
v -9.112906 -38.241207 -771.303650
v -9.337096 3.309004 -771.303650
v 1.149583 -38.241207 -771.303650
v 3.004370 5.650445 -771.020508
v 1.408595 4.329251 -771.374023
v -2.747218 8.018263 -771.020508
v -2.747218 6.307018 -771.020508
v -1.959126 5.880176 -771.020508
v -1.484837 6.199174 -771.013611
v 1.196947 7.129392 -771.013611
v 2.202920 5.598098 -771.017456
v -18.347599 26.109341 -739.432861
v -10.159071 26.109341 -739.432861
v -8.853935 26.109341 -739.432861
v -7.548799 26.109341 -739.432861
v -6.825225 21.502115 -739.432861
v -5.629913 16.632584 -739.432861
v -4.927629 14.079124 -739.432861
v -3.605618 11.975471 -739.432861
v -2.747218 10.014378 -739.432861
v -2.747218 8.018263 -739.432861
v -2.747218 6.307017 -739.432861
v -1.959126 5.880176 -739.432861
v -1.484837 6.199174 -739.426025
v 1.196946 7.129392 -739.426025
v 2.202920 5.598098 -739.429810
v 3.004370 5.650445 -739.432861
v 1.408595 4.329251 -739.786377
v 0.338467 4.185444 -739.793030
v 0.000000 4.139959 -739.795166
v -9.337095 3.309004 -739.716064
v -9.112906 -38.241207 -739.716064
v 0.000000 -38.241207 -739.716064
v 1.149583 -38.241207 -739.716064
v 2.429399 -39.240177 -739.432861
v 3.004370 -104.866180 -739.432861
v -18.347599 26.109341 -794.015747
v -10.159071 26.109341 -794.015747
v -8.853935 26.109341 -794.015747
v -7.548799 26.109341 -794.015747
v -6.825225 21.502115 -794.015747
v -5.629914 16.632584 -794.015747
v -4.927629 14.079124 -794.015747
v -3.605618 11.975470 -794.015747
v -2.747218 10.014378 -794.015747
v -2.747218 8.018263 -794.015747
v -2.747218 6.307018 -794.015747
v -1.959126 5.880176 -794.015747
v -1.484837 6.199174 -794.008911
v 1.196947 7.129393 -794.008911
v 2.202920 5.598098 -794.012695
v 3.004370 5.650445 -794.015747
v 1.408595 4.329251 -794.369263
v 0.338467 4.185444 -794.375977
v 0.000000 4.139960 -794.378052
v -9.337096 3.309004 -794.298950
v -9.112906 -38.241207 -794.298950
v 0.000000 -38.241207 -794.298950
v 1.149583 -38.241207 -794.298950
v 2.429399 -39.240177 -794.015747
v 3.004370 -104.866180 -794.015747
v -5.761389 -38.241207 -711.918091
v -5.761389 -38.241207 -739.716064
v -5.761389 -38.241207 -771.303650
v -5.761389 -38.241207 -794.298950
v -3.046715 -38.241207 -711.918091
v -3.046715 -38.241203 -739.716064
v -3.046715 -38.241207 -771.303650
v -3.046715 -38.241203 -794.298950
v 2.530707 -50.803349 -711.634888
v 2.530707 -50.803349 -739.432861
v 2.530707 -50.803349 -771.020508
v 2.530707 -50.803349 -794.015747
v -9.167815 -28.064648 -711.918091
v -9.167815 -28.064648 -739.716064
v -9.167815 -28.064648 -771.303650
v -9.167815 -28.064648 -794.298950
v -9.253647 -12.157182 -794.298950
v -9.253647 -12.157182 -771.303650
v -9.253646 -12.157182 -739.716064
v -9.253647 -12.157182 -711.918091
v -17.933746 -0.021950 -235.795547
v -11.078489 -31.821358 -235.795547
v -9.337096 3.309004 -270.615692
v -15.206121 -31.821358 -269.744904
v -18.225367 -0.021950 -266.218536
v -19.266907 -0.021950 -243.142044
v -12.533549 -31.821358 -262.984344
v -13.833933 -31.821358 -243.142044
v 2.543730 -52.289711 -233.935928
v 2.537630 -51.593483 -270.155579
v -2.011118 -38.241207 -234.396042
v -3.159238 -38.241207 -270.615723
v -2.874706 -51.072472 -244.206528
v -2.874706 -51.072472 -262.398438
v -14.332397 -16.613258 -235.795547
v -19.654966 -16.613258 -269.744904
v -17.080215 -16.613258 -243.142029
v -15.442781 -16.613258 -264.583771
v 3.004370 -104.866180 -233.935928
v 3.097740 -104.302574 -269.744904
v -2.874706 -104.302574 -243.142029
v -2.874706 -104.302574 -261.772034
v -23.946594 -0.021950 -252.770233
v -14.859989 -37.806564 -252.770233
v -17.091341 -31.821358 -252.770233
v -14.859989 -52.653481 -251.994507
v -20.345245 -16.613258 -252.770233
v -14.124188 -104.302574 -252.002625
v -11.587973 -37.806564 -257.467834
v -12.276708 -36.998753 -245.858215
v -2.874706 -37.806564 -241.223938
v -2.874706 -39.227261 -242.692490
v -2.874706 -39.241619 -262.398438
v -2.874706 -37.806564 -263.687347
v -17.894011 -16.613258 -258.677002
v -20.940170 -0.021950 -259.278595
v -14.701141 -31.821358 -257.584381
v 2.429399 -39.240177 -233.935928
v 1.149583 -38.241207 -234.396042
v 1.149583 -38.241207 -270.615692
v 2.429399 -39.240177 -270.155579
v 2.393024 -51.072472 -243.229584
v 3.097740 -51.072472 -242.527893
v 3.097740 -51.072472 -262.429108
v 2.388277 -51.072472 -261.864502
v 2.390518 -104.302574 -242.252991
v 3.097740 -104.302574 -241.562592
v 3.097740 -104.302574 -261.276245
v 2.399336 -104.302574 -260.772095
v 3.238159 -40.068012 -242.189240
v 2.523500 -39.671764 -242.743103
v 3.151014 -38.515182 -241.467651
v 2.383556 -37.806564 -241.779602
v 3.097740 -38.520687 -263.949066
v 2.383699 -37.806564 -263.687347
v 2.383705 -39.241619 -262.398438
v 3.097740 -39.609341 -262.996979
v -4.874971 -38.241207 -234.396057
v -9.112906 -38.241207 -234.396042
v -9.112906 -38.241207 -270.615692
v -6.217773 -38.241207 -270.615723
v -8.217752 -51.072472 -261.730621
v -9.155854 -51.072472 -261.195953
v -9.292807 -51.072472 -245.010574
v -8.218497 -51.072472 -244.370148
v -8.225506 -104.302574 -260.757568
v -9.183504 -104.302574 -260.199493
v -9.296116 -104.302574 -245.095795
v -8.237032 -104.302574 -244.340164
v -9.162315 -39.076321 -260.974182
v -8.221868 -39.241344 -261.531158
v -8.222155 -37.806564 -262.795929
v -9.013969 -37.182697 -262.552795
v -9.457201 -37.662861 -242.567169
v -8.222155 -37.806564 -241.789032
v -8.221838 -39.233112 -243.215118
v -9.457201 -38.836220 -243.735535
v -4.588302 10.739165 -141.219894
v -6.030065 15.612120 -141.219894
v -6.825225 19.642635 -141.219894
v -7.548799 23.110636 -141.219894
v -10.159071 23.110636 -141.219894
v -18.347599 23.110636 -141.219894
v -5.232603 8.993914 -141.219894
v 2.000000 0.566216 -141.219894
v -2.747218 8.520929 -183.735764
v -10.159071 24.121515 -183.513809
v -7.548799 24.121515 -183.513809
v -4.696388 11.479754 -183.513809
v -18.347599 24.121515 -183.513809
v -5.629914 15.612120 -183.513809
v -6.825225 20.071371 -183.513809
v 3.004370 5.650445 -205.184998
v -7.548799 26.109341 -205.184998
v -2.747218 10.014378 -205.184998
v -10.159071 26.109341 -205.184998
v -3.605618 11.975471 -205.184998
v -18.347599 26.109341 -205.184998
v -5.629914 16.632584 -205.184998
v -6.825225 21.502115 -205.184998
v -5.232603 8.993914 -151.615509
v -10.159071 23.110636 -151.615509
v -5.005876 11.024614 -151.615509
v -6.030065 15.612120 -151.615509
v -6.825225 19.642635 -151.615509
v -7.548799 23.110636 -151.615509
v 1.559838 -9.154568 -144.869125
v -7.548799 24.121515 -156.148392
v -5.232603 8.993914 -156.148392
v -10.159071 24.121515 -156.148392
v -4.722398 10.870495 -156.148392
v -5.629913 15.612120 -156.148392
v -6.825225 20.071371 -156.148392
v -9.047176 -38.751442 -166.498840
v -9.047176 -7.795853 -145.373840
v 1.149583 -7.795853 -145.373840
v 1.149583 -38.751442 -166.498840
v 1.408595 3.852886 -156.305008
v 1.408595 3.245837 -144.685776
v -9.271367 3.245837 -144.685776
v -9.271367 2.798772 -155.457108
v 0.000000 5.008595 -141.219894
v 0.000000 5.008595 -143.323593
v 0.000000 -7.795853 -144.956329
v 0.000000 -38.751442 -166.498840
v 0.000000 3.245837 -144.148941
v -5.424109 13.448799 -141.219894
v -8.853935 23.110636 -141.219894
v -4.927629 13.040443 -183.513809
v -8.853935 24.121515 -183.513809
v -4.927629 14.079124 -205.184998
v -8.853935 26.109341 -205.184998
v -8.853935 23.110636 -151.615509
v -5.570454 13.142532 -151.615509
v -8.853935 24.121515 -156.148392
v -5.197133 13.086384 -156.148392
v 2.000000 -105.886642 -149.258163
v 2.134809 -105.886642 -162.820816
v -6.592222 7.001254 -141.219894
v -2.373609 7.001254 -183.031479
v -6.592222 7.001254 -151.615509
v -7.825002 7.001254 -156.148392
v 1.232640 6.888917 -182.818771
v 2.000000 4.775475 -190.849045
v 0.000000 6.101560 -156.664017
v 0.000000 3.563024 -156.042496
v 3.004370 -104.866180 -205.184998
v 2.134809 -105.886642 -167.353699
v 2.134809 -105.886642 -182.051407
v 2.000000 -105.886642 -191.212616
v 2.429399 -39.240177 -205.184998
v 1.559838 -39.752663 -164.705429
v 1.559838 -39.752663 -182.051407
v 1.425029 -39.786736 -191.212616
v -7.103327 5.008595 -144.639679
v -6.905987 4.712008 -144.685776
v 1.408595 4.712008 -144.685776
v 1.613744 5.008595 -144.597946
v 1.613743 5.008595 -155.590073
v 1.408595 4.712008 -155.293533
v -6.905987 4.712008 -155.293533
v -7.103327 5.008595 -155.548355
v 0.000000 5.008595 -143.982941
v 0.000000 4.712008 -144.148941
v 0.000000 4.712008 -155.809158
v 0.000000 5.008595 -156.180801
v 2.000000 4.769454 -141.219894
v 1.760891 5.008595 -141.219894
v 2.134809 4.769454 -143.860428
v 1.760891 5.008595 -143.860428
v 2.134809 4.769454 -156.420639
v 1.760891 6.101560 -156.210037
v 1.775067 5.089703 -190.551575
v 2.134809 4.769454 -182.051407
v 2.134809 3.430744 -143.860428
v -9.337096 3.309004 -205.645111
v -9.337096 3.070745 -191.077805
v -9.112906 -38.479462 -191.077789
v -9.112906 -38.241207 -205.645111
v 1.149583 -38.479462 -191.077789
v 1.149583 -38.241207 -205.645111
v 1.408595 4.090993 -191.138718
v 1.408595 4.329251 -205.759399
v 0.000000 -38.479462 -191.077789
v 0.000000 -38.241207 -205.645111
v 0.000000 3.870553 -191.387100
v 0.000000 4.139960 -205.773651
v -9.337096 3.037134 -181.990677
v -9.112906 -38.513077 -181.990662
v 1.149583 -38.513077 -181.990662
v 1.408595 4.057383 -182.044052
v 0.000000 -38.513077 -181.990662
v 0.000000 3.832549 -182.325455
v -1.790710 5.008595 -141.219894
v -7.687068 5.177258 -141.219894
v -1.790696 5.978875 -182.818771
v -7.353830 6.101560 -156.202347
v -7.353830 5.008595 -143.860428
v -7.464214 5.537851 -151.910416
v -18.347599 22.705425 -131.980515
v -10.159071 22.705425 -131.980515
v -8.853935 22.705425 -131.980515
v -7.548799 22.705425 -131.980515
v -6.825225 19.237423 -131.980515
v -6.030066 15.206907 -131.980515
v -5.526693 13.378937 -131.980515
v -4.696723 10.688388 -131.980515
v -4.129444 8.588701 -131.980515
v -3.464378 6.596042 -131.980515
v -2.123948 4.772046 -131.980515
v -1.790710 4.603383 -131.980515
v 0.000000 4.603383 -131.980515
v 1.760891 4.603383 -131.980515
v 2.000000 4.364242 -131.980515
v 2.000000 0.161004 -131.980515
v 2.000000 -14.294268 -131.980515
v -2.747218 8.018263 -205.184998
v -2.747218 6.307018 -205.184998
v -1.959126 5.880176 -205.184998
v 0.338467 4.185444 -205.770233
v 0.338467 3.923522 -191.327423
v 0.338467 3.886574 -182.257843
v 0.338467 3.632674 -156.105576
v 0.338467 4.712008 -155.685257
v 0.387761 5.008595 -156.038834
v 0.423119 6.101560 -156.554947
v 1.362978 5.238296 -182.688431
v -1.484837 6.199174 -205.173859
v 1.196947 7.129392 -205.173859
v 2.202920 5.598098 -205.180054
v -6.825225 21.502115 -233.935928
v -7.548799 26.109341 -233.935928
v -5.629914 16.632584 -233.935928
v -3.605618 11.975471 -233.935928
v -4.927629 14.079124 -233.935928
v -10.159071 26.109341 -233.935928
v -18.347599 26.109341 -233.935928
v -2.747218 10.014378 -233.935928
v -8.853935 26.109341 -233.935928
v 0.000000 4.139960 -234.524582
v 0.338467 4.185444 -234.521164
v 0.000000 -38.241207 -234.396042
v 3.004370 5.650445 -233.935928
v 1.408595 4.329251 -234.510330
v -2.747218 8.018263 -233.935928
v -2.747218 6.307018 -233.935928
v -1.959126 5.880176 -233.935928
v -1.484837 6.199174 -233.924789
v 1.196947 7.129392 -233.924789
v 2.202920 5.598098 -233.930984
v -6.825225 21.502115 -319.980621
v -7.548799 26.109341 -319.980621
v -5.629914 16.632584 -319.980621
v -3.605618 11.975471 -319.980621
v -4.927629 14.079124 -319.980621
v -10.159071 26.109341 -319.980621
v -18.347599 26.109341 -319.980621
v -2.747218 10.014378 -319.980621
v -8.853935 26.109341 -319.980621
v 3.004370 -104.866180 -319.980621
v 2.429399 -39.240177 -319.980621
v 0.000000 4.139960 -320.569275
v 0.338467 4.185444 -320.565857
v 0.000000 -38.241207 -320.440735
v -9.112906 -38.241207 -320.440735
v -9.337096 3.309004 -320.440735
v 1.149583 -38.241207 -320.440735
v 3.004370 5.650445 -319.980621
v 1.408595 4.329251 -320.555023
v -2.747218 8.018263 -319.980621
v -2.747218 6.307018 -319.980621
v -1.959126 5.880176 -319.980621
v -1.484837 6.199174 -319.969482
v 1.196947 7.129392 -319.969482
v 2.202920 5.598098 -319.975677
v -7.103325 5.008595 -152.256165
v -6.905985 4.712008 -152.191238
v -9.047175 -7.909779 -156.058090
v 0.000000 -7.909779 -155.794632
v 1.149583 -7.909779 -156.058090
v 1.559838 -9.136589 -155.270981
v 2.134809 -105.886642 -168.084824
v -18.347599 26.109341 -270.155579
v -10.159071 26.109341 -270.155579
v -8.853935 26.109341 -270.155579
v -7.548799 26.109341 -270.155579
v -6.825225 21.502113 -270.155579
v -5.629913 16.632584 -270.155579
v -4.927629 14.079124 -270.155579
v -3.605618 11.975470 -270.155579
v -2.747218 10.014378 -270.155579
v -2.747218 8.018263 -270.155579
v -2.747218 6.307018 -270.155579
v -1.959126 5.880176 -270.155579
v -1.484837 6.199174 -270.144440
v 1.196946 7.129392 -270.144440
v 2.202920 5.598098 -270.150635
v 3.004370 5.650445 -270.155579
v 1.408595 4.329251 -270.729980
v 0.338467 4.185444 -270.740814
v 0.000000 4.139960 -270.744232
v 0.000000 -38.241207 -270.615692
v 2.543730 -52.289711 -205.184998
v 1.539360 -52.930504 -191.212616
v 1.674169 -52.903210 -182.051407
v 1.674169 -52.903210 -165.232025
v 1.674169 -28.375046 -157.818970
v 1.674169 -28.389450 -148.438766
v 2.000000 -20.601616 -142.818283
v 2.000000 -2.713383 -131.980515
v 2.537630 -51.593487 -319.980621
v -9.173563 -26.999424 -320.440735
v -9.254229 -12.049282 -320.440735
v -9.165882 -28.422894 -205.645111
v -9.165882 -28.661152 -191.077789
v -9.165882 -28.694763 -181.990662
v -9.047176 -29.340261 -163.312897
v -9.257829 -11.381929 -205.645111
v -9.257829 -11.620187 -191.077805
v -9.257829 -11.653797 -181.990662
v 0.643116 -104.302567 -242.548035
v 0.644791 -51.072472 -243.553802
v 0.731965 -39.524246 -242.726303
v 0.638465 -37.806564 -241.595184
v -2.011118 -38.241207 -205.645111
v -2.011118 -38.479465 -191.077789
v -2.011118 -38.513077 -181.990662
v -1.996612 -38.751442 -166.498840
v -4.874971 -38.241207 -205.645111
v -4.874971 -38.479465 -191.077789
v -4.874971 -38.513077 -181.990662
v -4.839808 -38.751442 -166.498840
v -5.547810 -7.909779 -155.956192
v -6.461204 -7.795853 -145.254501
v -5.473083 3.245837 -144.465851
v -5.050003 4.712008 -144.541504
v -5.498650 5.008595 -144.491318
v -1.982254 -7.909779 -155.852356
v -3.405733 -7.795853 -145.113495
v -1.440548 3.245837 -144.232361
v -1.018777 4.712008 -144.228134
v -1.132557 5.008595 -144.087646
v -2.012545 5.008595 -143.470505
v -6.217773 -38.241207 -320.440735
v -3.159238 -38.241207 -320.440735
v 0.000000 4.139960 -267.495605
v 0.000000 4.139960 -242.988022
v 0.000000 4.139960 -259.621002
v 0.000000 4.139960 -254.273712
v 0.338467 4.185444 -242.984619
v 0.338467 4.185444 -254.270325
v 0.338467 4.185444 -259.617584
v 0.338467 4.185444 -267.492188
v -6.825225 21.502115 -711.634888
v -7.548799 26.109341 -711.634888
v -5.629914 16.632584 -711.634888
v -3.605618 11.975471 -711.634888
v -4.927629 14.079124 -711.634888
v -10.159071 26.109341 -711.634888
v -18.347599 26.109341 -711.634888
v -2.747218 10.014378 -711.634888
v -8.853935 26.109341 -711.634888
v 3.004370 -104.866180 -711.634888
v 2.429399 -39.240177 -711.634888
v 0.000000 4.139960 -711.997192
v 0.338467 4.185444 -711.995056
v 0.000000 -38.241207 -711.918091
v -9.112906 -38.241207 -711.918091
v -9.337096 3.309004 -711.918091
v 1.149583 -38.241207 -711.918091
v 3.004370 5.650445 -711.634888
v 1.408595 4.329251 -711.988403
v -2.747218 8.018263 -711.634888
v -2.747218 6.307018 -711.634888
v -1.959126 5.880176 -711.634888
v -1.484837 6.199174 -711.628052
v 1.196947 7.129392 -711.628052
v 2.202920 5.598098 -711.631836
v -6.825225 21.502115 -771.020508
v -7.548799 26.109341 -771.020508
v -5.629914 16.632584 -771.020508
v -3.605618 11.975471 -771.020508
v -4.927629 14.079124 -771.020508
v -10.159071 26.109341 -771.020508
v -18.347599 26.109341 -771.020508
v -2.747218 10.014378 -771.020508
v -8.853935 26.109341 -771.020508
v 3.004370 -104.866180 -771.020508
v 2.429399 -39.240177 -771.020508
v 0.000000 4.139960 -771.382813
v 0.338467 4.185444 -771.380676
v 0.000000 -38.241207 -771.303650
v -9.112906 -38.241207 -771.303650
v -9.337096 3.309004 -771.303650
v 1.149583 -38.241207 -771.303650
v 3.004370 5.650445 -771.020508
v 1.408595 4.329251 -771.374023
v -2.747218 8.018263 -771.020508
v -2.747218 6.307018 -771.020508
v -1.959126 5.880176 -771.020508
v -1.484837 6.199174 -771.013611
v 1.196947 7.129392 -771.013611
v 2.202920 5.598098 -771.017456
v -18.347599 26.109341 -739.432861
v -10.159071 26.109341 -739.432861
v -8.853935 26.109341 -739.432861
v -7.548799 26.109341 -739.432861
v -6.825225 21.502115 -739.432861
v -5.629913 16.632584 -739.432861
v -4.927629 14.079124 -739.432861
v -3.605618 11.975471 -739.432861
v -2.747218 10.014378 -739.432861
v -2.747218 8.018263 -739.432861
v -2.747218 6.307017 -739.432861
v -1.959126 5.880176 -739.432861
v -1.484837 6.199174 -739.426025
v 1.196946 7.129392 -739.426025
v 2.202920 5.598098 -739.429810
v 3.004370 5.650445 -739.432861
v 1.408595 4.329251 -739.786377
v 0.338467 4.185444 -739.793030
v 0.000000 4.139959 -739.795166
v -9.337095 3.309004 -739.716064
v -9.112906 -38.241207 -739.716064
v 0.000000 -38.241207 -739.716064
v 1.149583 -38.241207 -739.716064
v 2.429399 -39.240177 -739.432861
v 3.004370 -104.866180 -739.432861
v -18.347599 26.109341 -794.015747
v -10.159071 26.109341 -794.015747
v -8.853935 26.109341 -794.015747
v -7.548799 26.109341 -794.015747
v -6.825225 21.502115 -794.015747
v -5.629914 16.632584 -794.015747
v -4.927629 14.079124 -794.015747
v -3.605618 11.975470 -794.015747
v -2.747218 10.014378 -794.015747
v -2.747218 8.018263 -794.015747
v -2.747218 6.307018 -794.015747
v -1.959126 5.880176 -794.015747
v -1.484837 6.199174 -794.008911
v 1.196947 7.129393 -794.008911
v 2.202920 5.598098 -794.012695
v 3.004370 5.650445 -794.015747
v 1.408595 4.329251 -794.369263
v 0.338467 4.185444 -794.375977
v 0.000000 4.139960 -794.378052
v -9.337096 3.309004 -794.298950
v -9.112906 -38.241207 -794.298950
v 0.000000 -38.241207 -794.298950
v 1.149583 -38.241207 -794.298950
v 2.429399 -39.240177 -794.015747
v 3.004370 -104.866180 -794.015747
v -5.761389 -38.241207 -711.918091
v -5.761389 -38.241207 -739.716064
v -5.761389 -38.241207 -771.303650
v -5.761389 -38.241207 -794.298950
v -3.046715 -38.241207 -711.918091
v -3.046715 -38.241203 -739.716064
v -3.046715 -38.241207 -771.303650
v -3.046715 -38.241203 -794.298950
v 2.530707 -50.803349 -711.634888
v 2.530707 -50.803349 -739.432861
v 2.530707 -50.803349 -771.020508
v 2.530707 -50.803349 -794.015747
v -9.167815 -28.064648 -711.918091
v -9.167815 -28.064648 -739.716064
v -9.167815 -28.064648 -771.303650
v -9.167815 -28.064648 -794.298950
v -9.253647 -12.157182 -794.298950
v -9.253647 -12.157182 -771.303650
v -9.253646 -12.157182 -739.716064
v -9.253647 -12.157182 -711.918091
v 2.235338 -36.869125 -1045.592651
v 2.235338 -36.869125 -995.968018
v 2.235338 -36.869125 -859.726624
v 2.235338 -38.092377 -849.822571
v 2.075537 -39.795433 -847.088989
v 2.438946 -47.639957 -816.938721
v 1.773042 -50.972897 -807.360596
v 1.762782 -50.972847 -806.758423
v 2.542073 -51.800014 -803.208374
v 2.542073 -51.932613 -800.054077
v -2.939453 -18.505058 -1045.589722
v -2.939453 -18.505058 -995.965088
v -2.939453 -18.505058 -859.723755
v -2.538108 -18.505058 -849.441406
v -2.453514 -18.505058 -848.981628
v -2.350200 -23.864246 -846.444092
v -2.350200 -32.419918 -815.892578
v -2.350200 -36.474873 -807.914856
v -2.350200 -36.586941 -806.598267
v -2.350200 -37.931381 -802.661865
v -2.350200 -38.068035 -799.951660
v -5.801410 -18.505058 -1045.585449
v -5.801410 -18.505058 -995.960693
v -5.801410 -18.505058 -859.719360
v -6.022799 -18.505058 -849.279114
v -6.071040 -18.505058 -848.872131
v -5.887555 -23.864246 -846.308960
v -5.887555 -32.412697 -815.824951
v -5.887556 -36.474873 -807.914795
v -5.887555 -36.586941 -806.598267
v -5.887556 -37.931381 -802.661865
v -5.887555 -38.068035 -799.951660
v -9.255276 -11.698918 -800.017456
v -9.255276 -11.575644 -802.779663
v -9.255276 -10.972076 -806.943604
v -9.255276 -10.602568 -808.504028
v -9.384245 -9.117634 -817.118042
v -9.255276 -21.580366 -847.651001
v -5.979536 -21.580366 -847.748291
v -2.386917 -21.580366 -847.854980
v 0.000000 -21.580366 -847.925903
v 1.314066 -21.580366 -847.651001
v 2.354085 -22.298630 -848.400757
v -9.170414 -27.416683 -799.978210
v -9.170414 -27.285431 -802.709473
v -9.170414 -26.240253 -806.737793
v -9.170414 -26.024199 -808.152832
v -9.222509 -22.999128 -816.310547
v -9.170414 -22.941711 -846.777588
v -5.924709 -22.941713 -846.890381
v -2.365031 -22.941713 -847.014038
v 0.000000 -22.941711 -847.096191
v 1.216023 -22.941711 -846.777588
v 2.106467 -23.947918 -847.945007
v 2.356194 -22.190512 -849.555786
v -17.504398 23.110636 -151.615509
v -18.052139 24.121515 -156.148392
v 1.559838 -27.887402 -161.049103
v 1.149583 -27.516996 -162.695679
v 0.000000 -27.800461 -162.698090
v -1.991671 -28.137653 -162.834976
v -5.071533 -28.657150 -163.048294
v -9.271368 2.929667 -152.303406
v -9.047175 -7.874437 -152.743683
v -5.861535 -7.870648 -152.280457
v -2.520127 -7.866731 -151.794586
v 0.000000 -7.863881 -151.428146
v 1.149583 -7.858627 -151.260986
v 1.559838 -9.143250 -151.417694
v 1.674169 -28.380716 -154.126343
v 2.134809 -105.886642 -165.039276
vt 0.082807 0.151844
vt 0.048937 0.151839
vt 0.048937 0.139330
vt 0.082807 0.139335
vt 0.969860 0.495061
vt 0.971059 0.490829
vt 0.305353 0.727702
vt 0.305049 0.731595
vt 0.978578 0.391205
vt 0.973060 0.391775
vt 0.973840 0.387557
vt 0.978593 0.386421
vt 0.777164 0.646977
vt 0.783144 0.649632
vt 0.783144 0.655151
vt 0.777153 0.650836
vt 0.978563 0.400789
vt 0.973808 0.400794
vt 0.973812 0.396511
vt 0.978567 0.396507
vt 0.977081 0.502160
vt 0.968285 0.504100
vt 0.968845 0.499810
vt 0.977194 0.496632
vt 0.764091 0.682557
vt 0.761918 0.676870
vt 0.770263 0.675707
vt 0.715816 0.739278
vt 0.720105 0.739195
vt 0.719566 0.740261
vt 0.749081 0.704302
vt 0.747061 0.608432
vt 0.758961 0.608436
vt 0.755573 0.674344
vt 0.745367 0.675836
vt 0.886244 0.579644
vt 0.875839 0.579644
vt 0.875841 0.577099
vt 0.886246 0.577099
vt 0.048938 0.135609
vt 0.082808 0.135614
vt 0.039069 0.151838
vt 0.029202 0.151836
vt 0.030966 0.140495
vt 0.032644 0.139328
vt 0.040042 0.139329
vt 0.947010 0.570254
vt 0.925768 0.570254
vt 0.926626 0.526126
vt 0.947409 0.526601
vt 0.903149 0.570254
vt 0.900836 0.527142
vt 0.040046 0.128762
vt 0.031152 0.128760
vt 0.031158 0.085105
vt 0.040052 0.085234
vt 0.892615 0.570254
vt 0.886252 0.570254
vt 0.886289 0.527715
vt 0.892653 0.527465
vt 0.048947 0.085363
vt 0.082817 0.085857
vt 0.082811 0.128768
vt 0.048941 0.128763
vt 0.892607 0.579644
vt 0.892609 0.577099
vt 0.875841 0.576596
vt 0.886247 0.576523
vt 0.867621 0.577099
vt 0.867619 0.579644
vt 0.867621 0.576654
vt 0.771527 0.608476
vt 0.875847 0.570254
vt 0.875884 0.527814
vt 0.630991 0.009802
vt 0.610451 0.010163
vt 0.610494 0.000382
vt 0.632109 0.000000
vt 0.589189 0.010533
vt 0.588487 0.000771
vt 0.578488 0.010706
vt 0.284775 0.005419
vt 0.784640 0.000555
vt 0.577956 0.000957
vt 0.085862 0.161591
vt 0.051992 0.161586
vt 0.043997 0.161585
vt 0.036001 0.161584
vt 0.745373 0.692155
vt 0.747229 0.692178
vt 0.555313 0.708142
vt 0.867627 0.570254
vt 0.867664 0.528387
vt 0.754858 0.675952
vt 0.983462 0.400785
vt 0.983466 0.396503
vt 0.983478 0.391766
vt 0.983494 0.387548
vt 0.304963 0.735268
vt 0.040043 0.135608
vt 0.402654 0.295932
vt 0.400846 0.280107
vt 0.463969 0.280770
vt 0.463956 0.295615
vt 0.464350 0.348027
vt 0.403048 0.348344
vt 0.979072 0.491233
vt 0.464833 0.650193
vt 0.453759 0.650182
vt 0.452590 0.649111
vt 0.463639 0.649127
vt 0.031154 0.138149
vt 0.031149 0.135606
vt 0.903141 0.579644
vt 0.903143 0.577099
vt 0.925321 0.579644
vt 0.925423 0.577099
vt 0.775801 0.651388
vt 0.775811 0.647387
vt 0.947169 0.579644
vt 0.946839 0.577099
vt 0.757488 0.690628
vt 0.768759 0.692165
vt 0.757712 0.692365
vt 0.859319 0.563401
vt 0.029653 0.139382
vt 0.466395 0.675165
vt 0.466395 0.683428
vt 0.464833 0.683532
vt 0.464833 0.675269
vt 0.466395 0.700827
vt 0.466395 0.717964
vt 0.464833 0.717758
vt 0.464833 0.700799
vt 0.466395 0.655563
vt 0.466395 0.662012
vt 0.464832 0.662115
vt 0.464832 0.655667
vt 0.466395 0.670174
vt 0.464833 0.670277
vt 0.770030 0.693138
vt 0.403160 0.264641
vt 0.403145 0.262683
vt 0.463690 0.262381
vt 0.463721 0.264328
vt 0.403109 0.251176
vt 0.463858 0.250862
vt 0.403712 0.240926
vt 0.463781 0.240615
vt 0.747643 0.677246
vt 0.402156 0.274253
vt 0.463999 0.273933
vt 0.040043 0.134534
vt 0.048939 0.134463
vt 0.892610 0.576478
vt 0.903144 0.576404
vt 0.082809 0.134193
vt 0.031149 0.134604
vt 0.925466 0.576247
vt 0.946864 0.576097
vt 0.291344 0.736775
vt 0.291514 0.731182
vt 0.714076 0.734453
vt 0.714180 0.731589
vt 0.384599 0.348428
vt 0.384219 0.281035
vt 0.744205 0.690219
vt 0.745326 0.689025
vt 0.755193 0.692320
vt 0.754021 0.690502
vt 0.390743 0.784580
vt 0.482339 0.742036
vt 0.451163 0.650169
vt 0.450075 0.649102
vt 0.775825 0.635051
vt 0.775832 0.626479
vt 0.777190 0.626392
vt 0.777182 0.634858
vt 0.983470 0.422391
vt 0.978571 0.422395
vt 0.978565 0.413586
vt 0.983464 0.413582
vt 0.976613 0.525199
vt 0.967302 0.525719
vt 0.967582 0.516906
vt 0.976797 0.516122
vt 0.973816 0.422400
vt 0.973810 0.413591
vt 0.783144 0.626631
vt 0.783144 0.635693
vt 0.291119 0.738626
vt 0.307692 0.740032
vt 0.966518 0.388750
vt 0.968132 0.382880
vt 0.714634 0.732455
vt 0.721810 0.735824
vt 0.715999 0.735847
vt 0.716154 0.732116
vt 0.371671 0.726734
vt 0.366323 0.726044
vt 0.366115 0.724105
vt 0.371711 0.722279
vt 0.969270 0.400304
vt 0.969266 0.398345
vt 0.364585 0.710691
vt 0.371711 0.709236
vt 0.966111 0.411835
vt 0.966117 0.422087
vt 0.364432 0.700439
vt 0.371686 0.700314
vt 0.000000 0.000000
vt 1.000000 0.500000
vt 0.000005 1.390983
vt 0.000000 0.500000
vt 0.000000 0.000000
vt 1.000000 0.500000
vt -0.000726 1.079427
vt 0.000000 0.500000
vt 0.000000 0.000000
vt 1.000000 0.500000
vt -0.001004 1.125549
vt 0.000000 0.500000
vt 0.000000 0.000000
vt 0.767635 0.998439
vt 0.019190 1.225218
vt 0.333223 1.034395
vt 0.442955 0.650124
vt 0.442125 0.649074
vt 0.771532 0.648683
vt 0.771527 0.653132
vt 0.771536 0.635662
vt 0.771537 0.626755
vt 1.799132 0.817269
vt 0.360677 0.411195
vt 0.801124 0.373235
vt 2.003562 0.742179
vt 0.000000 0.000000
vt 1.000000 1.000000
vt 0.000000 1.000000
vt 0.646341 0.838977
vt 0.202835 0.833271
vt 0.859471 0.496177
vt 0.867692 0.496177
vt 0.875912 0.496177
vt 0.886317 0.496177
vt 0.892680 0.496177
vt 0.899175 0.496177
vt 0.927208 0.496177
vt 0.947687 0.496177
vt 0.031162 0.054679
vt 0.040057 0.054644
vt 0.048951 0.054645
vt 0.082821 0.054650
vt 1.000000 0.000000
vt 1.000000 1.000000
vt 0.000000 0.000000
vt 1.000000 0.000000
vt 1.000000 1.000000
vt 0.000000 1.000000
vt 0.000000 0.000000
vt 1.000000 0.000000
vt 1.000000 1.000000
vt 0.000000 1.000000
vt 0.000000 0.000000
vt 1.000000 0.000000
vt 1.000000 1.000000
vt 0.000000 1.000000
vt 0.000000 0.000000
vt 1.000000 0.000000
vt 1.000000 1.000000
vt 0.000000 1.000000
vt 0.000000 0.000000
vt 1.000000 0.000000
vt 1.000000 1.000000
vt 0.000000 1.000000
vt 0.000000 0.000000
vt 1.000000 0.000000
vt 1.000000 1.000000
vt 0.000000 1.000000
vt 0.000000 0.000000
vt 1.000000 0.000000
vt 1.000000 1.000000
vt 0.000000 1.000000
vt 0.000000 0.000000
vt 1.000000 0.000000
vt 1.000000 1.000000
vt 0.000000 1.000000
vt 0.000000 0.000000
vt 1.000000 0.000000
vt 1.000000 1.000000
vt 0.000000 1.000000
vt 0.000000 0.000000
vt 1.000000 0.000000
vt 1.000000 1.000000
vt 0.000000 1.000000
vt 0.000000 0.000000
vt 1.000000 0.000000
vt 1.000000 1.000000
vt 0.000000 1.000000
vt 0.000000 0.000000
vt 1.000000 0.000000
vt 1.000000 1.000000
vt 0.000000 1.000000
vt 0.000000 0.000000
vt 1.000000 0.000000
vt 1.000000 1.000000
vt 0.000000 1.000000
vt 0.000000 0.000000
vt 0.000000 1.000000
vt 1.000000 0.000000
vt 1.000000 1.000000
vt 0.000000 0.000000
vt 1.000000 0.000000
vt 1.000000 1.000000
vt 0.000000 1.000000
vt 0.000000 0.000000
vt 1.000000 0.000000
vt 1.000000 1.000000
vt 0.000000 1.000000
vt 0.000000 0.000000
vt 1.000000 0.000000
vt 1.000000 1.000000
vt 0.000000 1.000000
vt 0.000000 0.000000
vt 1.000000 0.000000
vt 1.000000 1.000000
vt 0.000000 1.000000
vt 0.000000 0.000000
vt 1.000000 0.000000
vt 1.000000 1.000000
vt 0.000000 1.000000
vt 0.000000 0.000000
vt 1.000000 0.000000
vt 1.000000 1.000000
vt 0.000000 1.000000
vt 0.000000 0.000000
vt 1.000000 0.000000
vt 1.000000 1.000000
vt 0.000000 1.000000
vt 0.000000 0.000000
vt 1.000000 0.000000
vt 1.000000 1.000000
vt 0.000000 1.000000
vt 0.000000 0.000000
vt 1.000000 0.000000
vt 1.000000 1.000000
vt 0.000000 1.000000
vt 0.000000 0.000000
vt 1.000000 0.000000
vt 1.000000 1.000000
vt 0.000000 1.000000
vt 0.000000 0.000000
vt 1.000000 0.000000
vt 1.000000 1.000000
vt 0.000000 1.000000
vt 0.000000 0.000000
vt 1.000000 0.000000
vt 1.000000 1.000000
vt 0.000000 1.000000
vt 0.000000 0.000000
vt 1.000000 0.000000
vt 1.000000 1.000000
vt 0.000000 1.000000
vt 0.000000 0.000000
vt 0.000000 1.000000
vt 0.758065 0.689911
vt 0.867623 0.575055
vt 0.875843 0.574971
vt 0.886248 0.574865
vt 0.892611 0.574800
vt 0.903145 0.574692
vt 0.925556 0.574463
vt 0.946910 0.574245
vt 0.031150 0.132752
vt 0.604996 0.245366
vt 0.608777 0.248861
vt 0.581849 0.247745
vt 0.581635 0.226996
vt 0.560597 0.250045
vt 0.544671 0.250819
vt 0.540624 0.230737
vt 0.558532 0.230642
vt 0.559096 0.295467
vt 0.561405 0.274288
vt 0.561005 0.256657
vt 0.407426 0.026216
vt 0.391931 0.002484
vt 0.407761 0.001709
vt 0.586846 0.751619
vt 0.579440 0.751604
vt 0.579468 0.706125
vt 0.586971 0.706029
vt 0.690645 0.000850
vt 0.680257 0.031877
vt 0.630375 0.030406
vt 0.632521 0.002061
vt 0.583069 0.297399
vt 0.582746 0.273943
vt 0.582304 0.254978
vt 0.604255 0.297100
vt 0.605887 0.273556
vt 0.605514 0.253863
vt 0.465873 0.000000
vt 0.466064 0.025382
vt 0.574559 0.706168
vt 0.574524 0.751653
vt 0.572082 0.751677
vt 0.572120 0.706189
vt 0.964667 0.439183
vt 0.957260 0.438093
vt 0.957648 0.413812
vt 0.961879 0.414703
vt 0.949977 0.438092
vt 0.951686 0.412990
vt 0.542125 0.252794
vt 0.544249 0.257065
vt 0.524270 0.264138
vt 0.544749 0.262828
vt 0.545830 0.271229
vt 0.391397 0.026548
vt 0.390436 0.003655
vt 0.526112 0.272583
vt 0.468000 0.273506
vt 0.468268 0.265110
vt 0.705832 0.001254
vt 0.707987 0.002135
vt 0.706006 0.030508
vt 0.589524 0.708232
vt 0.596799 0.708218
vt 0.596779 0.721055
vt 0.589540 0.721116
vt 0.574319 0.764256
vt 0.571841 0.764083
vt 0.972907 0.353607
vt 0.976730 0.353725
vt 0.975439 0.380433
vt 0.968037 0.381155
vt 0.574367 0.766239
vt 0.571965 0.766209
vt 0.586744 0.764573
vt 0.579308 0.764603
vt 0.525549 0.252816
vt 0.467476 0.255060
vt 0.582759 0.262212
vt 0.604224 0.721099
vt 0.604241 0.766839
vt 0.596758 0.766765
vt 0.606047 0.261836
vt 0.543072 0.273843
vt 0.561417 0.262556
vt 0.596700 0.706548
vt 0.604169 0.706612
vt 0.604265 0.708279
vt 0.589425 0.706562
vt 0.980308 0.380866
vt 0.979365 0.353655
vt 0.980822 0.353792
vt 0.982727 0.381081
vt 0.589540 0.766866
vt 0.975485 0.382210
vt 0.968084 0.382880
vt 0.544732 0.275241
vt 0.588534 0.766824
vt 0.588514 0.721068
vt 0.632595 0.001224
vt 0.690718 0.000000
vt 0.706454 0.000584
vt 0.709045 0.001761
vt 0.389373 0.003334
vt 0.391343 0.001749
vt 0.570816 0.763709
vt 0.571059 0.751748
vt 0.707380 0.030122
vt 0.389877 0.029302
vt 0.588488 0.708580
vt 0.588488 0.705954
vt 0.588377 0.751556
vt 0.605564 0.721144
vt 0.605611 0.766886
vt 0.605284 0.705954
vt 0.605611 0.708146
vt 0.586644 0.766272
vt 0.588488 0.764954
vt 0.588406 0.766351
vt 0.965886 0.415269
vt 0.965778 0.439473
vt 0.966330 0.382115
vt 0.966602 0.351673
vt 0.000000 0.000000
vt 1.000000 0.000000
vt 1.000000 1.000000
vt 0.000000 1.000000
vt 0.000000 0.000000
vt 1.000000 0.000000
vt 1.000000 1.000000
vt 0.000000 1.000000
vt 0.000000 0.000000
vt 1.000000 0.000000
vt 1.000000 1.000000
vt 0.000000 1.000000
vt 0.000000 0.000000
vt 1.000000 0.000000
vt 1.000000 1.000000
vt 0.000000 1.000000
vt 0.000000 0.000000
vt 1.000000 0.000000
vt 1.000000 1.000000
vt 0.000000 1.000000
vt 0.000000 0.000000
vt 1.000000 0.000000
vt 1.000000 1.000000
vt 0.000000 1.000000
vt 0.000000 0.000000
vt 1.000000 0.000000
vt 1.000000 1.000000
vt 0.000000 1.000000
vt 0.000000 0.000000
vt 1.000000 0.000000
vt 1.000000 1.000000
vt 0.000000 1.000000
vt 0.198847 1.000000
vt 0.198847 0.000000
vt 1.000000 0.000000
vt 1.000000 1.000000
vt 0.000000 0.000000
vt 1.000000 0.000000
vt 0.999572 1.000000
vt 0.000000 1.000000
vt 1.000000 0.000000
vt 0.999997 1.000000
vt 0.779311 1.000000
vt 0.779311 0.000000
vt 0.845241 1.048677
vt 0.763700 0.000000
vt 1.000000 0.000000
vt 1.000000 1.000000
vt 0.000000 0.000000
vt 1.000000 0.000000
vt 0.999962 1.000000
vt 0.000028 1.000000
vt 0.000000 0.000000
vt 1.000000 0.000000
vt 1.944961 1.052902
vt -0.000000 1.000000
vt 0.000000 0.000000
vt 1.000000 0.000000
vt 0.999981 1.000000
vt 0.000014 1.000000
vt 0.000000 0.000000
vt 1.000000 0.000000
vt 0.500000 1.000000
vt 0.500000 1.000000
vt 0.000000 0.000000
vt 1.000000 0.000000
vt 1.000000 1.000000
vt 0.000000 1.000000
vt 0.000000 0.000000
vt 1.000000 0.000000
vt 1.000000 1.000000
vt 0.000000 1.000000
vt 0.000000 0.000000
vt 1.000000 0.000000
vt 1.000000 1.000000
vt 0.000000 1.000000
vt 0.000000 0.000000
vt 1.000000 0.000000
vt 1.000000 1.000000
vt 0.000000 0.000000
vt 1.000000 0.000000
vt 1.000000 1.000000
vt 0.000000 1.000000
vt 0.000000 0.000000
vt 1.000000 0.000000
vt 0.500000 1.000000
vt 0.000000 1.000000
vt 0.000000 0.000000
vt 1.000000 0.000000
vt 0.500000 1.000000
vt 0.000000 0.000000
vt 1.000000 0.000000
vt 0.000000 0.420940
vt 1.000000 0.420940
vt 1.000000 1.000000
vt 0.000000 1.000000
vt 0.000000 0.420940
vt 1.000000 0.420940
vt 1.000000 1.000000
vt 0.000000 1.000000
vt 0.000000 0.420940
vt 1.000000 0.420940
vt 1.000000 1.000000
vt 0.000000 1.000000
vt 0.000000 0.420940
vt 1.000000 0.420940
vt 1.000000 1.000000
vt 0.000000 1.000000
vt 0.000000 0.420940
vt 1.000000 0.420940
vt 1.000000 1.000000
vt 0.000000 1.000000
vt 0.000000 0.420940
vt 1.000000 0.420940
vt 1.000000 1.000000
vt 0.000000 1.000000
vt 0.000000 0.420940
vt 1.000000 0.420940
vt 1.000000 1.000000
vt 0.000000 1.000000
vt 0.000000 0.420940
vt 1.000000 0.420940
vt 1.000000 1.000000
vt 0.000000 1.000000
vt 0.188238 1.000000
vt 0.188238 0.420940
vt 0.991425 0.416167
vt 1.000000 1.000000
vt 0.000000 0.420940
vt 0.999572 0.420940
vt 1.000000 1.000000
vt 0.000000 1.000000
vt 0.653323 1.000000
vt 0.653323 0.420940
vt 1.000000 0.420940
vt 1.000000 1.000000
vt 0.729441 1.000000
vt 0.844705 0.410820
vt 1.000000 0.420940
vt 1.000000 1.000000
vt 0.000000 0.420940
vt 0.999962 0.420940
vt 1.000000 1.000000
vt 0.000000 1.000000
vt 0.000000 0.420940
vt 0.999999 0.420940
vt 1.000000 1.000000
vt 0.000000 1.000000
vt 0.000014 0.420940
vt 0.999981 0.420940
vt 1.000000 1.000000
vt 0.000000 1.000000
vt 0.500000 0.420940
vt 0.500000 0.420940
vt 1.000000 1.000000
vt 0.000000 1.000000
vt 0.000000 0.420940
vt 1.000000 0.420940
vt 1.000000 1.000000
vt 0.000000 1.000000
vt 0.000000 0.420940
vt 1.000000 0.420940
vt 1.000000 1.000000
vt 0.000000 1.000000
vt 0.000000 0.420940
vt 1.000000 0.420940
vt 1.000000 1.000000
vt 0.000000 1.000000
vt 1.000000 0.420940
vt 1.000000 1.000000
vt 0.000000 1.000000
vt 0.000000 0.420940
vt 1.000000 0.420940
vt 1.000000 1.000000
vt 0.000000 1.000000
vt 0.000000 0.420940
vt 0.500000 0.420940
vt 1.000000 1.000000
vt 0.000000 1.000000
vt 0.500000 0.420940
vt 1.000000 1.000000
vt 0.000000 1.000000
vt 1.000000 1.000000
vt 0.000000 1.000000
vt 0.000000 0.000000
vt 0.000000 1.000000
vt 0.000000 0.420940
vt 0.000000 1.000000
vt 0.000000 0.420940
vt 0.000000 1.000000
vt 0.369632 1.000000
vt 0.478121 0.410820
vt 0.478812 1.048678
vt 0.353571 0.000000
vt 0.579204 0.766300
vt 0.465048 1.000000
vt 0.465048 0.000000
vt 0.000001 1.000000
vt 0.000000 0.000000
vt 0.000000 0.000000
vt 0.079050 1.048679
vt 0.544744 0.305709
vt 0.000001 0.420940
vt 0.317696 0.420940
vt 0.317696 1.000000
vt 0.000000 1.000000
vt 0.000000 0.000000
vt 1.000000 0.000000
vt 1.109530 0.566529
vt 0.640114 1.196121
vt 0.000000 0.000000
vt 1.000000 0.000000
vt 0.979032 1.274073
vt -0.173002 1.199169
vt 0.000000 0.000000
vt 1.000000 0.000000
vt 1.184016 0.918061
vt 0.049341 1.056387
vt 0.000000 0.000000
vt 1.000000 0.000000
vt 1.156153 1.029248
vt -0.015995 0.761711
vt 0.000000 0.000000
vt 1.000000 0.000000
vt 1.052609 0.913053
vt 0.231009 1.013353
vt 0.999291 0.864691
vt 0.000000 0.864691
vt 0.999283 0.684262
vt 0.000000 0.684261
vt 0.999309 0.598772
vt 0.000000 0.598772
vt 0.999358 0.472877
vt 0.000000 0.472877
vt 0.604996 0.245366
vt 0.608777 0.248861
vt 0.581849 0.247745
vt 0.581635 0.226996
vt 0.560597 0.250045
vt 0.544671 0.250819
vt 0.540624 0.230737
vt 0.558532 0.230642
vt 0.559096 0.295467
vt 0.561405 0.274288
vt 0.561005 0.256657
vt 0.407426 0.026216
vt 0.391931 0.002484
vt 0.407761 0.001709
vt 0.586846 0.751619
vt 0.579440 0.751604
vt 0.579468 0.706125
vt 0.586971 0.706029
vt 0.690645 0.000850
vt 0.680257 0.031877
vt 0.630375 0.030406
vt 0.632521 0.002061
vt 0.583069 0.297399
vt 0.582746 0.273943
vt 0.582304 0.254978
vt 0.604255 0.297100
vt 0.605887 0.273556
vt 0.605514 0.253863
vt 0.465873 0.000000
vt 0.466064 0.025382
vt 0.574559 0.706168
vt 0.574524 0.751653
vt 0.572082 0.751677
vt 0.572120 0.706189
vt 0.964667 0.439183
vt 0.957260 0.438093
vt 0.957648 0.413812
vt 0.961879 0.414703
vt 0.949977 0.438092
vt 0.951686 0.412990
vt 0.542125 0.252794
vt 0.544249 0.257065
vt 0.524270 0.264138
vt 0.544749 0.262828
vt 0.545830 0.271229
vt 0.391397 0.026548
vt 0.390436 0.003655
vt 0.526112 0.272583
vt 0.468000 0.273506
vt 0.468268 0.265110
vt 0.705832 0.001254
vt 0.707987 0.002135
vt 0.706006 0.030508
vt 0.589524 0.708232
vt 0.596799 0.708218
vt 0.596779 0.721055
vt 0.589540 0.721116
vt 0.574319 0.764256
vt 0.571841 0.764083
vt 0.972907 0.353607
vt 0.976730 0.353725
vt 0.975439 0.380433
vt 0.968037 0.381155
vt 0.574367 0.766239
vt 0.571965 0.766209
vt 0.586744 0.764573
vt 0.579308 0.764603
vt 0.525549 0.252816
vt 0.467476 0.255060
vt 0.582759 0.262212
vt 0.604224 0.721099
vt 0.604241 0.766839
vt 0.596758 0.766765
vt 0.606047 0.261836
vt 0.543072 0.273843
vt 0.561417 0.262556
vt 0.596700 0.706548
vt 0.604169 0.706612
vt 0.604265 0.708279
vt 0.589425 0.706562
vt 0.980308 0.380866
vt 0.979365 0.353655
vt 0.980822 0.353792
vt 0.982727 0.381081
vt 0.589540 0.766866
vt 0.975485 0.382210
vt 0.968084 0.382880
vt 0.544732 0.275241
vt 0.588534 0.766824
vt 0.588514 0.721068
vt 0.632595 0.001224
vt 0.690718 0.000000
vt 0.706454 0.000584
vt 0.709045 0.001761
vt 0.389373 0.003334
vt 0.391343 0.001749
vt 0.570816 0.763709
vt 0.571059 0.751748
vt 0.707380 0.030122
vt 0.389877 0.029302
vt 0.588488 0.708580
vt 0.588488 0.705954
vt 0.588377 0.751556
vt 0.605564 0.721144
vt 0.605611 0.766886
vt 0.605284 0.705954
vt 0.605611 0.708146
vt 0.586644 0.766272
vt 0.588488 0.764954
vt 0.588406 0.766351
vt 0.965886 0.415269
vt 0.965778 0.439473
vt 0.966330 0.382115
vt 0.966602 0.351673
vt 0.000000 0.000000
vt 1.000000 0.000000
vt 1.000000 1.000000
vt 0.000000 1.000000
vt 0.000000 0.000000
vt 1.000000 0.000000
vt 1.000000 1.000000
vt 0.000000 1.000000
vt 0.000000 0.000000
vt 1.000000 0.000000
vt 1.000000 1.000000
vt 0.000000 1.000000
vt 0.000000 0.000000
vt 1.000000 0.000000
vt 1.000000 1.000000
vt 0.000000 1.000000
vt 0.000000 0.000000
vt 1.000000 0.000000
vt 1.000000 1.000000
vt 0.000000 1.000000
vt 0.000000 0.000000
vt 1.000000 0.000000
vt 1.000000 1.000000
vt 0.000000 1.000000
vt 0.000000 0.000000
vt 1.000000 0.000000
vt 1.000000 1.000000
vt 0.000000 1.000000
vt 0.000000 0.000000
vt 1.000000 0.000000
vt 1.000000 1.000000
vt 0.000000 1.000000
vt 0.198847 1.000000
vt 0.198847 0.000000
vt 1.000000 0.000000
vt 1.000000 1.000000
vt 0.000000 0.000000
vt 1.000000 0.000000
vt 0.999572 1.000000
vt 0.000000 1.000000
vt 1.000000 0.000000
vt 0.999997 1.000000
vt 0.779311 1.000000
vt 0.779311 0.000000
vt 0.845241 1.048677
vt 0.763700 0.000000
vt 1.000000 0.000000
vt 1.000000 1.000000
vt 0.000000 0.000000
vt 1.000000 0.000000
vt 0.999962 1.000000
vt 0.000028 1.000000
vt 0.000000 0.000000
vt 1.000000 0.000000
vt 1.944961 1.052902
vt -0.000000 1.000000
vt 0.000000 0.000000
vt 1.000000 0.000000
vt 0.999981 1.000000
vt 0.000014 1.000000
vt 0.000000 0.000000
vt 1.000000 0.000000
vt 0.500000 1.000000
vt 0.500000 1.000000
vt 0.000000 0.000000
vt 1.000000 0.000000
vt 1.000000 1.000000
vt 0.000000 1.000000
vt 0.000000 0.000000
vt 1.000000 0.000000
vt 1.000000 1.000000
vt 0.000000 1.000000
vt 0.000000 0.000000
vt 1.000000 0.000000
vt 1.000000 1.000000
vt 0.000000 1.000000
vt 0.000000 0.000000
vt 1.000000 0.000000
vt 1.000000 1.000000
vt 0.000000 0.000000
vt 1.000000 0.000000
vt 1.000000 1.000000
vt 0.000000 1.000000
vt 0.000000 0.000000
vt 1.000000 0.000000
vt 0.500000 1.000000
vt 0.000000 1.000000
vt 0.000000 0.000000
vt 1.000000 0.000000
vt 0.500000 1.000000
vt 0.000000 0.000000
vt 1.000000 0.000000
vt 0.000000 0.420940
vt 1.000000 0.420940
vt 1.000000 1.000000
vt 0.000000 1.000000
vt 0.000000 0.420940
vt 1.000000 0.420940
vt 1.000000 1.000000
vt 0.000000 1.000000
vt 0.000000 0.420940
vt 1.000000 0.420940
vt 1.000000 1.000000
vt 0.000000 1.000000
vt 0.000000 0.420940
vt 1.000000 0.420940
vt 1.000000 1.000000
vt 0.000000 1.000000
vt 0.000000 0.420940
vt 1.000000 0.420940
vt 1.000000 1.000000
vt 0.000000 1.000000
vt 0.000000 0.420940
vt 1.000000 0.420940
vt 1.000000 1.000000
vt 0.000000 1.000000
vt 0.000000 0.420940
vt 1.000000 0.420940
vt 1.000000 1.000000
vt 0.000000 1.000000
vt 0.000000 0.420940
vt 1.000000 0.420940
vt 1.000000 1.000000
vt 0.000000 1.000000
vt 0.188238 1.000000
vt 0.188238 0.420940
vt 0.991425 0.416167
vt 1.000000 1.000000
vt 0.000000 0.420940
vt 0.999572 0.420940
vt 1.000000 1.000000
vt 0.000000 1.000000
vt 0.653323 1.000000
vt 0.653323 0.420940
vt 1.000000 0.420940
vt 1.000000 1.000000
vt 0.729441 1.000000
vt 0.844705 0.410820
vt 1.000000 0.420940
vt 1.000000 1.000000
vt 0.000000 0.420940
vt 0.999962 0.420940
vt 1.000000 1.000000
vt 0.000000 1.000000
vt 0.000000 0.420940
vt 0.999999 0.420940
vt 1.000000 1.000000
vt 0.000000 1.000000
vt 0.000014 0.420940
vt 0.999981 0.420940
vt 1.000000 1.000000
vt 0.000000 1.000000
vt 0.500000 0.420940
vt 0.500000 0.420940
vt 1.000000 1.000000
vt 0.000000 1.000000
vt 0.000000 0.420940
vt 1.000000 0.420940
vt 1.000000 1.000000
vt 0.000000 1.000000
vt 0.000000 0.420940
vt 1.000000 0.420940
vt 1.000000 1.000000
vt 0.000000 1.000000
vt 0.000000 0.420940
vt 1.000000 0.420940
vt 1.000000 1.000000
vt 0.000000 1.000000
vt 1.000000 0.420940
vt 1.000000 1.000000
vt 0.000000 1.000000
vt 0.000000 0.420940
vt 1.000000 0.420940
vt 1.000000 1.000000
vt 0.000000 1.000000
vt 0.000000 0.420940
vt 0.500000 0.420940
vt 1.000000 1.000000
vt 0.000000 1.000000
vt 0.500000 0.420940
vt 1.000000 1.000000
vt 0.000000 1.000000
vt 1.000000 1.000000
vt 0.000000 1.000000
vt 0.000000 0.000000
vt 0.000000 1.000000
vt 0.000000 0.420940
vt 0.000000 1.000000
vt 0.000000 0.420940
vt 0.000000 1.000000
vt 0.369632 1.000000
vt 0.478121 0.410820
vt 0.478812 1.048678
vt 0.353571 0.000000
vt 0.579204 0.766300
vt 0.465048 1.000000
vt 0.465048 0.000000
vt 0.000001 1.000000
vt 0.000000 0.000000
vt 0.000000 0.000000
vt 0.079050 1.048679
vt 0.544744 0.305709
vt 0.000001 0.420940
vt 0.317696 0.420940
vt 0.317696 1.000000
vt 0.000000 1.000000
vt 0.000000 0.000000
vt 1.000000 0.000000
vt 1.109530 0.566529
vt 0.640114 1.196121
vt 0.000000 0.000000
vt 1.000000 0.000000
vt 0.979032 1.274073
vt -0.173002 1.199169
vt 0.000000 0.000000
vt 1.000000 0.000000
vt 1.184016 0.918061
vt 0.049341 1.056387
vt 0.000000 0.000000
vt 1.000000 0.000000
vt 1.156153 1.029248
vt -0.015995 0.761711
vt 0.000000 0.000000
vt 1.000000 0.000000
vt 1.052609 0.913053
vt 0.231009 1.013353
vt 0.999291 0.864691
vt 0.000000 0.864691
vt 0.999283 0.684262
vt 0.000000 0.684261
vt 0.999309 0.598772
vt 0.000000 0.598772
vt 0.999358 0.472877
vt 0.000000 0.472877
vt 0.000000 0.468093
vt 1.000000 0.468093
vt 1.000000 1.000000
vt 0.000000 1.000000
vt 0.000000 0.468093
vt 1.000000 0.468093
vt 1.000000 1.000000
vt 0.000000 1.000000
vt 0.000000 0.468093
vt 1.000000 0.468093
vt 1.000000 1.000000
vt 0.000000 1.000000
vt 0.000000 0.468093
vt 1.000000 0.468093
vt 1.000000 1.000000
vt 0.000000 1.000000
vt 0.000000 0.468093
vt 1.000000 0.468093
vt 1.000000 1.000000
vt 0.000000 1.000000
vt 0.000000 0.468093
vt 1.000000 0.468093
vt 1.000000 1.000000
vt 0.000000 1.000000
vt 0.000000 0.468093
vt 1.000000 0.468093
vt 1.000000 1.000000
vt 0.000000 1.000000
vt 0.000000 0.468093
vt 1.000000 0.468093
vt 1.000000 1.000000
vt 0.000000 1.000000
vt 0.000000 0.468093
vt 0.176198 0.468093
vt 0.176198 1.000000
vt 0.000000 1.000000
vt 0.000000 0.468093
vt 1.000000 0.468093
vt 1.000000 1.000000
vt 0.000000 1.000000
vt 0.000000 0.468093
vt 0.367777 0.468093
vt 0.367777 1.000000
vt 0.000000 1.000000
vt 0.755078 0.468093
vt 0.755078 1.000000
vt 0.000000 0.468093
vt 1.000000 0.468093
vt 1.000000 1.000000
vt 0.000000 1.000000
vt 0.000000 0.468093
vt 1.000000 0.468093
vt 1.000000 1.000000
vt 0.000000 1.000000
vt 0.000000 0.468093
vt 1.000000 0.468093
vt 1.000000 1.000000
vt 0.000000 1.000000
vt 0.000000 0.468093
vt 1.000000 0.468093
vt 1.000000 1.000000
vt 0.000000 1.000000
vt 0.000000 0.468093
vt 1.000000 0.468093
vt 1.000000 1.000000
vt 0.000000 1.000000
vt 0.000000 0.468093
vt 1.000000 0.468093
vt 1.000000 1.000000
vt 0.000000 1.000000
vt 0.000000 0.468093
vt 1.000000 0.468093
vt 1.000000 1.000000
vt 0.000000 1.000000
vt 0.000000 0.468093
vt 1.000000 0.468093
vt 1.000000 1.000000
vt 0.000000 1.000000
vt 0.000000 0.468093
vt 1.000000 0.468093
vt 1.000000 1.000000
vt 0.000000 1.000000
vt 0.000000 0.468093
vt 1.000000 0.468093
vt 1.000000 1.000000
vt 0.000000 1.000000
vt 0.000000 0.468093
vt 1.000000 0.468093
vt 1.000000 1.000000
vt 0.000000 1.000000
vt 0.000000 0.468093
vt 1.000000 0.468093
vt 1.000000 1.000000
vt 0.000000 1.000000
vt 0.000000 0.000000
vt 1.000000 0.000000
vt 0.000000 0.000000
vt 1.000000 0.000000
vt 0.000000 0.000000
vt 1.000000 0.000000
vt 0.000000 0.000000
vt 1.000000 0.000000
vt 0.000000 0.000000
vt 1.000000 0.000000
vt 0.000000 0.000000
vt 1.000000 0.000000
vt 0.000000 0.000000
vt 1.000000 0.000000
vt 0.000000 0.000000
vt 1.000000 0.000000
vt 0.000000 0.000000
vt 1.000000 0.000000
vt 0.000000 0.000000
vt 1.000000 0.000000
vt 0.000000 0.000000
vt 1.000000 0.000000
vt 0.000000 0.000000
vt 1.000000 0.000000
vt 0.000000 0.000000
vt 1.000000 0.000000
vt 0.000000 0.000000
vt 1.000000 0.000000
vt 0.000000 0.000000
vt 1.000000 0.000000
vt 0.000000 0.000000
vt 1.000000 0.000000
vt 0.000000 0.000000
vt 1.000000 0.000000
vt 0.000000 0.000000
vt 1.000000 0.000000
vt 0.000000 0.000000
vt 1.000000 0.000000
vt 0.755078 0.000000
vt 0.000000 0.000000
vt 0.367777 0.000000
vt 0.000000 0.000000
vt 1.000000 0.000000
vt 0.000000 0.000000
vt 1.000000 0.000000
vt 0.000000 0.000000
vt 0.176198 0.000000
vt 0.000000 0.000000
vt 1.000000 0.000000
vt 1.000000 0.329755
vt 0.000000 0.329755
vt 0.000000 0.000000
vt 1.000000 0.000000
vt 1.000000 0.329755
vt 0.000000 0.329755
vt 0.000000 0.000000
vt 1.000000 0.000000
vt 1.000000 0.329755
vt 0.000000 0.329755
vt 0.000000 0.000000
vt 1.000000 0.000000
vt 1.000000 0.329755
vt 0.000000 0.329755
vt 0.000000 0.000000
vt 1.000000 0.000000
vt 1.000000 0.329755
vt 0.000000 0.329755
vt 0.000000 0.000000
vt 1.000000 0.000000
vt 1.000000 0.329755
vt 0.000000 0.329755
vt 0.000000 0.000000
vt 1.000000 0.000000
vt 1.000000 0.329755
vt 0.000000 0.329755
vt 0.000000 0.000000
vt 1.000000 0.000000
vt 1.000000 0.329755
vt 0.000000 0.329755
vt 0.000000 0.000000
vt 1.000000 0.000000
vt 1.000000 0.329755
vt 0.000000 0.329755
vt 0.000000 0.000000
vt 1.000000 0.000000
vt 1.000000 0.329755
vt 0.000000 0.329755
vt 0.000000 0.000000
vt 1.000000 0.000000
vt 1.000000 0.329755
vt 0.000000 0.329755
vt 0.000000 0.000000
vt 1.000000 0.000000
vt 1.000000 0.329755
vt 0.000000 0.329755
vt 0.000000 0.000000
vt 1.000000 0.000000
vt 1.000000 0.329755
vt 0.000000 0.329755
vt 0.000000 0.000000
vt 1.000000 0.000000
vt 1.000000 0.329755
vt 0.000000 0.329755
vt 0.000000 0.000000
vt 1.000000 0.000000
vt 1.000000 0.329755
vt 0.000000 0.329755
vt 0.000000 0.000000
vt 1.000000 0.000000
vt 1.000000 0.329755
vt 0.000000 0.329755
vt 0.000000 0.000000
vt 1.000000 0.000000
vt 1.000000 0.329755
vt 0.000000 0.329755
vt 0.000000 0.000000
vt 1.000000 0.000000
vt 1.000000 0.329755
vt 0.000000 0.329755
vt 0.000000 0.000000
vt 1.000000 0.000000
vt 1.000000 0.329755
vt 0.000000 0.329755
vt 0.755078 0.000000
vt 0.755078 0.329755
vt 0.000000 0.000000
vt 0.367777 0.000000
vt 0.367777 0.329755
vt 0.000000 0.329755
vt 0.000000 0.000000
vt 1.000000 0.000000
vt 1.000000 0.329755
vt 0.000000 0.329755
vt 0.000000 0.000000
vt 1.000000 0.000000
vt 1.000000 0.329755
vt 0.000000 0.329755
vt 0.000000 0.000000
vt 0.176198 0.000000
vt 0.176198 0.329755
vt 0.000000 0.329755
vt 0.665670 0.000000
vt 0.665670 0.468093
vt 0.665670 1.000000
vt 0.665670 0.000000
vt 0.665670 0.329755
vt 1.000000 0.000000
vt 1.000000 0.468093
vt 1.000000 1.000000
vt 1.000000 0.000000
vt 1.000000 0.329755
vt 1.000000 0.000000
vt 1.000000 0.468093
vt 1.000000 1.000000
vt 1.000000 0.000000
vt 1.000000 0.329755
vt 1.000000 0.000000
vt 1.000000 0.468093
vt 1.000000 1.000000
vt 1.000000 0.000000
vt 1.000000 0.329755
vt 0.372229 0.329755
vt 0.372229 0.000000
vt 0.372229 1.000000
vt 0.372229 0.468093
vt 0.372229 0.000000
vt 0.000000 0.000000
vt 0.000000 0.329755
vt 0.000000 0.468093
vt 0.000000 1.000000
vt 0.000000 0.000000
vt 0.000000 0.468093
vt 1.000000 0.468093
vt 1.000000 1.000000
vt 0.000000 1.000000
vt 0.000000 0.468093
vt 1.000000 0.468093
vt 1.000000 1.000000
vt 0.000000 1.000000
vt 0.000000 0.468093
vt 1.000000 0.468093
vt 1.000000 1.000000
vt 0.000000 1.000000
vt 0.000000 0.468093
vt 1.000000 0.468093
vt 1.000000 1.000000
vt 0.000000 1.000000
vt 0.000000 0.468093
vt 1.000000 0.468093
vt 1.000000 1.000000
vt 0.000000 1.000000
vt 0.000000 0.468093
vt 1.000000 0.468093
vt 1.000000 1.000000
vt 0.000000 1.000000
vt 0.000000 0.468093
vt 1.000000 0.468093
vt 1.000000 1.000000
vt 0.000000 1.000000
vt 0.000000 0.468093
vt 1.000000 0.468093
vt 1.000000 1.000000
vt 0.000000 1.000000
vt 0.000000 0.468093
vt 0.176198 0.468093
vt 0.176198 1.000000
vt 0.000000 1.000000
vt 0.000000 0.468093
vt 1.000000 0.468093
vt 1.000000 1.000000
vt 0.000000 1.000000
vt 0.000000 0.468093
vt 0.367777 0.468093
vt 0.367777 1.000000
vt 0.000000 1.000000
vt 0.755078 0.468093
vt 0.755078 1.000000
vt 0.000000 0.468093
vt 1.000000 0.468093
vt 1.000000 1.000000
vt 0.000000 1.000000
vt 0.000000 0.468093
vt 1.000000 0.468093
vt 1.000000 1.000000
vt 0.000000 1.000000
vt 0.000000 0.468093
vt 1.000000 0.468093
vt 1.000000 1.000000
vt 0.000000 1.000000
vt 0.000000 0.468093
vt 1.000000 0.468093
vt 1.000000 1.000000
vt 0.000000 1.000000
vt 0.000000 0.468093
vt 1.000000 0.468093
vt 1.000000 1.000000
vt 0.000000 1.000000
vt 0.000000 0.468093
vt 1.000000 0.468093
vt 1.000000 1.000000
vt 0.000000 1.000000
vt 0.000000 0.468093
vt 1.000000 0.468093
vt 1.000000 1.000000
vt 0.000000 1.000000
vt 0.000000 0.468093
vt 1.000000 0.468093
vt 1.000000 1.000000
vt 0.000000 1.000000
vt 0.000000 0.468093
vt 1.000000 0.468093
vt 1.000000 1.000000
vt 0.000000 1.000000
vt 0.000000 0.468093
vt 1.000000 0.468093
vt 1.000000 1.000000
vt 0.000000 1.000000
vt 0.000000 0.468093
vt 1.000000 0.468093
vt 1.000000 1.000000
vt 0.000000 1.000000
vt 0.000000 0.468093
vt 1.000000 0.468093
vt 1.000000 1.000000
vt 0.000000 1.000000
vt 0.000000 0.000000
vt 1.000000 0.000000
vt 0.000000 0.000000
vt 1.000000 0.000000
vt 0.000000 0.000000
vt 1.000000 0.000000
vt 0.000000 0.000000
vt 1.000000 0.000000
vt 0.000000 0.000000
vt 1.000000 0.000000
vt 0.000000 0.000000
vt 1.000000 0.000000
vt 0.000000 0.000000
vt 1.000000 0.000000
vt 0.000000 0.000000
vt 1.000000 0.000000
vt 0.000000 0.000000
vt 1.000000 0.000000
vt 0.000000 0.000000
vt 1.000000 0.000000
vt 0.000000 0.000000
vt 1.000000 0.000000
vt 0.000000 0.000000
vt 1.000000 0.000000
vt 0.000000 0.000000
vt 1.000000 0.000000
vt 0.000000 0.000000
vt 1.000000 0.000000
vt 0.000000 0.000000
vt 1.000000 0.000000
vt 0.000000 0.000000
vt 1.000000 0.000000
vt 0.000000 0.000000
vt 1.000000 0.000000
vt 0.000000 0.000000
vt 1.000000 0.000000
vt 0.000000 0.000000
vt 1.000000 0.000000
vt 0.755078 0.000000
vt 0.000000 0.000000
vt 0.367777 0.000000
vt 0.000000 0.000000
vt 1.000000 0.000000
vt 0.000000 0.000000
vt 1.000000 0.000000
vt 0.000000 0.000000
vt 0.176198 0.000000
vt 0.000000 0.000000
vt 1.000000 0.000000
vt 1.000000 0.329755
vt 0.000000 0.329755
vt 0.000000 0.000000
vt 1.000000 0.000000
vt 1.000000 0.329755
vt 0.000000 0.329755
vt 0.000000 0.000000
vt 1.000000 0.000000
vt 1.000000 0.329755
vt 0.000000 0.329755
vt 0.000000 0.000000
vt 1.000000 0.000000
vt 1.000000 0.329755
vt 0.000000 0.329755
vt 0.000000 0.000000
vt 1.000000 0.000000
vt 1.000000 0.329755
vt 0.000000 0.329755
vt 0.000000 0.000000
vt 1.000000 0.000000
vt 1.000000 0.329755
vt 0.000000 0.329755
vt 0.000000 0.000000
vt 1.000000 0.000000
vt 0.500000 0.329755
vt 0.000000 0.329755
vt 0.000000 0.000000
vt 1.000000 0.000000
vt 1.000000 0.329755
vt 0.000000 0.000000
vt 1.000000 0.000000
vt 1.000000 0.329755
vt 0.000000 0.329755
vt 0.000000 0.000000
vt 1.000000 0.000000
vt 1.000000 0.329755
vt 0.000000 0.329755
vt 0.000000 0.000000
vt 1.000000 0.000000
vt 1.000000 0.329755
vt 0.000000 0.329755
vt 0.000000 0.000000
vt 1.000000 0.000000
vt 1.000000 0.329755
vt 0.000000 0.329755
vt 0.000000 0.000000
vt 1.000000 0.000000
vt 1.000000 0.329755
vt 0.000000 0.329755
vt 0.000000 0.000000
vt 1.000000 0.000000
vt 1.000000 0.329755
vt 0.000000 0.329755
vt 0.000000 0.000000
vt 1.000000 0.000000
vt 0.500000 0.329755
vt 0.000000 0.329755
vt 0.000000 0.000000
vt 1.000000 0.000000
vt 1.000000 0.329755
vt 0.000000 0.000000
vt 1.000000 0.000000
vt 1.000000 0.329755
vt 0.000000 0.329755
vt 0.000000 0.000000
vt 1.000000 0.000000
vt 1.000000 0.329755
vt 0.000000 0.329755
vt 0.000000 0.000000
vt 1.000000 0.000000
vt 1.000000 0.329755
vt 0.000000 0.329755
vt 0.755078 0.000000
vt 0.755078 0.329755
vt 0.000000 0.000000
vt 0.367777 0.000000
vt 0.367777 0.329755
vt 0.000000 0.329755
vt 0.000000 0.000000
vt 1.000000 0.000000
vt 1.000000 0.329755
vt 0.000000 0.329755
vt 0.000000 0.000000
vt 1.000000 0.000000
vt 1.000000 0.329755
vt 0.000000 0.329755
vt 0.000000 0.000000
vt 0.176198 0.000000
vt 0.176198 0.329755
vt 0.000000 0.329755
vt 0.665670 0.000000
vt 0.665670 0.468093
vt 0.665670 1.000000
vt 0.665670 0.000000
vt 0.665670 0.329755
vt 1.000000 0.000000
vt 1.000000 0.468093
vt 1.000000 1.000000
vt 1.000000 0.000000
vt 1.000000 0.329755
vt 1.000000 0.000000
vt 1.000000 0.468093
vt 1.000000 1.000000
vt 1.000000 0.000000
vt 1.000000 0.329755
vt 1.000000 0.000000
vt 1.000000 0.468093
vt 1.000000 1.000000
vt 1.000000 0.000000
vt 1.000000 0.329755
vt 0.372229 0.329755
vt 0.372229 0.000000
vt 0.372229 1.000000
vt 0.372229 0.468093
vt 0.372229 0.000000
vt 0.000000 0.000000
vt 0.000000 0.329755
vt 0.000000 0.468093
vt 0.000000 1.000000
vt 0.000000 0.000000
vt 0.604996 0.245366
vt 0.608777 0.248861
vt 0.581849 0.247745
vt 0.581635 0.226996
vt 0.560597 0.250045
vt 0.544671 0.250819
vt 0.540624 0.230737
vt 0.558532 0.230642
vt 0.559096 0.295467
vt 0.561405 0.274288
vt 0.561005 0.256657
vt 0.407426 0.026216
vt 0.391931 0.002484
vt 0.407761 0.001709
vt 0.586846 0.751619
vt 0.579440 0.751604
vt 0.579468 0.706125
vt 0.586971 0.706029
vt 0.690645 0.000850
vt 0.680257 0.031877
vt 0.630375 0.030406
vt 0.632521 0.002061
vt 0.583069 0.297399
vt 0.582746 0.273943
vt 0.582304 0.254978
vt 0.604255 0.297100
vt 0.605887 0.273556
vt 0.605514 0.253863
vt 0.465873 0.000000
vt 0.466064 0.025382
vt 0.574559 0.706168
vt 0.574524 0.751653
vt 0.572082 0.751677
vt 0.572120 0.706189
vt 0.964667 0.439183
vt 0.957260 0.438093
vt 0.957648 0.413812
vt 0.961879 0.414703
vt 0.949977 0.438092
vt 0.951686 0.412990
vt 0.542125 0.252794
vt 0.544249 0.257065
vt 0.524270 0.264138
vt 0.544749 0.262828
vt 0.545830 0.271229
vt 0.391397 0.026548
vt 0.390436 0.003655
vt 0.526112 0.272583
vt 0.468000 0.273506
vt 0.468268 0.265110
vt 0.705832 0.001254
vt 0.707987 0.002135
vt 0.706006 0.030508
vt 0.589524 0.708232
vt 0.596799 0.708218
vt 0.596779 0.721055
vt 0.589540 0.721116
vt 0.574319 0.764256
vt 0.571841 0.764083
vt 0.972907 0.353607
vt 0.976730 0.353725
vt 0.975439 0.380433
vt 0.968037 0.381155
vt 0.574367 0.766239
vt 0.571965 0.766209
vt 0.586744 0.764573
vt 0.579308 0.764603
vt 0.525549 0.252816
vt 0.467476 0.255060
vt 0.582759 0.262212
vt 0.604224 0.721099
vt 0.604241 0.766839
vt 0.596758 0.766765
vt 0.606047 0.261836
vt 0.543072 0.273843
vt 0.561417 0.262556
vt 0.596700 0.706548
vt 0.604169 0.706612
vt 0.604265 0.708279
vt 0.589425 0.706562
vt 0.980308 0.380866
vt 0.979365 0.353655
vt 0.980822 0.353792
vt 0.982727 0.381081
vt 0.589540 0.766866
vt 0.975485 0.382210
vt 0.968084 0.382880
vt 0.544732 0.275241
vt 0.588534 0.766824
vt 0.588514 0.721068
vt 0.632595 0.001224
vt 0.690718 0.000000
vt 0.706454 0.000584
vt 0.709045 0.001761
vt 0.389373 0.003334
vt 0.391343 0.001749
vt 0.570816 0.763709
vt 0.571059 0.751748
vt 0.707380 0.030122
vt 0.389877 0.029302
vt 0.588488 0.708580
vt 0.588488 0.705954
vt 0.588377 0.751556
vt 0.605564 0.721144
vt 0.605611 0.766886
vt 0.605284 0.705954
vt 0.605611 0.708146
vt 0.586644 0.766272
vt 0.588488 0.764954
vt 0.588406 0.766351
vt 0.965886 0.415269
vt 0.965778 0.439473
vt 0.966330 0.382115
vt 0.966602 0.351673
vt 0.389470 0.075923
vt 0.406809 0.075833
vt 0.405559 0.131967
vt 0.388220 0.132056
vt 0.394115 0.176089
vt 0.388593 0.176118
vt 0.569178 0.176479
vt 0.560342 0.176618
vt 0.560455 0.120476
vt 0.567795 0.120360
vt 0.957286 0.365501
vt 0.950003 0.365500
vt 0.950031 0.309360
vt 0.957314 0.309361
vt 0.089863 0.327294
vt 0.055993 0.327289
vt 0.056021 0.271149
vt 0.089891 0.271154
vt 0.580532 0.176303
vt 0.579230 0.120183
vt 0.605096 0.175908
vt 0.588228 0.176182
vt 0.588340 0.120040
vt 0.605209 0.119766
vt 0.619624 0.175673
vt 0.619737 0.119531
vt 0.050595 0.327288
vt 0.045196 0.327287
vt 0.045225 0.271147
vt 0.050623 0.271148
vt 0.622235 0.059306
vt 0.605307 0.059583
vt 0.604727 0.038712
vt 0.621655 0.038435
vt 0.586545 0.059879
vt 0.585965 0.039008
vt 0.575994 0.060053
vt 0.566708 0.060203
vt 0.568633 0.039287
vt 0.575141 0.039179
vt 0.056092 0.210948
vt 0.056092 0.190073
vt 0.089962 0.190078
vt 0.558784 0.060325
vt 0.277903 0.019367
vt 0.050694 0.210948
vt 0.045296 0.210947
vt 0.045296 0.190071
vt 0.050694 0.190072
vt 0.610214 0.023720
vt 0.629440 0.023402
vt 0.589760 0.024046
vt 0.569925 0.024336
vt 0.579011 0.024215
vt 0.056232 0.175110
vt 0.090102 0.175115
vt 0.780786 0.012229
vt 0.045435 0.175109
vt 0.050833 0.175110
vt 0.964721 0.249023
vt 0.957314 0.247522
vt 0.476117 0.115285
vt 0.642089 0.153117
vt 0.045225 0.227090
vt 0.050623 0.227091
vt 0.559232 0.076428
vt 0.567879 0.076302
vt 0.950031 0.265303
vt 0.957314 0.267048
vt 0.056021 0.227092
vt 0.576789 0.076161
vt 0.587116 0.075992
vt 0.603986 0.075718
vt 0.618513 0.075483
vt 0.963685 0.251147
vt 0.957314 0.249092
vt 0.445916 0.759061
vt 0.445916 0.754317
vt 0.446793 0.754296
vt 0.446749 0.759041
vt 0.440191 0.758890
vt 0.440191 0.754145
vt 0.899912 0.754443
vt 0.894857 0.754428
vt 0.894820 0.753350
vt 0.899561 0.753364
vt 0.978622 0.480749
vt 0.973866 0.479897
vt 0.973855 0.473619
vt 0.978610 0.473615
vt 0.966315 0.583153
vt 0.441296 0.746749
vt 0.445971 0.746883
vt 0.950639 0.263489
vt 0.957314 0.265488
vt 0.447740 0.746843
vt 0.979631 0.473614
vt 0.979635 0.480560
vt 0.552031 0.120605
vt 0.544092 0.120705
vt 0.754793 0.173841
vt 0.550807 0.076557
vt 0.551919 0.176747
vt 0.543980 0.176847
vt 0.418122 0.175965
vt 0.467234 0.175711
vt 0.417749 0.131904
vt 0.418667 0.075772
vt 0.466440 0.075524
vt 0.466862 0.131650
vt 0.963685 0.263356
vt 0.973390 0.421175
vt 0.964721 0.265305
vt 0.550360 0.060454
vt 0.774742 0.020561
vt 0.959341 0.266571
vt 0.964721 0.309363
vt 0.964693 0.365502
vt 0.958330 0.265148
vt 0.928910 0.500447
vt 0.938277 0.665563
vt 0.955710 0.249553
vt 0.955564 0.247876
vt 0.467456 0.210817
vt 0.463684 0.227631
vt 0.416250 0.227876
vt 0.418457 0.211070
vt 0.418364 0.208197
vt 0.418243 0.192072
vt 0.467355 0.191818
vt 0.467476 0.207943
vt 0.589980 0.143411
vt 0.418166 0.181908
vt 0.467279 0.181654
vt 0.981804 0.583302
vt 0.957294 0.264282
vt 0.958113 0.264025
vt 0.957294 0.250310
vt 0.951467 0.262537
vt 0.955894 0.250712
vt 0.366495 0.667681
vt 0.366590 0.670555
vt 0.365104 0.668451
vt 0.387160 0.132055
vt 0.388410 0.075921
vt 0.949025 0.309369
vt 0.948467 0.265311
vt 0.948467 0.248320
vt 0.948467 0.233079
vt 0.949978 0.232337
vt 0.950031 0.248996
vt 0.387459 0.177922
vt 0.387491 0.176112
vt 0.388626 0.178873
vt 0.405932 0.176028
vt 0.394674 0.178842
vt 0.403963 0.179390
vt 0.969763 0.481025
vt 0.969746 0.470861
vt 0.775851 0.597332
vt 0.775852 0.594753
vt 0.777217 0.595005
vt 0.777215 0.597559
vt 0.777201 0.615665
vt 0.775840 0.615618
vt 0.978595 0.454902
vt 0.978593 0.452263
vt 0.979674 0.452262
vt 0.979676 0.454901
vt 0.978578 0.433558
vt 0.979659 0.433557
vt 0.968795 0.555553
vt 0.968742 0.558193
vt 0.966513 0.558237
vt 0.966566 0.555597
vt 0.966947 0.536887
vt 0.969176 0.536843
vt 0.973840 0.454906
vt 0.973838 0.452267
vt 0.973823 0.433562
vt 0.783144 0.593833
vt 0.783144 0.596468
vt 0.783144 0.615148
vt 0.966125 0.435079
vt 0.970269 0.451858
vt 0.371655 0.689008
vt 0.364239 0.687449
vt 0.371575 0.670121
vt 0.777231 0.576891
vt 0.782893 0.575178
vt 0.968091 0.585318
vt 0.966111 0.576954
vt 0.775863 0.576460
vt 0.371564 0.667457
vt 0.969719 0.454736
vt 0.364338 0.649785
vt 0.365443 0.648776
vt 0.365638 0.652455
vt 0.364497 0.651800
vt 0.371485 0.648562
vt 0.966111 0.309357
vt 0.966083 0.365497
vt 1.000000 0.500000
vt 0.939249 0.461277
vt -0.803101 0.923327
vt 1.000000 0.500000
vt 1.057801 1.027023
vt 0.771538 0.615468
vt 0.771537 0.596616
vt 0.771537 0.593956
vt 0.771536 0.575096
vt 0.894972 0.757836
vt 0.901022 0.757853
vt 0.950639 0.251010
vt 0.951467 0.251984
vt 1.000000 1.000000
vt 0.646149 0.826041
vt 0.000000 0.000000
vt 1.000000 0.000000
vt 1.000000 1.000000
vt 0.000000 1.000000
vt 0.000000 0.000000
vt 1.000000 0.000000
vt 1.000000 1.000000
vt 0.000000 1.000000
vt 0.000000 0.000000
vt 1.000000 0.000000
vt 1.000000 1.000000
vt 0.000000 1.000000
vt 0.000000 0.000000
vt 1.000000 0.000000
vt 1.000000 1.000000
vt 0.000000 1.000000
vt 0.000000 0.000000
vt 1.000000 0.000000
vt 1.000000 1.000000
vt 0.000000 1.000000
vt 0.000000 0.000000
vt 1.000000 0.000000
vt 1.000000 1.000000
vt 0.000000 1.000000
vt 0.000000 0.000000
vt 1.000000 0.000000
vt 1.000000 1.000000
vt 0.000000 1.000000
vt 0.000000 0.000000
vt 1.000000 0.000000
vt 1.000000 1.000000
vt 0.000000 1.000000
vt 0.198847 1.000000
vt 0.198847 0.000000
vt 1.000000 0.000000
vt 1.000000 1.000000
vt 0.000000 0.000000
vt 1.000000 0.000000
vt 0.999572 1.000000
vt 0.000000 1.000000
vt 1.000000 0.000000
vt 0.999997 1.000000
vt 0.779311 1.000000
vt 0.779311 0.000000
vt 0.845241 1.048677
vt 0.763700 0.000000
vt 1.000000 0.000000
vt 1.000000 1.000000
vt 0.000000 0.000000
vt 1.000000 0.000000
vt 0.999962 1.000000
vt 0.000028 1.000000
vt 0.000000 0.000000
vt 1.000000 0.000000
vt 1.944961 1.052902
vt -0.000000 1.000000
vt 0.000000 0.000000
vt 1.000000 0.000000
vt 0.999981 1.000000
vt 0.000014 1.000000
vt 0.000000 0.000000
vt 1.000000 0.000000
vt 0.500000 1.000000
vt 0.500000 1.000000
vt 0.000000 0.000000
vt 1.000000 0.000000
vt 1.000000 1.000000
vt 0.000000 1.000000
vt 0.000000 0.000000
vt 1.000000 0.000000
vt 1.000000 1.000000
vt 0.000000 1.000000
vt 0.000000 0.000000
vt 1.000000 0.000000
vt 1.000000 1.000000
vt 0.000000 1.000000
vt 0.000000 0.000000
vt 1.000000 0.000000
vt 1.000000 1.000000
vt 0.000000 0.000000
vt 1.000000 0.000000
vt 1.000000 1.000000
vt 0.000000 1.000000
vt 0.000000 0.000000
vt 1.000000 0.000000
vt 0.500000 1.000000
vt 0.000000 1.000000
vt 0.000000 0.000000
vt 1.000000 0.000000
vt 0.500000 1.000000
vt 0.000000 0.000000
vt 1.000000 0.000000
vt 0.000000 0.420940
vt 1.000000 0.420940
vt 1.000000 1.000000
vt 0.000000 1.000000
vt 0.000000 0.420940
vt 1.000000 0.420940
vt 1.000000 1.000000
vt 0.000000 1.000000
vt 0.000000 0.420940
vt 1.000000 0.420940
vt 1.000000 1.000000
vt 0.000000 1.000000
vt 0.000000 0.420940
vt 1.000000 0.420940
vt 1.000000 1.000000
vt 0.000000 1.000000
vt 0.000000 0.420940
vt 1.000000 0.420940
vt 1.000000 1.000000
vt 0.000000 1.000000
vt 0.000000 0.420940
vt 1.000000 0.420940
vt 1.000000 1.000000
vt 0.000000 1.000000
vt 0.000000 0.420940
vt 1.000000 0.420940
vt 1.000000 1.000000
vt 0.000000 1.000000
vt 0.000000 0.420940
vt 1.000000 0.420940
vt 1.000000 1.000000
vt 0.000000 1.000000
vt 0.188238 1.000000
vt 0.188238 0.420940
vt 0.991425 0.416167
vt 1.000000 1.000000
vt 0.000000 0.420940
vt 0.999572 0.420940
vt 1.000000 1.000000
vt 0.000000 1.000000
vt 0.653323 1.000000
vt 0.653323 0.420940
vt 1.000000 0.420940
vt 1.000000 1.000000
vt 0.729441 1.000000
vt 0.844705 0.410820
vt 1.000000 0.420940
vt 1.000000 1.000000
vt 0.000000 0.420940
vt 0.999962 0.420940
vt 1.000000 1.000000
vt 0.000000 1.000000
vt 0.000000 0.420940
vt 0.999999 0.420940
vt 1.000000 1.000000
vt 0.000000 1.000000
vt 0.000014 0.420940
vt 0.999981 0.420940
vt 1.000000 1.000000
vt 0.000000 1.000000
vt 0.500000 0.420940
vt 0.500000 0.420940
vt 1.000000 1.000000
vt 0.000000 1.000000
vt 0.000000 0.420940
vt 1.000000 0.420940
vt 1.000000 1.000000
vt 0.000000 1.000000
vt 0.000000 0.420940
vt 1.000000 0.420940
vt 1.000000 1.000000
vt 0.000000 1.000000
vt 0.000000 0.420940
vt 1.000000 0.420940
vt 1.000000 1.000000
vt 0.000000 1.000000
vt 1.000000 0.420940
vt 1.000000 1.000000
vt 0.000000 1.000000
vt 0.000000 0.420940
vt 1.000000 0.420940
vt 1.000000 1.000000
vt 0.000000 1.000000
vt 0.000000 0.420940
vt 0.500000 0.420940
vt 1.000000 1.000000
vt 0.000000 1.000000
vt 0.500000 0.420940
vt 1.000000 1.000000
vt 0.000000 1.000000
vt 1.000000 1.000000
vt 0.000000 1.000000
vt 0.983240 0.588003
vt 0.981929 0.587195
vt 0.975883 0.587319
vt 0.966432 0.586900
vt 0.978629 0.484920
vt 0.980370 0.484408
vt 0.973872 0.483568
vt 0.969773 0.486968
vt 0.975541 0.576871
vt 0.000000 0.000000
vt 0.000000 1.000000
vt 0.404477 0.227937
vt 0.406295 0.211133
vt 0.406174 0.208260
vt 0.406053 0.192135
vt 0.405977 0.181971
vt 0.000000 0.420940
vt 0.000000 1.000000
vt 0.000000 0.420940
vt 0.000000 1.000000
vt 0.369632 1.000000
vt 0.478121 0.410820
vt 0.478812 1.048678
vt 0.353571 0.000000
vt 0.973044 0.536767
vt 0.972663 0.555477
vt 0.972609 0.558117
vt 0.972564 0.606197
vt 0.579204 0.766300
vt 0.465048 1.000000
vt 0.465048 0.000000
vt 0.981199 0.433556
vt 0.981214 0.452261
vt 0.981216 0.454899
vt 0.981085 0.473613
vt 0.000001 1.000000
vt 0.000000 0.000000
vt 0.983477 0.433554
vt 0.983492 0.452259
vt 0.983494 0.454897
vt 0.983237 0.473611
vt 0.983248 0.479931
vt 0.981459 0.480222
vt 0.981932 0.483949
vt 0.983254 0.483560
vt 0.449327 0.746807
vt 0.450670 0.746777
vt 0.450045 0.758961
vt 0.449250 0.754236
vt 0.451563 0.754180
vt 0.451563 0.758924
vt 0.962246 0.263838
vt 0.961355 0.263007
vt 0.962848 0.262539
vt 0.000000 0.000000
vt 0.079050 1.048679
vt 0.976379 0.536701
vt 0.975998 0.555412
vt 0.975944 0.558051
vt 0.544744 0.305709
vt 0.000001 0.420940
vt 0.317696 0.420940
vt 0.317696 1.000000
vt 0.000000 1.000000
vt 0.000000 0.000000
vt 1.000000 0.000000
vt 1.109530 0.566529
vt 0.640114 1.196121
vt 0.000000 0.000000
vt 1.000000 0.000000
vt 0.979032 1.274073
vt -0.173002 1.199169
vt 0.000000 0.000000
vt 1.000000 0.000000
vt 1.184016 0.918061
vt 0.049341 1.056387
vt 0.000000 0.000000
vt 1.000000 0.000000
vt 1.156153 1.029248
vt -0.015995 0.761711
vt 0.000000 0.000000
vt 1.000000 0.000000
vt 1.052609 0.913053
vt 0.231009 1.013353
vt 0.999291 0.864691
vt 0.000000 0.864691
vt 0.999283 0.684262
vt 0.000000 0.684261
vt 0.999309 0.598772
vt 0.000000 0.598772
vt 0.999358 0.472877
vt 0.000000 0.472877
vt 0.000000 0.468093
vt 1.000000 0.468093
vt 1.000000 1.000000
vt 0.000000 1.000000
vt 0.000000 0.468093
vt 1.000000 0.468093
vt 1.000000 1.000000
vt 0.000000 1.000000
vt 0.000000 0.468093
vt 1.000000 0.468093
vt 1.000000 1.000000
vt 0.000000 1.000000
vt 0.000000 0.468093
vt 1.000000 0.468093
vt 1.000000 1.000000
vt 0.000000 1.000000
vt 0.000000 0.468093
vt 1.000000 0.468093
vt 1.000000 1.000000
vt 0.000000 1.000000
vt 0.000000 0.468093
vt 1.000000 0.468093
vt 1.000000 1.000000
vt 0.000000 1.000000
vt 0.000000 0.468093
vt 1.000000 0.468093
vt 1.000000 1.000000
vt 0.000000 1.000000
vt 0.000000 0.468093
vt 1.000000 0.468093
vt 1.000000 1.000000
vt 0.000000 1.000000
vt 0.000000 0.468093
vt 0.176198 0.468093
vt 0.176198 1.000000
vt 0.000000 1.000000
vt 0.000000 0.468093
vt 1.000000 0.468093
vt 1.000000 1.000000
vt 0.000000 1.000000
vt 0.000000 0.468093
vt 0.367777 0.468093
vt 0.367777 1.000000
vt 0.000000 1.000000
vt 0.755078 0.468093
vt 0.755078 1.000000
vt 0.000000 0.468093
vt 1.000000 0.468093
vt 1.000000 1.000000
vt 0.000000 1.000000
vt 0.000000 0.468093
vt 1.000000 0.468093
vt 1.000000 1.000000
vt 0.000000 1.000000
vt 0.000000 0.468093
vt 1.000000 0.468093
vt 1.000000 1.000000
vt 0.000000 1.000000
vt 0.000000 0.468093
vt 1.000000 0.468093
vt 1.000000 1.000000
vt 0.000000 1.000000
vt 0.000000 0.468093
vt 1.000000 0.468093
vt 1.000000 1.000000
vt 0.000000 1.000000
vt 0.000000 0.468093
vt 1.000000 0.468093
vt 1.000000 1.000000
vt 0.000000 1.000000
vt 0.000000 0.468093
vt 1.000000 0.468093
vt 1.000000 1.000000
vt 0.000000 1.000000
vt 0.000000 0.468093
vt 1.000000 0.468093
vt 1.000000 1.000000
vt 0.000000 1.000000
vt 0.000000 0.468093
vt 1.000000 0.468093
vt 1.000000 1.000000
vt 0.000000 1.000000
vt 0.000000 0.468093
vt 1.000000 0.468093
vt 1.000000 1.000000
vt 0.000000 1.000000
vt 0.000000 0.468093
vt 1.000000 0.468093
vt 1.000000 1.000000
vt 0.000000 1.000000
vt 0.000000 0.468093
vt 1.000000 0.468093
vt 1.000000 1.000000
vt 0.000000 1.000000
vt 0.000000 0.000000
vt 1.000000 0.000000
vt 0.000000 0.000000
vt 1.000000 0.000000
vt 0.000000 0.000000
vt 1.000000 0.000000
vt 0.000000 0.000000
vt 1.000000 0.000000
vt 0.000000 0.000000
vt 1.000000 0.000000
vt 0.000000 0.000000
vt 1.000000 0.000000
vt 0.000000 0.000000
vt 1.000000 0.000000
vt 0.000000 0.000000
vt 1.000000 0.000000
vt 0.000000 0.000000
vt 1.000000 0.000000
vt 0.000000 0.000000
vt 1.000000 0.000000
vt 0.000000 0.000000
vt 1.000000 0.000000
vt 0.000000 0.000000
vt 1.000000 0.000000
vt 0.000000 0.000000
vt 1.000000 0.000000
vt 0.000000 0.000000
vt 1.000000 0.000000
vt 0.000000 0.000000
vt 1.000000 0.000000
vt 0.000000 0.000000
vt 1.000000 0.000000
vt 0.000000 0.000000
vt 1.000000 0.000000
vt 0.000000 0.000000
vt 1.000000 0.000000
vt 0.000000 0.000000
vt 1.000000 0.000000
vt 0.755078 0.000000
vt 0.000000 0.000000
vt 0.367777 0.000000
vt 0.000000 0.000000
vt 1.000000 0.000000
vt 0.000000 0.000000
vt 1.000000 0.000000
vt 0.000000 0.000000
vt 0.176198 0.000000
vt 0.000000 0.000000
vt 1.000000 0.000000
vt 1.000000 0.329755
vt 0.000000 0.329755
vt 0.000000 0.000000
vt 1.000000 0.000000
vt 1.000000 0.329755
vt 0.000000 0.329755
vt 0.000000 0.000000
vt 1.000000 0.000000
vt 1.000000 0.329755
vt 0.000000 0.329755
vt 0.000000 0.000000
vt 1.000000 0.000000
vt 1.000000 0.329755
vt 0.000000 0.329755
vt 0.000000 0.000000
vt 1.000000 0.000000
vt 1.000000 0.329755
vt 0.000000 0.329755
vt 0.000000 0.000000
vt 1.000000 0.000000
vt 1.000000 0.329755
vt 0.000000 0.329755
vt 0.000000 0.000000
vt 1.000000 0.000000
vt 1.000000 0.329755
vt 0.000000 0.329755
vt 0.000000 0.000000
vt 1.000000 0.000000
vt 1.000000 0.329755
vt 0.000000 0.329755
vt 0.000000 0.000000
vt 1.000000 0.000000
vt 1.000000 0.329755
vt 0.000000 0.329755
vt 0.000000 0.000000
vt 1.000000 0.000000
vt 1.000000 0.329755
vt 0.000000 0.329755
vt 0.000000 0.000000
vt 1.000000 0.000000
vt 1.000000 0.329755
vt 0.000000 0.329755
vt 0.000000 0.000000
vt 1.000000 0.000000
vt 1.000000 0.329755
vt 0.000000 0.329755
vt 0.000000 0.000000
vt 1.000000 0.000000
vt 1.000000 0.329755
vt 0.000000 0.329755
vt 0.000000 0.000000
vt 1.000000 0.000000
vt 1.000000 0.329755
vt 0.000000 0.329755
vt 0.000000 0.000000
vt 1.000000 0.000000
vt 1.000000 0.329755
vt 0.000000 0.329755
vt 0.000000 0.000000
vt 1.000000 0.000000
vt 1.000000 0.329755
vt 0.000000 0.329755
vt 0.000000 0.000000
vt 1.000000 0.000000
vt 1.000000 0.329755
vt 0.000000 0.329755
vt 0.000000 0.000000
vt 1.000000 0.000000
vt 1.000000 0.329755
vt 0.000000 0.329755
vt 0.000000 0.000000
vt 1.000000 0.000000
vt 1.000000 0.329755
vt 0.000000 0.329755
vt 0.755078 0.000000
vt 0.755078 0.329755
vt 0.000000 0.000000
vt 0.367777 0.000000
vt 0.367777 0.329755
vt 0.000000 0.329755
vt 0.000000 0.000000
vt 1.000000 0.000000
vt 1.000000 0.329755
vt 0.000000 0.329755
vt 0.000000 0.000000
vt 1.000000 0.000000
vt 1.000000 0.329755
vt 0.000000 0.329755
vt 0.000000 0.000000
vt 0.176198 0.000000
vt 0.176198 0.329755
vt 0.000000 0.329755
vt 0.665670 0.000000
vt 0.665670 0.468093
vt 0.665670 1.000000
vt 0.665670 0.000000
vt 0.665670 0.329755
vt 1.000000 0.000000
vt 1.000000 0.468093
vt 1.000000 1.000000
vt 1.000000 0.000000
vt 1.000000 0.329755
vt 1.000000 0.000000
vt 1.000000 0.468093
vt 1.000000 1.000000
vt 1.000000 0.000000
vt 1.000000 0.329755
vt 1.000000 0.000000
vt 1.000000 0.468093
vt 1.000000 1.000000
vt 1.000000 0.000000
vt 1.000000 0.329755
vt 0.372229 0.329755
vt 0.372229 0.000000
vt 0.372229 1.000000
vt 0.372229 0.468093
vt 0.372229 0.000000
vt 0.000000 0.000000
vt 0.000000 0.329755
vt 0.000000 0.468093
vt 0.000000 1.000000
vt 0.000000 0.000000
vt 0.195966 1.000000
vt 0.195966 1.000000
vt 0.195966 0.000000
vt 0.415061 0.348282
vt 0.195966 0.000000
vt 0.414667 0.295870
vt 0.413216 0.280237
vt 0.414275 0.274190
vt 0.415028 0.264580
vt 0.415010 0.262624
vt 0.415014 0.251114
vt 0.415484 0.240865
vt 0.742102 1.000000
vt 0.742102 0.000000
vt 0.742102 1.000000
vt 0.742102 0.000000
vt 0.762202 0.608446
vt 0.759362 0.674696
vt 0.756679 0.676189
vt 0.305127 0.730591
vt 0.979857 0.386712
vt 0.979842 0.391350
vt 0.979831 0.396506
vt 0.979826 0.400788
vt 0.979828 0.413585
vt 0.979834 0.422394
vt 0.353932 1.000000
vt 0.353932 0.000000
vt 0.353932 1.000000
vt 0.353932 0.000000
vt 0.767079 0.608462
vt 0.765064 0.675225
vt 0.759419 0.676545
vt 0.305245 0.729080
vt 0.981759 0.387149
vt 0.981744 0.391567
vt 0.981732 0.396504
vt 0.981728 0.400786
vt 0.981730 0.413583
vt 0.981736 0.422393
vt 0.973215 0.525389
vt 0.973434 0.516408
vt 0.973871 0.502868
vt 0.974147 0.497792
vt 0.974460 0.493032
vt 0.974760 0.488455
vt 0.301432 0.727220
vt 0.301324 0.728757
vt 0.301205 0.730444
vt 0.301126 0.731564
vt 0.300990 0.735781
vt 0.302947 0.740032
vt 0.396124 0.280159
vt 0.969690 0.525586
vt 0.969946 0.516705
vt 0.970541 0.503602
vt 0.970987 0.498995
vt 0.971718 0.494241
vt 0.972554 0.489870
vt 0.303769 0.727507
vt 0.303661 0.728950
vt 0.303543 0.730531
vt 0.303465 0.731582
vt 0.303358 0.735475
vt 0.305775 0.740032
vt 0.398939 0.280128
vt 0.399529 0.290610
vt 0.000000 0.000000
vt 1.000000 0.000000
vt 1.000000 1.000000
vt 0.000000 1.114793
vt 0.000000 0.000000
vt 1.000000 0.000000
vt 1.000000 1.037432
vt 0.000000 1.000000
vt 0.406023 0.188196
vt 0.969753 0.474800
vt 0.973859 0.475906
vt 0.978614 0.476148
vt 0.979633 0.476005
vt 0.981207 0.475776
vt 0.983240 0.475539
vt 0.975594 0.583732
vt 0.966352 0.584316
vt 0.983250 0.481056
vt 0.981621 0.481502
vt 0.979913 0.482014
vt 0.978625 0.482429
vt 0.973869 0.481545
vt 0.405960 0.179769
vt 0.969767 0.483227
vt 0.418149 0.179568
vt 0.467253 0.178216
vn 0.000000 1.000000 0.000000
vn 0.000000 1.000000 0.000000
vn 0.000000 1.000000 0.000000
vn 0.000000 1.000000 0.000000
vn 0.994577 0.083488 -0.062022
vn 0.995624 0.075660 -0.054843
vn 0.988612 0.117865 -0.093567
vn 0.988612 0.117865 -0.093567
vn 0.028013 0.405885 0.913495
vn 0.028033 0.404210 0.914236
vn 0.028146 0.344575 0.938337
vn 0.028147 0.344300 0.938438
vn -0.063870 0.960878 0.269508
vn -0.063870 0.960878 0.269508
vn -0.063870 0.960878 0.269508
vn -0.063870 0.960878 0.269508
vn 0.094010 -0.974930 -0.201679
vn 0.094010 -0.974930 -0.201679
vn 0.094010 -0.974930 -0.201679
vn 0.094010 -0.974930 -0.201679
vn 0.000000 0.996397 0.084816
vn 0.000000 0.996397 0.084816
vn 0.000000 0.996397 0.084816
vn 0.000000 0.996397 0.084816
vn 0.999984 0.005553 0.001275
vn 0.999984 0.005555 0.001341
vn 0.999983 0.005558 0.001512
vn 0.999983 0.005558 0.001512
vn 0.990978 -0.103130 0.085600
vn 0.990978 -0.103130 0.085600
vn 0.990978 -0.103130 0.085600
vn 0.998464 -0.009410 0.054592
vn 0.993119 -0.085662 0.079859
vn -0.203132 -0.640818 -0.740331
vn -0.187664 -0.651361 -0.735195
vn -0.043248 -0.736139 -0.675447
vn -0.043248 -0.736139 -0.675447
vn 0.000000 1.000000 -0.000000
vn 0.000000 1.000000 -0.000000
vn 0.000000 1.000000 -0.000000
vn 0.000000 1.000000 -0.000000
vn 1.000000 0.000000 0.000000
vn 1.000000 0.000000 0.000000
vn 1.000000 0.000000 0.000000
vn 1.000000 0.000000 0.000000
vn 0.000000 0.999911 0.013314
vn 0.000000 0.999911 0.013314
vn 0.000000 0.999911 0.013314
vn 0.000000 0.999911 0.013314
vn 0.000000 1.000000 0.000000
vn 0.000000 1.000000 0.000000
vn 0.000000 1.000000 0.000000
vn 0.000000 1.000000 0.000000
vn 0.000000 1.000000 0.000000
vn 1.000000 0.000000 0.000000
vn 1.000000 0.000000 0.000000
vn 0.991034 0.002004 -0.133596
vn 0.991531 0.001948 -0.129854
vn 1.000000 0.000000 0.000000
vn 1.000000 0.000000 0.000000
vn 0.990030 -0.003463 -0.140818
vn 0.988962 -0.003643 -0.148122
vn -0.000010 0.999980 0.006337
vn -0.000010 0.999980 0.006337
vn -0.000016 0.999980 0.006340
vn -0.000018 0.999980 0.006340
vn 1.000000 0.000000 0.000000
vn 1.000000 0.000000 0.000000
vn 0.991672 -0.003306 -0.128744
vn 0.990372 -0.003554 -0.138383
vn 0.000000 0.999980 0.006335
vn 0.000000 0.999980 0.006335
vn 0.000000 0.999980 0.006335
vn 0.000000 0.999980 0.006335
vn 1.000000 0.000000 0.000000
vn 1.000000 0.000000 0.000000
vn 1.000000 0.000000 0.000000
vn 1.000000 0.000000 0.000000
vn 0.872580 -0.000010 -0.488471
vn 0.872580 -0.000010 -0.488471
vn 0.872575 -0.000003 -0.488481
vn 0.872575 -0.000003 -0.488481
vn 0.287153 0.562990 0.774974
vn 0.287153 0.562990 0.774974
vn 0.287153 0.562990 0.774974
vn 0.287153 0.562990 0.774974
vn 0.287153 0.562990 0.774974
vn 0.872573 0.000011 -0.488485
vn 0.872573 0.000012 -0.488485
vn 0.872574 0.000008 -0.488482
vn 0.872574 0.000008 -0.488482
vn 0.000000 1.000000 0.000000
vn 0.000000 1.000000 0.000000
vn 0.000000 1.000000 0.000000
vn 0.000000 1.000000 0.000000
vn 1.000000 0.000000 0.000000
vn 1.000000 0.000000 0.000000
vn 0.991197 -0.000814 -0.132394
vn 0.990887 -0.000828 -0.134694
vn 0.879446 0.005620 0.475966
vn 0.879446 0.005620 0.475966
vn 0.879446 0.005620 0.475966
vn 0.879446 0.005620 0.475966
vn 0.895157 0.016698 0.445439
vn 0.895157 0.016698 0.445439
vn 0.895157 0.016698 0.445439
vn 0.895157 0.016698 0.445439
vn 0.971227 0.194889 0.136877
vn 0.971228 0.194889 0.136877
vn 0.971228 0.194889 0.136877
vn 0.971228 0.194889 0.136877
vn -0.000001 0.988371 0.152063
vn -0.000001 0.988371 0.152063
vn -0.000001 0.988371 0.152063
vn -0.000001 0.988371 0.152063
vn 0.000000 0.988370 0.152066
vn 0.000000 0.988370 0.152066
vn 0.000000 0.988370 0.152066
vn 0.000000 0.988370 0.152066
vn 0.645087 0.729838 -0.226272
vn 0.645087 0.729838 -0.226272
vn 0.645087 0.729838 -0.226272
vn 0.000000 1.000000 0.000000
vn 0.000000 1.000000 0.000000
vn 0.000000 1.000000 0.000000
vn 0.000000 1.000000 0.000000
vn 0.000000 0.996397 0.084813
vn -0.000000 0.996397 0.084813
vn -0.000002 0.996397 0.084815
vn -0.000002 0.996397 0.084815
vn 0.008715 0.962902 0.269710
vn 0.008715 0.962901 0.269715
vn 0.008710 0.962949 0.269543
vn 0.008710 0.962949 0.269543
vn -0.203177 0.330480 0.921684
vn -0.201750 0.383793 0.901110
vn -0.201583 0.388731 0.899029
vn -0.203177 0.330480 0.921684
vn 0.000000 0.988370 0.152066
vn 0.000000 0.988370 0.152066
vn 0.000000 0.988370 0.152066
vn 0.000000 0.988370 0.152066
vn 0.932231 0.099784 0.347833
vn 0.932231 0.099784 0.347833
vn 0.932231 0.099784 0.347833
vn 0.932231 0.099784 0.347833
vn -0.000000 0.999980 0.006335
vn -0.000000 0.999980 0.006335
vn -0.000000 0.999980 0.006335
vn -0.000000 0.999980 0.006335
vn 1.000000 0.000000 0.000000
vn 1.000000 0.000000 0.000000
vn 0.993839 -0.003172 -0.110786
vn 0.993217 -0.003328 -0.116232
vn 0.000000 0.999911 0.013312
vn 0.000000 0.999911 0.013312
vn 0.000000 0.999911 0.013312
vn 0.000000 0.999911 0.013312
vn 0.000000 1.000000 -0.000000
vn 0.000000 1.000000 -0.000000
vn 0.000000 1.000000 -0.000000
vn 0.000000 1.000000 -0.000000
vn 0.999989 0.004604 0.001059
vn 0.999721 0.004077 -0.023281
vn 0.999474 0.003883 -0.032194
vn 0.999474 0.003883 -0.032194
vn 1.000000 0.000000 0.000000
vn 1.000000 0.000000 0.000000
vn 1.000000 0.000000 0.000000
vn 1.000000 0.000000 0.000000
vn 0.997550 -0.069194 -0.010287
vn 0.997550 -0.069194 -0.010287
vn 0.980928 0.144572 -0.129921
vn 0.995966 0.047632 -0.076039
vn 0.017748 0.724791 -0.688740
vn 0.017748 0.724791 -0.688740
vn 0.017748 0.724791 -0.688741
vn 0.017748 0.724791 -0.688741
vn -0.021730 0.999743 0.006446
vn -0.021730 0.999743 0.006446
vn -0.021730 0.999743 0.006446
vn -0.021730 0.999743 0.006446
vn -0.021730 0.999743 0.006446
vn 1.000000 0.000000 0.000000
vn 1.000000 0.000000 0.000000
vn 1.000000 0.000000 0.000000
vn 1.000000 0.000000 0.000000
vn 1.000000 0.000000 0.000000
vn 1.000000 0.000000 0.000000
vn 1.000000 0.000000 0.000000
vn 1.000000 0.000000 0.000000
vn 1.000000 0.000000 0.000000
vn 1.000000 0.000000 0.000000
vn 1.000000 0.000000 0.000000
vn 1.000000 0.000000 0.000000
vn 0.412123 -0.277503 -0.867840
vn 0.303964 -0.361754 -0.881328
vn 0.993405 -0.077266 -0.084711
vn 0.675419 -0.598835 -0.430356
vn -0.058160 -0.981206 0.183988
vn -0.074388 -0.986943 0.142867
vn -0.133297 -0.991001 -0.012196
vn -0.133297 -0.991001 -0.012196
vn 1.000000 0.000000 0.000000
vn 1.000000 0.000000 0.000000
vn 1.000000 0.000000 0.000000
vn 1.000000 0.000000 0.000000
vn -0.003079 0.991259 0.131891
vn -0.003079 0.991259 0.131891
vn -0.003079 0.991259 0.131891
vn -0.003079 0.991259 0.131891
vn 0.723413 0.000000 -0.690415
vn 0.723413 0.000000 -0.690415
vn 0.723413 0.000000 -0.690415
vn 0.723413 0.000000 -0.690415
vn 0.723375 0.000000 -0.690455
vn 0.723375 0.000000 -0.690455
vn 0.723375 0.000000 -0.690455
vn 0.723375 0.000000 -0.690455
vn 0.723450 0.000000 -0.690377
vn 0.723450 0.000000 -0.690377
vn 0.723450 0.000000 -0.690377
vn 0.723450 0.000000 -0.690377
vn 0.722118 0.000509 -0.691770
vn 0.722118 0.000509 -0.691770
vn 0.722118 0.000509 -0.691770
vn 0.722118 0.000509 -0.691770
vn 0.723490 0.000000 -0.690335
vn 0.723490 0.000000 -0.690335
vn 0.723490 0.000000 -0.690335
vn 0.723490 0.000000 -0.690335
vn 0.723525 0.000000 -0.690298
vn 0.723525 0.000000 -0.690298
vn 0.723525 0.000000 -0.690298
vn 0.723525 0.000000 -0.690298
vn 0.971751 0.172329 -0.161254
vn 0.971751 0.172329 -0.161254
vn 0.971751 0.172329 -0.161254
vn 0.971751 0.172329 -0.161254
vn 0.999019 0.008178 0.043520
vn 0.999019 0.008178 0.043516
vn 0.998611 0.008175 0.052059
vn 0.998611 0.008175 0.052059
vn 0.976138 0.008060 -0.217000
vn 0.975979 0.008059 -0.217716
vn 0.975708 0.008057 -0.218926
vn 0.975708 0.008057 -0.218926
vn 0.999962 0.008722 0.000230
vn 0.999962 0.008722 0.000226
vn 0.999962 0.008722 0.000183
vn 0.999962 0.008722 0.000183
vn 0.000000 1.000000 0.000003
vn 0.000000 1.000000 0.000003
vn 0.000000 1.000000 0.000003
vn 0.000000 1.000000 0.000003
vn 0.997597 0.007707 0.068851
vn 0.997648 0.007714 0.068103
vn 0.997700 0.007721 0.067339
vn 0.997700 0.007721 0.067339
vn 0.999919 0.008599 -0.009348
vn 0.999920 0.008600 -0.009249
vn 0.999922 0.008602 -0.009110
vn 0.999922 0.008602 -0.009110
vn -0.000000 0.999991 0.004149
vn -0.000000 0.999991 0.004149
vn -0.000000 0.999991 0.004147
vn -0.000000 0.999991 0.004146
vn 0.872574 -0.000003 -0.488482
vn 0.872574 -0.000003 -0.488482
vn 0.872571 0.000002 -0.488487
vn 0.872571 0.000002 -0.488488
vn 0.005248 0.891134 0.453710
vn 0.005248 0.891126 0.453725
vn 0.005234 0.892063 0.451880
vn 0.005234 0.892063 0.451880
vn 0.000000 0.999991 0.004146
vn 0.000000 0.999991 0.004146
vn 0.000000 0.999991 0.004146
vn 0.000000 0.999991 0.004146
vn 0.872549 0.000001 -0.488528
vn 0.872549 0.000001 -0.488527
vn 0.872574 0.000004 -0.488481
vn 0.872575 0.000004 -0.488480
vn 0.000000 0.999991 0.004146
vn 0.000000 0.999991 0.004146
vn 0.000000 0.999991 0.004146
vn 0.000000 0.999991 0.004146
vn 0.872588 0.000002 -0.488456
vn 0.872588 0.000002 -0.488456
vn 0.872579 -0.000001 -0.488472
vn 0.872579 -0.000001 -0.488473
vn 0.872575 -0.000003 -0.488481
vn 0.872575 -0.000003 -0.488481
vn 0.872578 -0.000001 -0.488475
vn 0.872578 -0.000001 -0.488475
vn -0.038519 0.889798 0.454726
vn -0.038519 0.889798 0.454726
vn -0.038519 0.889798 0.454726
vn -0.038519 0.889798 0.454726
vn 0.999799 0.010450 -0.017108
vn 0.999746 0.011140 -0.019575
vn 0.987393 -0.133505 -0.085043
vn 0.074164 0.966173 -0.247000
vn 0.038664 0.961510 -0.272038
vn 0.011067 0.956626 -0.291107
vn 0.074164 0.966173 -0.247000
vn 0.616043 0.748301 0.246044
vn 0.616043 0.748301 0.246044
vn 0.616043 0.748301 0.246044
vn 0.616042 0.748301 0.246044
vn 0.009426 0.999271 -0.036990
vn 0.012562 0.998773 -0.047897
vn -0.000801 0.999999 -0.001419
vn -0.000801 0.999999 -0.001419
vn 0.661787 0.691436 -0.289748
vn 0.661787 0.691436 -0.289748
vn 0.661787 0.691436 -0.289748
vn 0.661787 0.691436 -0.289748
vn -0.018087 0.713195 -0.700732
vn -0.018087 0.713195 -0.700732
vn -0.018210 0.709163 -0.704809
vn -0.018269 0.707190 -0.706788
vn 0.107218 -0.993192 -0.045534
vn 0.107168 -0.993184 -0.045832
vn 0.106667 -0.993097 -0.048800
vn 0.106667 -0.993097 -0.048800
vn 0.072828 -0.996445 -0.042339
vn 0.072401 -0.996418 -0.043699
vn 0.070076 -0.996232 -0.051094
vn 0.070076 -0.996232 -0.051094
vn -0.000000 0.998731 0.050358
vn -0.000000 0.998731 0.050358
vn -0.000000 0.998731 0.050358
vn -0.000000 0.998731 0.050358
vn 0.000000 0.946327 0.323210
vn 0.000000 0.946327 0.323210
vn 0.000000 0.946328 0.323209
vn 0.000000 0.946328 0.323209
vn 0.999985 0.005401 0.000242
vn 0.999985 0.005401 0.000241
vn 0.999985 0.005401 0.000232
vn 0.999985 0.005401 0.000232
vn 0.999985 0.005483 0.000507
vn 0.999985 0.005486 0.000834
vn 0.999985 0.005486 0.000776
vn 0.999985 0.005483 0.000507
vn 0.000000 0.998731 0.050359
vn 0.000000 0.998731 0.050359
vn 0.000000 0.998731 0.050359
vn 0.000000 0.998731 0.050359
vn 0.000000 0.946328 0.323209
vn 0.000000 0.946328 0.323209
vn 0.000000 0.946328 0.323209
vn 0.000000 0.946328 0.323209
vn 0.092341 -0.994693 -0.045381
vn 0.092341 -0.994693 -0.045381
vn 0.092341 -0.994693 -0.045381
vn 0.092341 -0.994693 -0.045381
vn 0.096263 -0.994249 -0.046939
vn 0.096263 -0.994249 -0.046939
vn 0.096263 -0.994249 -0.046939
vn 0.096263 -0.994249 -0.046939
vn 0.635076 0.161143 0.755454
vn 0.688045 0.169517 0.705591
vn 0.709690 0.172839 0.682984
vn 0.635076 0.161143 0.755455
vn 0.998688 0.045218 -0.024016
vn 0.998688 0.045218 -0.024016
vn 0.998688 0.045218 -0.024016
vn 0.998688 0.045218 -0.024016
vn 0.998688 0.045218 -0.024016
vn 0.998688 0.045218 -0.024016
vn 0.861001 0.491817 0.129593
vn 0.861001 0.491817 0.129593
vn 0.861001 0.491817 0.129593
vn 0.861001 0.491817 0.129593
vn 0.415622 -0.240446 -0.877180
vn 0.415622 -0.240446 -0.877180
vn 0.415622 -0.240446 -0.877180
vn 0.778580 -0.396077 -0.486761
vn 0.778580 -0.396077 -0.486761
vn 0.778580 -0.396077 -0.486761
vn 0.757620 -0.590317 0.278456
vn 0.757620 -0.590317 0.278456
vn 0.757620 -0.590317 0.278456
vn 0.757620 -0.590317 0.278456
vn 0.930049 0.366812 0.021406
vn 0.930049 0.366811 0.021406
vn 0.930049 0.366812 0.021406
vn 0.930049 0.366811 0.021406
vn 0.856308 0.448255 0.256525
vn 0.856308 0.448255 0.256525
vn 0.856308 0.448255 0.256525
vn 0.856308 0.448255 0.256525
vn 0.776188 -0.602223 0.186707
vn 0.776188 -0.602223 0.186707
vn 0.776188 -0.602223 0.186707
vn 0.696182 -0.713629 -0.077868
vn 0.696182 -0.713629 -0.077868
vn 0.696182 -0.713629 -0.077868
vn 0.696182 -0.713629 -0.077868
vn 0.786087 0.607891 0.111963
vn 0.786087 0.607891 0.111963
vn 0.786087 0.607891 0.111963
vn 0.786087 0.607891 0.111963
vn 0.601824 0.797575 0.041014
vn 0.601824 0.797575 0.041014
vn 0.601824 0.797575 0.041014
vn 0.601824 0.797575 0.041014
vn 0.629275 -0.776651 -0.028748
vn 0.629275 -0.776651 -0.028748
vn 0.629275 -0.776651 -0.028748
vn 0.629275 -0.776651 -0.028748
vn 0.999597 0.000000 -0.028395
vn 0.999597 0.000000 -0.028395
vn 0.999597 0.000000 -0.028395
vn 0.999597 0.000000 -0.028395
vn 0.999597 0.000000 -0.028395
vn 0.999597 0.000000 -0.028395
vn 0.999597 0.000000 -0.028395
vn 0.999597 0.000000 -0.028395
vn 0.999597 0.000000 -0.028395
vn 0.999597 0.000000 -0.028395
vn 0.999597 0.000000 -0.028395
vn 0.999597 0.000000 -0.028395
vn 0.999597 0.000000 -0.028395
vn 0.999597 0.000000 -0.028395
vn 0.999597 0.000000 -0.028395
vn 0.999597 0.000000 -0.028395
vn 0.999597 0.000000 -0.028395
vn 0.999597 0.000000 -0.028395
vn 0.999597 0.000000 -0.028395
vn 0.999597 0.000000 -0.028395
vn 0.985764 0.129415 -0.107333
vn 0.985764 0.129415 -0.107333
vn 0.985764 0.129415 -0.107333
vn 0.985764 0.129415 -0.107333
vn 0.999598 0.000052 -0.028363
vn 0.999598 0.000052 -0.028363
vn 0.999598 0.000052 -0.028363
vn 0.999598 0.000052 -0.028363
vn 0.979284 0.000000 -0.202491
vn 0.979284 0.000000 -0.202491
vn 0.979284 0.000000 -0.202491
vn 0.979284 0.000000 -0.202491
vn 0.999599 0.000067 -0.028304
vn 0.999599 0.000067 -0.028304
vn 0.999599 0.000067 -0.028304
vn 0.999599 0.000067 -0.028304
vn 0.979285 0.000000 -0.202486
vn 0.979285 0.000000 -0.202486
vn 0.979285 0.000000 -0.202486
vn 0.979285 0.000000 -0.202486
vn -0.067152 0.992219 0.104848
vn -0.067152 0.992218 0.104848
vn -0.067152 0.992218 0.104848
vn -0.067152 0.992218 0.104848
vn -0.403227 0.909500 -0.101085
vn -0.403227 0.909500 -0.101085
vn -0.403227 0.909500 -0.101085
vn -0.403227 0.909500 -0.101085
vn -0.018296 0.706302 -0.707674
vn -0.018296 0.706302 -0.707674
vn 0.013245 0.998648 -0.050273
vn 0.013245 0.998648 -0.050273
vn -0.078529 0.933207 -0.350653
vn -0.078529 0.933207 -0.350653
vn -0.453512 -0.424226 -0.783811
vn -0.453512 -0.424226 -0.783811
vn -0.047904 -0.976604 0.209641
vn -0.047904 -0.976604 0.209641
vn 0.073331 -0.996475 -0.040736
vn 0.073331 -0.996475 -0.040736
vn 0.107348 -0.993213 -0.044767
vn 0.107348 -0.993213 -0.044767
vn -0.297490 0.954200 -0.031648
vn -0.297490 0.954200 -0.031648
vn -0.374950 0.922476 -0.091925
vn -0.372612 0.923605 -0.090075
vn -0.436958 0.888231 -0.141822
vn -0.436958 0.888231 -0.141822
vn 0.243980 0.969155 -0.034819
vn 0.243980 0.969155 -0.034819
vn 0.243980 0.969155 -0.034819
vn 0.243980 0.969155 -0.034819
vn 0.018685 0.991342 -0.129972
vn 0.018685 0.991342 -0.129972
vn 0.018685 0.991342 -0.129972
vn 0.018685 0.991342 -0.129972
vn 0.317195 0.947722 -0.034799
vn 0.317195 0.947722 -0.034799
vn 0.254623 0.966670 0.026762
vn 0.266187 0.963796 0.015551
vn 0.490213 0.863984 -0.114991
vn 0.477742 0.871561 -0.110202
vn 0.067356 0.996943 0.039595
vn 0.067356 0.996943 0.039595
vn 0.224008 0.972972 0.056093
vn 0.224008 0.972972 0.056093
vn 0.683645 0.704119 -0.191953
vn 0.683645 0.704119 -0.191953
vn 0.996166 0.084392 0.023052
vn 0.996166 0.084392 0.023052
vn 0.976047 0.165352 -0.141390
vn 0.976047 0.165352 -0.141390
vn 0.953522 -0.001852 -0.301318
vn 0.953522 -0.001852 -0.301318
vn 0.953012 -0.007777 -0.302832
vn 0.953012 -0.007777 -0.302832
vn 0.952250 -0.008738 -0.305194
vn 0.952250 -0.008738 -0.305194
vn 0.950271 -0.007656 -0.311331
vn 0.950271 -0.007656 -0.311331
vn 0.949443 0.004708 -0.313905
vn 0.949443 0.004708 -0.313905
vn -0.000027 0.999980 0.006345
vn -0.000027 0.999980 0.006345
vn -0.000000 0.999980 0.006336
vn -0.000000 0.999980 0.006336
vn 0.000000 0.999980 0.006335
vn 0.000000 0.999980 0.006335
vn 1.000000 0.000000 0.000000
vn 1.000000 0.000000 0.000000
vn 1.000000 0.000000 0.000000
vn 1.000000 0.000000 0.000000
vn 0.000000 1.000000 0.000000
vn 0.000000 1.000000 0.000000
vn 0.000000 1.000000 0.000000
vn 0.000000 1.000000 0.000000
vn 0.991262 0.131905 0.000000
vn 0.991262 0.131905 0.000000
vn 0.991262 0.131905 0.000000
vn 0.991262 0.131905 0.000000
vn 0.000000 1.000000 0.000000
vn 0.000000 1.000000 0.000000
vn 0.000000 1.000000 0.000000
vn 0.000000 1.000000 0.000000
vn 1.000000 0.000000 0.000000
vn 1.000000 0.000000 0.000000
vn 1.000000 0.000000 0.000000
vn 1.000000 0.000000 0.000000
vn 0.941530 0.336929 0.000000
vn 0.941530 0.336929 0.000000
vn 0.941530 0.336929 0.000000
vn 0.941530 0.336929 0.000000
vn 1.000000 0.000000 0.000000
vn 1.000000 0.000000 0.000000
vn 1.000000 0.000000 0.000000
vn 1.000000 0.000000 0.000000
vn 1.000000 0.000000 0.000000
vn 1.000000 0.000000 0.000000
vn 1.000000 0.000000 0.000000
vn 1.000000 0.000000 0.000000
vn 0.000000 1.000000 0.000000
vn 0.000000 1.000000 0.000000
vn 0.000000 1.000000 0.000000
vn 0.000000 1.000000 0.000000
vn 1.000000 0.000000 0.000000
vn 1.000000 0.000000 0.000000
vn 1.000000 0.000000 0.000000
vn 1.000000 0.000000 0.000000
vn 0.000000 1.000000 0.000000
vn 0.000000 1.000000 0.000000
vn 0.000000 1.000000 0.000000
vn 0.000000 1.000000 0.000000
vn 1.000000 0.000000 0.000000
vn 1.000000 0.000000 0.000000
vn 1.000000 0.000000 0.000000
vn 1.000000 0.000000 0.000000
vn 0.000000 1.000000 0.000000
vn 0.000000 1.000000 0.000000
vn 0.000000 1.000000 0.000000
vn 0.000000 1.000000 0.000000
vn 0.996044 0.088864 0.000000
vn 0.996044 0.088864 0.000000
vn 0.996044 0.088864 0.000000
vn 0.996044 0.088864 0.000000
vn 1.000000 0.000000 0.000000
vn 1.000000 0.000000 0.000000
vn 1.000000 0.000000 0.000000
vn 1.000000 0.000000 0.000000
vn 0.000000 1.000000 0.000000
vn 0.000000 1.000000 0.000000
vn 0.000000 1.000000 0.000000
vn 0.000000 1.000000 0.000000
vn 0.991262 0.131905 0.000000
vn 0.991262 0.131905 0.000000
vn 0.991262 0.131905 0.000000
vn 0.991262 0.131905 0.000000
vn 0.000000 1.000000 0.000000
vn 0.000000 1.000000 0.000000
vn 0.000000 1.000000 0.000000
vn 0.000000 1.000000 0.000000
vn 1.000000 0.000000 0.000000
vn 1.000000 0.000000 0.000000
vn 1.000000 0.000000 0.000000
vn 1.000000 0.000000 0.000000
vn 0.941530 0.336929 0.000000
vn 0.941530 0.336929 0.000000
vn 0.941530 0.336929 0.000000
vn 0.941530 0.336929 0.000000
vn 1.000000 0.000000 0.000000
vn 1.000000 0.000000 0.000000
vn 1.000000 0.000000 0.000000
vn 1.000000 0.000000 0.000000
vn 1.000000 0.000000 0.000000
vn 1.000000 0.000000 0.000000
vn 1.000000 0.000000 0.000000
vn 1.000000 0.000000 0.000000
vn 0.000000 1.000000 0.000000
vn 0.000000 1.000000 0.000000
vn 0.000000 1.000000 0.000000
vn 0.000000 1.000000 0.000000
vn 1.000000 0.000000 0.000000
vn 1.000000 0.000000 0.000000
vn 1.000000 0.000000 0.000000
vn 1.000000 0.000000 0.000000
vn 0.000000 1.000000 0.000000
vn 0.000000 1.000000 0.000000
vn 0.000000 1.000000 0.000000
vn 0.000000 1.000000 0.000000
vn 1.000000 0.000000 0.000000
vn 1.000000 0.000000 0.000000
vn 1.000000 0.000000 0.000000
vn 1.000000 0.000000 0.000000
vn 0.000000 1.000000 0.000000
vn 0.000000 1.000000 0.000000
vn 0.000000 1.000000 0.000000
vn 0.000000 1.000000 0.000000
vn 0.996044 0.088864 0.000000
vn 0.996044 0.088864 0.000000
vn 0.996044 0.088864 0.000000
vn 0.996044 0.088864 0.000000
vn 0.440732 0.420243 -0.793190
vn 0.440732 0.420243 -0.793190
vn 0.872580 0.000007 -0.488472
vn 0.872580 0.000007 -0.488471
vn 0.872580 -0.000011 -0.488472
vn 0.872579 -0.000011 -0.488472
vn 0.872582 0.000004 -0.488468
vn 0.872582 0.000004 -0.488468
vn 0.872579 0.000006 -0.488474
vn 0.872579 0.000006 -0.488473
vn 0.872580 -0.000003 -0.488471
vn 0.872580 -0.000003 -0.488471
vn 0.872581 0.000001 -0.488470
vn 0.872581 0.000002 -0.488469
vn 0.000000 0.999991 0.004146
vn 0.000000 0.999991 0.004146
vn 0.000000 0.999991 0.004146
vn -0.000000 0.999991 0.004146
vn -0.000000 0.999991 0.004146
vn 0.000000 0.999991 0.004146
vn 0.000000 0.999991 0.004146
vn 0.748093 -0.608038 -0.265794
vn 0.872582 0.000005 -0.488467
vn 0.872582 0.000005 -0.488467
vn 0.872579 -0.000010 -0.488474
vn 0.872579 -0.000010 -0.488474
vn 0.872581 0.000003 -0.488470
vn 0.872581 0.000003 -0.488470
vn 0.872582 0.000007 -0.488467
vn 0.872582 0.000007 -0.488467
vn 0.872582 -0.000004 -0.488467
vn 0.872582 -0.000004 -0.488467
vn 0.872582 0.000002 -0.488468
vn 0.872582 0.000002 -0.488468
vn 0.907548 -0.160666 0.388000
vn 0.907548 -0.160666 0.388000
vn 0.907548 -0.160666 0.388000
vn 0.907548 -0.160666 0.388000
vn 0.851798 0.180192 -0.491906
vn 0.851798 0.180192 -0.491906
vn 0.851798 0.180192 -0.491906
vn 0.851798 0.180192 -0.491906
vn 0.803112 0.594994 0.031530
vn 0.802870 0.595426 0.029451
vn 0.757823 0.625286 -0.186338
vn 0.757823 0.625286 -0.186338
vn 0.918259 0.196239 -0.343933
vn 0.918259 0.196239 -0.343933
vn 0.918259 0.196239 -0.343933
vn 0.918259 0.196239 -0.343933
vn 0.904269 0.214110 0.369397
vn 0.904269 0.214110 0.369397
vn 0.904269 0.214110 0.369397
vn 0.904269 0.214110 0.369397
vn 0.997394 -0.003570 -0.072063
vn 0.997394 -0.003570 -0.072063
vn 0.997394 -0.003570 -0.072063
vn 0.126181 -0.010220 -0.991955
vn 0.126181 -0.010220 -0.991955
vn 0.126181 -0.010220 -0.991955
vn 0.126181 -0.010220 -0.991955
vn 0.999172 0.004719 0.040401
vn 0.999172 0.004719 0.040401
vn 0.999172 0.004719 0.040401
vn 0.999172 0.004719 0.040401
vn 0.950198 0.165743 -0.263918
vn 0.950198 0.165743 -0.263918
vn 0.950198 0.165743 -0.263918
vn 0.950198 0.165743 -0.263918
vn 0.911800 0.184877 0.366663
vn 0.911800 0.184877 0.366663
vn 0.911800 0.184877 0.366663
vn 0.911800 0.184877 0.366663
vn 0.999386 0.004771 -0.034718
vn 0.999386 0.004771 -0.034718
vn 0.999386 0.004771 -0.034718
vn 0.999386 0.004771 -0.034718
vn 0.174415 -0.018878 -0.984491
vn 0.174415 -0.018880 -0.984491
vn 0.174404 -0.018338 -0.984503
vn 0.174404 -0.018338 -0.984503
vn -0.006317 0.998204 -0.059573
vn -0.006317 0.998204 -0.059573
vn -0.006317 0.998204 -0.059573
vn -0.006317 0.998204 -0.059573
vn 0.000001 0.998038 -0.062611
vn 0.000001 0.998038 -0.062611
vn 0.000001 0.998038 -0.062611
vn 0.000001 0.998038 -0.062611
vn 0.829731 0.317624 0.458978
vn 0.829731 0.317624 0.458978
vn 0.829731 0.317624 0.458978
vn 0.937261 -0.018190 -0.348153
vn 0.937261 -0.018190 -0.348153
vn 0.937261 -0.018190 -0.348153
vn 0.995676 0.001438 -0.092884
vn 0.995676 0.001438 -0.092884
vn 0.995676 0.001438 -0.092884
vn 0.995676 0.001438 -0.092884
vn 0.800283 0.006123 -0.599592
vn 0.800283 0.006123 -0.599592
vn 0.800283 0.006123 -0.599592
vn 0.800283 0.006123 -0.599592
vn 0.995280 0.008957 0.096631
vn 0.995280 0.008957 0.096631
vn 0.995280 0.008957 0.096631
vn 0.995280 0.008957 0.096631
vn -0.050665 0.022521 0.998462
vn -0.050665 0.022521 0.998462
vn -0.050665 0.022521 0.998462
vn -0.050665 0.022521 0.998462
vn 0.089735 0.085137 -0.992320
vn 0.089757 0.085778 -0.992263
vn 0.088720 0.056096 -0.994476
vn 0.088720 0.056096 -0.994476
vn -0.004286 0.998050 0.062277
vn -0.004286 0.998050 0.062277
vn -0.004286 0.998050 0.062277
vn -0.004286 0.998050 0.062277
vn -0.028168 0.503137 -0.863748
vn -0.021347 0.589628 -0.807393
vn -0.020647 0.598000 -0.801230
vn -0.028168 0.503137 -0.863748
vn 0.063597 0.111766 -0.991698
vn 0.063597 0.111766 -0.991697
vn 0.063597 0.111766 -0.991697
vn 0.063597 0.111766 -0.991697
vn 0.997952 -0.014650 0.062272
vn 0.997952 -0.014650 0.062272
vn 0.997952 -0.014650 0.062272
vn 0.852529 0.010681 0.522570
vn 0.852529 0.010681 0.522570
vn 0.852529 0.010681 0.522570
vn 0.852529 0.010681 0.522570
vn 0.820632 -0.010122 0.571368
vn 0.820632 -0.010122 0.571368
vn 0.820632 -0.010122 0.571368
vn 0.912626 0.159189 -0.376528
vn 0.912626 0.159189 -0.376528
vn 0.912626 0.159189 -0.376528
vn 0.912626 0.159189 -0.376528
vn 0.155396 0.014829 0.987741
vn 0.155396 0.014829 0.987741
vn 0.155396 0.014829 0.987741
vn 0.155396 0.014829 0.987741
vn 0.928316 0.198389 -0.314437
vn 0.928316 0.198389 -0.314437
vn 0.928316 0.198389 -0.314437
vn 0.928316 0.198389 -0.314437
vn 0.732325 0.114842 -0.671202
vn 0.732325 0.114842 -0.671202
vn 0.732324 0.114842 -0.671202
vn 0.732325 0.114842 -0.671202
vn 0.121951 0.659799 0.741480
vn 0.121951 0.659799 0.741480
vn 0.121951 0.659799 0.741480
vn 0.121951 0.659800 0.741480
vn 0.000000 0.668200 0.743982
vn 0.000000 0.668200 0.743982
vn 0.000000 0.668200 0.743982
vn 0.000000 0.668200 0.743982
vn 0.004017 0.998126 0.061054
vn 0.004045 0.998117 0.061204
vn 0.003821 0.998191 0.059995
vn 0.003821 0.998191 0.059995
vn -0.144034 0.015960 0.989444
vn -0.144034 0.015960 0.989444
vn -0.144034 0.015960 0.989444
vn -0.144034 0.015960 0.989444
vn 0.070753 0.711146 -0.699476
vn 0.070753 0.711146 -0.699476
vn 0.070753 0.711146 -0.699476
vn 0.070753 0.711146 -0.699476
vn 0.899250 0.187313 0.395302
vn 0.899250 0.187313 0.395302
vn 0.899250 0.187313 0.395302
vn 0.899250 0.187313 0.395302
vn 0.892292 0.203597 0.402943
vn 0.892292 0.203597 0.402943
vn 0.892292 0.203597 0.402943
vn 0.892292 0.203597 0.402943
vn 0.704715 0.500607 -0.502762
vn 0.704715 0.500607 -0.502762
vn 0.704715 0.500607 -0.502762
vn 0.604563 0.016859 0.796379
vn 0.604563 0.016859 0.796379
vn 0.604563 0.016859 0.796379
vn 0.604563 0.016859 0.796379
vn 0.702027 -0.013004 -0.712032
vn 0.702027 -0.013004 -0.712032
vn 0.702027 -0.013004 -0.712032
vn 0.702027 -0.013004 -0.712032
vn 0.658000 0.367693 -0.657144
vn 0.658000 0.367693 -0.657144
vn 0.658000 0.367693 -0.657144
vn 0.658000 0.367693 -0.657144
vn 0.690011 0.480580 0.541228
vn 0.690011 0.480580 0.541228
vn 0.690011 0.480580 0.541228
vn 0.690011 0.480580 0.541228
vn 0.665463 0.019432 -0.746178
vn 0.665463 0.019432 -0.746178
vn 0.665463 0.019432 -0.746178
vn 0.665463 0.019432 -0.746178
vn 0.602518 0.785715 0.140086
vn 0.602518 0.785715 0.140086
vn 0.602518 0.785715 0.140086
vn 0.602518 0.785715 0.140086
vn 0.652418 0.740865 -0.159595
vn 0.652418 0.740865 -0.159595
vn 0.652418 0.740865 -0.159595
vn 0.652418 0.740865 -0.159595
vn 0.637967 0.036508 0.769197
vn 0.637967 0.036508 0.769197
vn 0.637968 0.036508 0.769197
vn 0.637967 0.036508 0.769197
vn 0.839142 0.015498 0.543692
vn 0.839142 0.015498 0.543692
vn 0.839142 0.015498 0.543692
vn 0.839142 0.015498 0.543692
vn 0.142131 -0.008319 0.989813
vn 0.142131 -0.008319 0.989813
vn 0.142131 -0.008319 0.989813
vn 0.142131 -0.008319 0.989813
vn 0.547525 0.000321 -0.836789
vn 0.547525 0.000321 -0.836789
vn 0.547525 0.000321 -0.836789
vn 0.547525 0.000321 -0.836789
vn 0.499193 0.015862 0.866345
vn 0.499193 0.015862 0.866345
vn 0.499193 0.015862 0.866346
vn 0.499193 0.015862 0.866345
vn 0.542528 0.531551 0.650474
vn 0.542528 0.531551 0.650474
vn 0.542528 0.531551 0.650474
vn 0.542528 0.531551 0.650474
vn 0.465983 0.625017 -0.626269
vn 0.465983 0.625017 -0.626269
vn 0.465983 0.625017 -0.626269
vn 0.465983 0.625017 -0.626269
vn 0.161699 0.984127 -0.073120
vn 0.161699 0.984127 -0.073120
vn 0.161699 0.984128 -0.073120
vn 0.161699 0.984128 -0.073120
vn 0.501396 -0.015072 0.865087
vn 0.501396 -0.015072 0.865087
vn 0.501396 -0.015072 0.865087
vn 0.501396 -0.015072 0.865087
vn 0.017561 0.997996 0.060789
vn 0.017561 0.997996 0.060789
vn 0.017561 0.997996 0.060789
vn 0.017561 0.997996 0.060789
vn 0.459772 0.092350 -0.883222
vn 0.459772 0.092350 -0.883222
vn 0.459772 0.092350 -0.883222
vn 0.459772 0.092350 -0.883222
vn 0.987891 0.155150 0.000000
vn 0.987891 0.155150 0.000000
vn 0.987891 0.155150 0.000000
vn 0.987891 0.155150 0.000000
vn 0.971169 0.238391 0.000000
vn 0.971169 0.238391 0.000000
vn 0.971169 0.238391 0.000000
vn 0.971169 0.238391 0.000000
vn 0.846689 0.532089 0.000000
vn 0.846689 0.532089 0.000000
vn 0.846689 0.532089 0.000000
vn 0.846689 0.532089 0.000000
vn 0.000000 1.000000 0.000000
vn 0.000000 1.000000 0.000000
vn 0.000000 1.000000 0.000000
vn 0.000000 1.000000 0.000000
vn 0.916085 0.400984 0.000000
vn 0.916085 0.400984 0.000000
vn 0.916085 0.400984 0.000000
vn 0.916085 0.400984 0.000000
vn 0.000000 1.000000 0.000000
vn 0.000000 1.000000 0.000000
vn 0.000000 1.000000 0.000000
vn 0.000000 1.000000 0.000000
vn 0.000000 1.000000 0.000000
vn 0.000000 1.000000 0.000000
vn 0.000000 1.000000 0.000000
vn 0.000000 1.000000 0.000000
vn 0.964197 0.265186 0.000000
vn 0.964197 0.265186 0.000000
vn 0.964197 0.265186 0.000000
vn 0.964197 0.265186 0.000000
vn 0.999962 0.008761 0.000000
vn 0.999962 0.008761 0.000000
vn 0.999962 0.008761 0.000000
vn 0.999962 0.008761 0.000000
vn 0.133185 -0.991091 0.000000
vn 0.133185 -0.991091 0.000000
vn 0.133185 -0.991091 0.000000
vn 0.133185 -0.991091 0.000000
vn 0.000000 1.000000 0.000000
vn 0.000000 1.000000 0.000000
vn 0.000000 1.000000 0.000000
vn 0.000000 1.000000 0.000000
vn 0.989118 0.108185 -0.099703
vn 0.988919 0.107692 -0.102189
vn 0.992009 0.119944 -0.039132
vn 0.992009 0.119944 -0.039132
vn 0.000000 1.000000 0.000000
vn 0.000000 1.000000 0.000000
vn 0.000000 1.000000 0.000000
vn 0.000000 1.000000 0.000000
vn 0.178816 -0.983440 0.029517
vn 0.178816 -0.983440 0.029517
vn 0.178816 -0.983440 0.029517
vn 0.178816 -0.983440 0.029517
vn 0.615305 0.788289 0.000000
vn 0.615305 0.788289 0.000000
vn 0.615305 0.788289 0.000000
vn 0.615305 0.788289 0.000000
vn 0.637725 -0.770264 0.000000
vn 0.637725 -0.770264 0.000000
vn 0.637725 -0.770264 0.000000
vn 0.637725 -0.770264 0.000000
vn 1.000000 0.000000 0.000000
vn 1.000000 0.000000 0.000000
vn 1.000000 0.000000 0.000000
vn 1.000000 0.000000 0.000000
vn 1.000000 0.000000 0.000000
vn 1.000000 0.000000 0.000000
vn 1.000000 0.000000 0.000000
vn 1.000000 0.000000 0.000000
vn 0.476248 0.879311 0.000000
vn 0.476248 0.879311 0.000000
vn 0.476248 0.879311 0.000000
vn 0.476248 0.879311 0.000000
vn 0.133186 -0.991091 0.000000
vn 0.133186 -0.991091 0.000000
vn 0.133186 -0.991091 0.000000
vn 0.133186 -0.991091 0.000000
vn -0.558095 0.829777 0.000000
vn -0.558095 0.829777 0.000000
vn -0.558095 0.829777 0.000000
vn -0.558095 0.829777 0.000000
vn -0.327710 0.944778 0.000000
vn -0.327710 0.944778 0.000000
vn -0.327710 0.944778 0.000000
vn -0.327710 0.944778 0.000000
vn -0.065177 0.997874 0.000000
vn -0.065177 0.997874 0.000000
vn -0.065177 0.997874 0.000000
vn -0.065177 0.997874 0.000000
vn 0.835782 0.549061 0.000000
vn 0.835782 0.549061 0.000000
vn 0.835782 0.549061 0.000000
vn 0.835782 0.549061 0.000000
vn 0.987891 0.155150 0.000000
vn 0.987891 0.155150 0.000000
vn 0.987891 0.155150 0.000000
vn 0.987891 0.155150 0.000000
vn 0.971169 0.238390 -0.000000
vn 0.971169 0.238390 -0.000000
vn 0.971169 0.238390 -0.000000
vn 0.971169 0.238390 -0.000000
vn 0.846688 0.532089 -0.000000
vn 0.846688 0.532089 -0.000000
vn 0.846688 0.532089 -0.000000
vn 0.846688 0.532089 -0.000000
vn 0.000000 1.000000 0.000000
vn 0.000000 1.000000 0.000000
vn 0.000000 1.000000 0.000000
vn 0.000000 1.000000 0.000000
vn 0.916085 0.400984 0.000000
vn 0.916085 0.400984 0.000000
vn 0.916085 0.400984 0.000000
vn 0.916085 0.400984 0.000000
vn 0.000000 1.000000 -0.000000
vn 0.000000 1.000000 -0.000000
vn 0.000000 1.000000 -0.000000
vn 0.000000 1.000000 -0.000000
vn 0.000000 1.000000 0.000000
vn 0.000000 1.000000 0.000000
vn 0.000000 1.000000 0.000000
vn 0.000000 1.000000 0.000000
vn 0.964197 0.265186 -0.000000
vn 0.964197 0.265186 -0.000000
vn 0.964197 0.265186 -0.000000
vn 0.964197 0.265186 -0.000000
vn 0.999955 0.009511 -0.000802
vn 0.999955 0.009511 -0.000802
vn 0.999953 0.009685 -0.000988
vn 0.999953 0.009685 -0.000988
vn 0.133185 -0.991091 0.000000
vn 0.133185 -0.991091 0.000000
vn 0.133185 -0.991091 0.000000
vn 0.133185 -0.991091 0.000000
vn 0.000000 1.000000 0.000000
vn 0.000000 1.000000 0.000000
vn 0.000000 1.000000 0.000000
vn 0.000000 1.000000 0.000000
vn 0.968078 0.209521 0.137575
vn 0.967586 0.213008 0.135668
vn 0.942957 0.324997 0.072180
vn 0.942957 0.324997 0.072180
vn 0.000000 1.000000 0.000000
vn 0.000000 1.000000 0.000000
vn 0.000000 1.000000 0.000000
vn 0.000000 1.000000 0.000000
vn 0.088645 -0.996063 -0.000000
vn 0.088645 -0.996063 -0.000000
vn 0.088645 -0.996063 -0.000000
vn 0.088645 -0.996063 -0.000000
vn 0.615305 0.788289 0.000000
vn 0.615305 0.788289 0.000000
vn 0.615305 0.788289 0.000000
vn 0.615305 0.788289 0.000000
vn 0.637726 -0.770264 -0.000000
vn 0.637726 -0.770263 -0.000000
vn 0.637726 -0.770264 -0.000000
vn 0.637726 -0.770264 -0.000000
vn 1.000000 0.000000 0.000000
vn 1.000000 0.000000 0.000000
vn 1.000000 0.000000 0.000000
vn 1.000000 0.000000 0.000000
vn 1.000000 0.000000 0.000000
vn 1.000000 0.000000 0.000000
vn 1.000000 0.000000 0.000000
vn 1.000000 0.000000 0.000000
vn 0.476247 0.879311 0.000000
vn 0.476247 0.879311 0.000000
vn 0.476247 0.879311 0.000000
vn 0.476247 0.879311 0.000000
vn 0.133186 -0.991091 -0.000000
vn 0.133186 -0.991091 -0.000000
vn 0.133186 -0.991091 -0.000000
vn 0.133186 -0.991091 -0.000000
vn -0.558094 0.829777 0.000000
vn -0.558094 0.829778 0.000000
vn -0.558094 0.829777 0.000000
vn -0.558094 0.829777 0.000000
vn -0.327711 0.944778 0.000000
vn -0.327711 0.944778 0.000000
vn -0.327711 0.944778 0.000000
vn -0.327711 0.944778 0.000000
vn -0.065177 0.997874 0.000000
vn -0.065177 0.997874 0.000000
vn -0.065177 0.997874 0.000000
vn -0.065177 0.997874 0.000000
vn 0.835782 0.549061 0.000000
vn 0.835782 0.549061 0.000000
vn 0.835782 0.549061 0.000000
vn 0.835782 0.549061 0.000000
vn 0.999962 0.008761 0.000000
vn 0.999962 0.008761 0.000000
vn 0.999962 0.008761 0.000000
vn 0.999962 0.008761 0.000000
vn 0.957369 -0.275600 0.086544
vn 0.957369 -0.275600 0.086544
vn 0.989008 -0.066608 0.132014
vn 0.987391 -0.095702 0.126093
vn 0.978205 0.107623 -0.177574
vn 0.976195 0.108695 -0.187693
vn 0.965340 0.113581 -0.234987
vn 0.965340 0.113581 -0.234987
vn 0.174421 -0.019147 -0.984485
vn 0.174421 -0.019147 -0.984485
vn 0.090189 0.098856 -0.991006
vn 0.090189 0.098855 -0.991006
vn -0.017231 0.637526 -0.770236
vn -0.017231 0.637526 -0.770236
vn 0.004153 0.998081 0.061786
vn 0.004153 0.998081 0.061786
vn 0.000000 1.000000 0.000000
vn 0.000000 1.000000 0.000000
vn 0.000000 1.000000 0.000000
vn 0.000000 1.000000 0.000000
vn 0.872781 0.442647 -0.205710
vn 0.873866 0.411787 -0.258437
vn 0.886961 0.432857 -0.161042
vn 0.886961 0.432857 -0.161042
vn 0.847326 0.393302 -0.356864
vn 0.915734 0.401708 -0.007858
vn 0.915308 0.402182 0.021464
vn 0.795991 0.430523 0.425497
vn 0.797428 0.417273 0.435882
vn 0.000000 1.000000 0.000000
vn 0.000000 1.000000 0.000000
vn 0.000000 1.000000 0.000000
vn 0.000000 1.000000 0.000000
vn 0.162131 -0.959683 -0.229615
vn 0.162131 -0.959683 -0.229615
vn 0.162131 -0.959683 -0.229615
vn 0.162131 -0.959683 -0.229615
vn 0.218989 -0.975552 -0.018466
vn 0.218989 -0.975553 -0.018466
vn 0.218989 -0.975553 -0.018466
vn 0.218989 -0.975553 -0.018466
vn 0.209252 -0.977110 0.038346
vn 0.209252 -0.977110 0.038346
vn 0.209252 -0.977110 0.038346
vn 0.209252 -0.977110 0.038346
vn 0.187713 -0.981326 -0.042002
vn 0.187713 -0.981326 -0.042002
vn 0.187713 -0.981326 -0.042002
vn 0.187713 -0.981326 -0.042002
vn 0.183987 -0.981821 0.046656
vn 0.183987 -0.981821 0.046656
vn 0.183987 -0.981821 0.046656
vn 0.183987 -0.981821 0.046656
vn 0.133186 -0.991091 0.000000
vn 0.133186 -0.991091 0.000000
vn 0.133185 -0.991091 0.000000
vn 0.133185 -0.991091 0.000000
vn 0.133185 -0.991091 0.000000
vn 0.133185 -0.991091 0.000000
vn 0.133185 -0.991091 0.000000
vn 0.133185 -0.991091 0.000000
vn 0.133186 -0.991091 0.000000
vn 0.133186 -0.991091 0.000000
vn 0.133186 -0.991091 0.000000
vn 0.133186 -0.991091 0.000000
vn 0.133186 -0.991091 0.000000
vn 0.133186 -0.991091 0.000000
vn 0.133186 -0.991091 0.000000
vn 0.133186 -0.991091 0.000000
vn 0.835782 0.549062 -0.000000
vn 0.835782 0.549062 -0.000000
vn 0.835782 0.549062 -0.000000
vn 0.835782 0.549062 -0.000000
vn -0.065177 0.997874 0.000000
vn -0.065177 0.997874 0.000000
vn -0.065177 0.997874 0.000000
vn -0.065177 0.997874 0.000000
vn 0.637727 -0.770262 0.000000
vn 0.637727 -0.770262 0.000000
vn 0.637727 -0.770262 0.000000
vn 0.637727 -0.770262 0.000000
vn 0.000000 1.000000 0.000000
vn 0.000000 1.000000 0.000000
vn 0.000000 1.000000 0.000000
vn 0.000000 1.000000 0.000000
vn 0.000000 1.000000 0.000000
vn 0.000000 1.000000 0.000000
vn 0.000000 1.000000 0.000000
vn 0.000000 1.000000 0.000000
vn 0.000000 1.000000 0.000000
vn 0.000000 1.000000 0.000000
vn 0.000000 1.000000 0.000000
vn 0.000000 1.000000 0.000000
vn 0.987891 0.155150 -0.000000
vn 0.987891 0.155150 -0.000000
vn 0.987891 0.155150 -0.000000
vn 0.987891 0.155150 -0.000000
vn 0.971169 0.238391 0.000000
vn 0.971169 0.238391 0.000000
vn 0.971169 0.238391 0.000000
vn 0.971169 0.238391 0.000000
vn 0.964197 0.265186 0.000000
vn 0.964197 0.265186 0.000000
vn 0.964197 0.265186 0.000000
vn 0.964197 0.265186 0.000000
vn 0.846688 0.532089 0.000000
vn 0.846688 0.532089 0.000000
vn 0.846688 0.532089 0.000000
vn 0.846688 0.532089 0.000000
vn 0.916085 0.400984 -0.000000
vn 0.916085 0.400984 -0.000000
vn 0.916085 0.400984 -0.000000
vn 0.916085 0.400984 -0.000000
vn 1.000000 0.000000 0.000000
vn 1.000000 0.000000 0.000000
vn 1.000000 0.000000 0.000000
vn 1.000000 0.000000 0.000000
vn 1.000000 0.000000 0.000000
vn 1.000000 0.000000 0.000000
vn 1.000000 0.000000 0.000000
vn 1.000000 0.000000 0.000000
vn 0.476248 0.879311 0.000000
vn 0.476248 0.879311 0.000000
vn 0.476248 0.879311 0.000000
vn 0.476248 0.879311 0.000000
vn -0.558095 0.829777 0.000000
vn -0.558095 0.829777 0.000000
vn -0.558095 0.829777 0.000000
vn -0.558095 0.829777 0.000000
vn -0.327711 0.944778 -0.000000
vn -0.327711 0.944778 -0.000000
vn -0.327711 0.944778 -0.000000
vn -0.327711 0.944778 -0.000000
vn 0.907548 -0.160666 0.388000
vn 0.907548 -0.160666 0.388000
vn 0.907548 -0.160666 0.388000
vn 0.907548 -0.160666 0.388000
vn 0.851797 0.180193 -0.491908
vn 0.851797 0.180193 -0.491908
vn 0.851797 0.180193 -0.491908
vn 0.851797 0.180193 -0.491908
vn 0.803111 0.594995 0.031530
vn 0.802869 0.595428 0.029451
vn 0.757821 0.625288 -0.186338
vn 0.757821 0.625288 -0.186338
vn 0.918259 0.196239 -0.343933
vn 0.918259 0.196239 -0.343933
vn 0.918259 0.196239 -0.343933
vn 0.918259 0.196239 -0.343933
vn 0.904270 0.214109 0.369396
vn 0.904270 0.214109 0.369396
vn 0.904270 0.214109 0.369396
vn 0.904270 0.214109 0.369396
vn 0.997394 -0.003570 -0.072063
vn 0.997394 -0.003570 -0.072063
vn 0.997394 -0.003570 -0.072063
vn 0.126168 -0.010220 -0.991956
vn 0.126168 -0.010220 -0.991956
vn 0.126168 -0.010220 -0.991956
vn 0.126168 -0.010220 -0.991956
vn 0.999172 0.004719 0.040401
vn 0.999172 0.004719 0.040401
vn 0.999173 0.004719 0.040401
vn 0.999172 0.004719 0.040401
vn 0.950198 0.165743 -0.263918
vn 0.950198 0.165743 -0.263918
vn 0.950198 0.165743 -0.263918
vn 0.950198 0.165743 -0.263918
vn 0.911800 0.184877 0.366663
vn 0.911800 0.184877 0.366663
vn 0.911800 0.184877 0.366663
vn 0.911800 0.184877 0.366663
vn 0.999386 0.004771 -0.034717
vn 0.999386 0.004771 -0.034717
vn 0.999386 0.004771 -0.034717
vn 0.999386 0.004771 -0.034717
vn 0.174419 -0.018878 -0.984491
vn 0.174419 -0.018880 -0.984491
vn 0.174415 -0.018339 -0.984501
vn 0.174415 -0.018339 -0.984501
vn -0.006317 0.998204 -0.059573
vn -0.006317 0.998204 -0.059573
vn -0.006317 0.998204 -0.059573
vn -0.006317 0.998204 -0.059573
vn 0.000001 0.998038 -0.062611
vn 0.000001 0.998038 -0.062611
vn 0.000001 0.998038 -0.062611
vn 0.000001 0.998038 -0.062611
vn 0.829731 0.317624 0.458978
vn 0.829731 0.317624 0.458978
vn 0.829731 0.317624 0.458978
vn 0.937259 -0.018190 -0.348159
vn 0.937259 -0.018190 -0.348159
vn 0.937259 -0.018190 -0.348159
vn 0.995676 0.001438 -0.092884
vn 0.995676 0.001438 -0.092884
vn 0.995676 0.001438 -0.092884
vn 0.995676 0.001438 -0.092884
vn 0.800284 0.006123 -0.599590
vn 0.800284 0.006123 -0.599590
vn 0.800284 0.006123 -0.599590
vn 0.800284 0.006123 -0.599590
vn 0.995280 0.008957 0.096631
vn 0.995280 0.008957 0.096631
vn 0.995280 0.008957 0.096631
vn 0.995280 0.008957 0.096631
vn -0.050665 0.022521 0.998462
vn -0.050665 0.022521 0.998462
vn -0.050665 0.022521 0.998462
vn -0.050665 0.022521 0.998462
vn 0.089735 0.085139 -0.992320
vn 0.089757 0.085780 -0.992263
vn 0.088720 0.056098 -0.994476
vn 0.088720 0.056098 -0.994476
vn -0.004286 0.998050 0.062277
vn -0.004286 0.998050 0.062277
vn -0.004286 0.998050 0.062277
vn -0.004286 0.998050 0.062277
vn -0.028152 0.503132 -0.863751
vn -0.021341 0.589623 -0.807397
vn -0.020642 0.597995 -0.801234
vn -0.028152 0.503132 -0.863751
vn 0.063597 0.111766 -0.991697
vn 0.063597 0.111766 -0.991697
vn 0.063597 0.111766 -0.991698
vn 0.063597 0.111766 -0.991697
vn 0.997952 -0.014650 0.062272
vn 0.997952 -0.014650 0.062272
vn 0.997952 -0.014650 0.062272
vn 0.852527 0.010681 0.522574
vn 0.852527 0.010681 0.522574
vn 0.852527 0.010681 0.522574
vn 0.852527 0.010681 0.522573
vn 0.820632 -0.010122 0.571368
vn 0.820632 -0.010122 0.571368
vn 0.820632 -0.010122 0.571368
vn 0.912626 0.159189 -0.376528
vn 0.912626 0.159189 -0.376528
vn 0.912626 0.159189 -0.376528
vn 0.912626 0.159189 -0.376528
vn 0.155396 0.014829 0.987741
vn 0.155396 0.014829 0.987741
vn 0.155396 0.014829 0.987741
vn 0.155396 0.014829 0.987741
vn 0.928317 0.198389 -0.314436
vn 0.928317 0.198389 -0.314436
vn 0.928317 0.198389 -0.314436
vn 0.928317 0.198389 -0.314436
vn 0.732325 0.114842 -0.671202
vn 0.732325 0.114842 -0.671202
vn 0.732324 0.114842 -0.671202
vn 0.732325 0.114842 -0.671202
vn 0.121951 0.659799 0.741480
vn 0.121951 0.659799 0.741480
vn 0.121951 0.659799 0.741480
vn 0.121951 0.659800 0.741480
vn 0.000000 0.668200 0.743982
vn 0.000000 0.668200 0.743982
vn 0.000000 0.668200 0.743982
vn 0.000000 0.668200 0.743982
vn 0.004017 0.998126 0.061054
vn 0.004045 0.998117 0.061203
vn 0.003823 0.998191 0.059995
vn 0.003823 0.998191 0.059994
vn -0.144040 0.015960 0.989443
vn -0.144040 0.015960 0.989443
vn -0.144040 0.015960 0.989443
vn -0.144040 0.015960 0.989443
vn 0.070754 0.711138 -0.699483
vn 0.070754 0.711138 -0.699483
vn 0.070754 0.711138 -0.699483
vn 0.070754 0.711138 -0.699483
vn 0.899250 0.187313 0.395302
vn 0.899250 0.187313 0.395302
vn 0.899250 0.187313 0.395302
vn 0.899250 0.187313 0.395302
vn 0.892290 0.203599 0.402947
vn 0.892290 0.203599 0.402947
vn 0.892290 0.203599 0.402947
vn 0.892290 0.203599 0.402947
vn 0.704729 0.500604 -0.502745
vn 0.704729 0.500604 -0.502745
vn 0.704729 0.500604 -0.502745
vn 0.604589 0.016858 0.796359
vn 0.604589 0.016858 0.796359
vn 0.604589 0.016858 0.796359
vn 0.604589 0.016858 0.796359
vn 0.702027 -0.013004 -0.712032
vn 0.702027 -0.013004 -0.712032
vn 0.702027 -0.013004 -0.712032
vn 0.702027 -0.013004 -0.712032
vn 0.658001 0.367688 -0.657145
vn 0.658001 0.367688 -0.657145
vn 0.658001 0.367688 -0.657145
vn 0.658001 0.367688 -0.657145
vn 0.690059 0.480550 0.541194
vn 0.690059 0.480550 0.541194
vn 0.690059 0.480550 0.541194
vn 0.690059 0.480550 0.541194
vn 0.665437 0.019435 -0.746201
vn 0.665437 0.019435 -0.746201
vn 0.665437 0.019435 -0.746201
vn 0.665437 0.019435 -0.746201
vn 0.602516 0.785716 0.140086
vn 0.602516 0.785716 0.140086
vn 0.602516 0.785716 0.140086
vn 0.602516 0.785716 0.140086
vn 0.652418 0.740865 -0.159595
vn 0.652418 0.740865 -0.159595
vn 0.652418 0.740865 -0.159595
vn 0.652418 0.740865 -0.159595
vn 0.637969 0.036508 0.769196
vn 0.637969 0.036508 0.769196
vn 0.637969 0.036508 0.769196
vn 0.637969 0.036508 0.769196
vn 0.839143 0.015498 0.543690
vn 0.839143 0.015498 0.543690
vn 0.839143 0.015498 0.543690
vn 0.839143 0.015498 0.543690
vn 0.142131 -0.008319 0.989813
vn 0.142131 -0.008319 0.989813
vn 0.142131 -0.008319 0.989813
vn 0.142131 -0.008319 0.989813
vn 0.547545 0.000322 -0.836776
vn 0.547545 0.000322 -0.836776
vn 0.547545 0.000322 -0.836776
vn 0.547545 0.000322 -0.836776
vn 0.499218 0.015861 0.866331
vn 0.499218 0.015861 0.866331
vn 0.499219 0.015861 0.866331
vn 0.499218 0.015861 0.866331
vn 0.542523 0.531553 0.650477
vn 0.542523 0.531553 0.650477
vn 0.542523 0.531553 0.650477
vn 0.542523 0.531553 0.650477
vn 0.465973 0.625018 -0.626276
vn 0.465973 0.625018 -0.626276
vn 0.465973 0.625018 -0.626276
vn 0.465973 0.625018 -0.626276
vn 0.161698 0.984128 -0.073120
vn 0.161698 0.984128 -0.073120
vn 0.161698 0.984128 -0.073120
vn 0.161698 0.984128 -0.073120
vn 0.501386 -0.015072 0.865093
vn 0.501386 -0.015072 0.865093
vn 0.501386 -0.015072 0.865093
vn 0.501386 -0.015072 0.865093
vn 0.017560 0.997996 0.060789
vn 0.017560 0.997996 0.060789
vn 0.017560 0.997996 0.060789
vn 0.017560 0.997996 0.060789
vn 0.459772 0.092351 -0.883222
vn 0.459772 0.092351 -0.883222
vn 0.459772 0.092351 -0.883222
vn 0.459772 0.092351 -0.883222
vn 0.987891 0.155150 0.000000
vn 0.987891 0.155150 0.000000
vn 0.987891 0.155150 0.000000
vn 0.987891 0.155150 0.000000
vn 0.971169 0.238391 0.000000
vn 0.971169 0.238391 0.000000
vn 0.971169 0.238391 0.000000
vn 0.971169 0.238391 0.000000
vn 0.846689 0.532089 0.000000
vn 0.846689 0.532089 0.000000
vn 0.846689 0.532089 0.000000
vn 0.846689 0.532089 0.000000
vn 0.000000 1.000000 0.000000
vn 0.000000 1.000000 0.000000
vn 0.000000 1.000000 0.000000
vn 0.000000 1.000000 0.000000
vn 0.916085 0.400984 0.000000
vn 0.916085 0.400984 0.000000
vn 0.916085 0.400984 0.000000
vn 0.916085 0.400984 0.000000
vn 0.000000 1.000000 0.000000
vn 0.000000 1.000000 0.000000
vn 0.000000 1.000000 0.000000
vn 0.000000 1.000000 0.000000
vn 0.000000 1.000000 0.000000
vn 0.000000 1.000000 0.000000
vn 0.000000 1.000000 0.000000
vn 0.000000 1.000000 0.000000
vn 0.964197 0.265186 0.000000
vn 0.964197 0.265186 0.000000
vn 0.964197 0.265186 0.000000
vn 0.964197 0.265186 0.000000
vn 0.999962 0.008761 0.000000
vn 0.999962 0.008761 0.000000
vn 0.999962 0.008761 0.000000
vn 0.999962 0.008761 0.000000
vn 0.133185 -0.991091 0.000000
vn 0.133185 -0.991091 0.000000
vn 0.133185 -0.991091 0.000000
vn 0.133185 -0.991091 0.000000
vn 0.000000 1.000000 0.000000
vn 0.000000 1.000000 0.000000
vn 0.000000 1.000000 0.000000
vn 0.000000 1.000000 0.000000
vn 0.989118 0.108185 -0.099703
vn 0.988919 0.107692 -0.102189
vn 0.992009 0.119944 -0.039132
vn 0.992009 0.119944 -0.039132
vn 0.000000 1.000000 0.000000
vn 0.000000 1.000000 0.000000
vn 0.000000 1.000000 0.000000
vn 0.000000 1.000000 0.000000
vn 0.178815 -0.983440 0.029517
vn 0.178815 -0.983440 0.029517
vn 0.178815 -0.983440 0.029517
vn 0.178815 -0.983440 0.029517
vn 0.615305 0.788289 0.000000
vn 0.615305 0.788289 0.000000
vn 0.615305 0.788289 0.000000
vn 0.615305 0.788289 0.000000
vn 0.637726 -0.770263 0.000000
vn 0.637726 -0.770263 0.000000
vn 0.637726 -0.770263 0.000000
vn 0.637726 -0.770263 0.000000
vn 1.000000 0.000000 0.000000
vn 1.000000 0.000000 0.000000
vn 1.000000 0.000000 0.000000
vn 1.000000 0.000000 0.000000
vn 1.000000 0.000000 0.000000
vn 1.000000 0.000000 0.000000
vn 1.000000 0.000000 0.000000
vn 1.000000 0.000000 0.000000
vn 0.476247 0.879311 0.000000
vn 0.476247 0.879311 0.000000
vn 0.476247 0.879311 0.000000
vn 0.476247 0.879311 0.000000
vn 0.133186 -0.991091 0.000000
vn 0.133186 -0.991091 0.000000
vn 0.133186 -0.991091 0.000000
vn 0.133186 -0.991091 0.000000
vn -0.558095 0.829777 0.000000
vn -0.558095 0.829777 0.000000
vn -0.558095 0.829777 0.000000
vn -0.558094 0.829777 0.000000
vn -0.327711 0.944778 0.000000
vn -0.327711 0.944778 0.000000
vn -0.327711 0.944778 0.000000
vn -0.327711 0.944778 0.000000
vn -0.065177 0.997874 0.000000
vn -0.065177 0.997874 0.000000
vn -0.065177 0.997874 0.000000
vn -0.065177 0.997874 0.000000
vn 0.835782 0.549062 0.000000
vn 0.835782 0.549062 0.000000
vn 0.835782 0.549062 0.000000
vn 0.835782 0.549062 0.000000
vn 0.987891 0.155150 0.000000
vn 0.987891 0.155150 0.000000
vn 0.987891 0.155150 0.000000
vn 0.987891 0.155150 0.000000
vn 0.971169 0.238391 -0.000000
vn 0.971169 0.238391 -0.000000
vn 0.971169 0.238391 -0.000000
vn 0.971169 0.238391 -0.000000
vn 0.846688 0.532089 -0.000000
vn 0.846688 0.532089 -0.000000
vn 0.846688 0.532089 -0.000000
vn 0.846688 0.532089 -0.000000
vn 0.000000 1.000000 0.000000
vn 0.000000 1.000000 0.000000
vn 0.000000 1.000000 0.000000
vn 0.000000 1.000000 0.000000
vn 0.916085 0.400984 0.000000
vn 0.916085 0.400984 0.000000
vn 0.916085 0.400984 0.000000
vn 0.916085 0.400984 0.000000
vn 0.000000 1.000000 -0.000000
vn 0.000000 1.000000 -0.000000
vn 0.000000 1.000000 -0.000000
vn 0.000000 1.000000 -0.000000
vn 0.000000 1.000000 0.000000
vn 0.000000 1.000000 0.000000
vn 0.000000 1.000000 0.000000
vn 0.000000 1.000000 0.000000
vn 0.964197 0.265186 -0.000000
vn 0.964197 0.265186 -0.000000
vn 0.964197 0.265186 -0.000000
vn 0.964197 0.265186 -0.000000
vn 0.999955 0.009511 -0.000802
vn 0.999954 0.009511 -0.000802
vn 0.999953 0.009685 -0.000988
vn 0.999953 0.009685 -0.000988
vn 0.133185 -0.991091 0.000000
vn 0.133185 -0.991091 0.000000
vn 0.133185 -0.991091 0.000000
vn 0.133185 -0.991091 0.000000
vn 0.000000 1.000000 0.000000
vn 0.000000 1.000000 0.000000
vn 0.000000 1.000000 0.000000
vn 0.000000 1.000000 0.000000
vn 0.968078 0.209521 0.137575
vn 0.967586 0.213008 0.135668
vn 0.942956 0.324997 0.072180
vn 0.942956 0.324997 0.072180
vn 0.000000 1.000000 0.000000
vn 0.000000 1.000000 0.000000
vn 0.000000 1.000000 0.000000
vn 0.000000 1.000000 0.000000
vn 0.088645 -0.996063 -0.000000
vn 0.088645 -0.996063 -0.000000
vn 0.088645 -0.996063 -0.000000
vn 0.088645 -0.996063 -0.000000
vn 0.615305 0.788289 0.000000
vn 0.615305 0.788289 0.000000
vn 0.615305 0.788289 0.000000
vn 0.615305 0.788289 0.000000
vn 0.637726 -0.770263 -0.000000
vn 0.637726 -0.770263 -0.000000
vn 0.637726 -0.770263 -0.000000
vn 0.637726 -0.770263 -0.000000
vn 1.000000 0.000000 0.000000
vn 1.000000 0.000000 0.000000
vn 1.000000 0.000000 0.000000
vn 1.000000 0.000000 0.000000
vn 1.000000 0.000000 0.000000
vn 1.000000 0.000000 0.000000
vn 1.000000 0.000000 0.000000
vn 1.000000 0.000000 0.000000
vn 0.476248 0.879311 0.000000
vn 0.476248 0.879311 0.000000
vn 0.476248 0.879311 0.000000
vn 0.476248 0.879311 0.000000
vn 0.133186 -0.991091 -0.000000
vn 0.133186 -0.991091 -0.000000
vn 0.133186 -0.991091 -0.000000
vn 0.133186 -0.991091 -0.000000
vn -0.558095 0.829777 0.000000
vn -0.558095 0.829777 0.000000
vn -0.558095 0.829777 0.000000
vn -0.558095 0.829777 0.000000
vn -0.327711 0.944778 0.000000
vn -0.327711 0.944778 0.000000
vn -0.327711 0.944778 0.000000
vn -0.327711 0.944778 0.000000
vn -0.065177 0.997874 0.000000
vn -0.065177 0.997874 0.000000
vn -0.065177 0.997874 0.000000
vn -0.065177 0.997874 0.000000
vn 0.835782 0.549061 0.000000
vn 0.835782 0.549061 0.000000
vn 0.835782 0.549061 0.000000
vn 0.835782 0.549061 0.000000
vn 0.999962 0.008761 0.000000
vn 0.999962 0.008761 0.000000
vn 0.999962 0.008761 0.000000
vn 0.999962 0.008761 0.000000
vn 0.957369 -0.275600 0.086544
vn 0.957369 -0.275600 0.086544
vn 0.989007 -0.066608 0.132014
vn 0.987391 -0.095702 0.126093
vn 0.978205 0.107623 -0.177574
vn 0.976195 0.108695 -0.187693
vn 0.965340 0.113580 -0.234986
vn 0.965340 0.113580 -0.234986
vn 0.174421 -0.019148 -0.984485
vn 0.174421 -0.019148 -0.984485
vn 0.090189 0.098857 -0.991006
vn 0.090189 0.098857 -0.991006
vn -0.017232 0.637522 -0.770240
vn -0.017232 0.637522 -0.770240
vn 0.004152 0.998081 0.061786
vn 0.004152 0.998081 0.061786
vn 0.000000 1.000000 0.000000
vn 0.000000 1.000000 0.000000
vn 0.000000 1.000000 0.000000
vn 0.000000 1.000000 0.000000
vn 0.872781 0.442647 -0.205710
vn 0.873865 0.411788 -0.258439
vn 0.886961 0.432857 -0.161043
vn 0.886961 0.432857 -0.161043
vn 0.847325 0.393304 -0.356865
vn 0.915734 0.401708 -0.007859
vn 0.915308 0.402181 0.021463
vn 0.795992 0.430522 0.425496
vn 0.797429 0.417271 0.435880
vn 0.000000 1.000000 0.000000
vn 0.000000 1.000000 0.000000
vn 0.000000 1.000000 0.000000
vn 0.000000 1.000000 0.000000
vn 0.162131 -0.959683 -0.229615
vn 0.162131 -0.959683 -0.229615
vn 0.162131 -0.959683 -0.229615
vn 0.162131 -0.959683 -0.229615
vn 0.218993 -0.975552 -0.018466
vn 0.218993 -0.975552 -0.018466
vn 0.218993 -0.975552 -0.018466
vn 0.218993 -0.975552 -0.018466
vn 0.209252 -0.977110 0.038346
vn 0.209252 -0.977110 0.038346
vn 0.209252 -0.977110 0.038346
vn 0.209252 -0.977110 0.038346
vn 0.187712 -0.981326 -0.042002
vn 0.187712 -0.981326 -0.042002
vn 0.187712 -0.981326 -0.042002
vn 0.187712 -0.981326 -0.042002
vn 0.183987 -0.981821 0.046656
vn 0.183987 -0.981821 0.046656
vn 0.183987 -0.981821 0.046656
vn 0.183987 -0.981821 0.046656
vn 0.133186 -0.991091 0.000000
vn 0.133186 -0.991091 0.000000
vn 0.133185 -0.991091 0.000000
vn 0.133185 -0.991091 0.000000
vn 0.133185 -0.991091 0.000000
vn 0.133185 -0.991091 0.000000
vn 0.133186 -0.991091 0.000000
vn 0.133186 -0.991091 0.000000
vn 0.133185 -0.991091 0.000000
vn 0.133185 -0.991091 0.000000
vn 0.133185 -0.991091 0.000000
vn 0.133185 -0.991091 0.000000
vn 0.133186 -0.991091 0.000000
vn 0.133186 -0.991091 0.000000
vn 0.133186 -0.991091 0.000000
vn 0.133186 -0.991091 0.000000
vn 0.835782 0.549062 -0.000000
vn 0.835782 0.549062 -0.000000
vn 0.835782 0.549062 -0.000000
vn 0.835782 0.549062 -0.000000
vn -0.065177 0.997874 0.000000
vn -0.065177 0.997874 0.000000
vn -0.065177 0.997874 0.000000
vn -0.065177 0.997874 0.000000
vn 0.637726 -0.770263 0.000000
vn 0.637726 -0.770263 0.000000
vn 0.637726 -0.770263 0.000000
vn 0.637726 -0.770263 0.000000
vn 0.000000 1.000000 0.000000
vn 0.000000 1.000000 0.000000
vn 0.000000 1.000000 0.000000
vn 0.000000 1.000000 0.000000
vn 0.000000 1.000000 0.000000
vn 0.000000 1.000000 0.000000
vn 0.000000 1.000000 0.000000
vn 0.000000 1.000000 0.000000
vn 0.000000 1.000000 0.000000
vn 0.000000 1.000000 0.000000
vn 0.000000 1.000000 0.000000
vn 0.000000 1.000000 0.000000
vn 0.987891 0.155150 -0.000000
vn 0.987891 0.155150 -0.000000
vn 0.987891 0.155150 -0.000000
vn 0.987891 0.155150 -0.000000
vn 0.971169 0.238391 0.000000
vn 0.971169 0.238391 0.000000
vn 0.971169 0.238391 0.000000
vn 0.971169 0.238391 0.000000
vn 0.964197 0.265186 0.000000
vn 0.964197 0.265186 0.000000
vn 0.964197 0.265186 0.000000
vn 0.964197 0.265186 0.000000
vn 0.846688 0.532089 0.000000
vn 0.846688 0.532089 0.000000
vn 0.846688 0.532089 0.000000
vn 0.846688 0.532089 0.000000
vn 0.916085 0.400985 -0.000000
vn 0.916085 0.400985 -0.000000
vn 0.916085 0.400985 -0.000000
vn 0.916085 0.400985 -0.000000
vn 1.000000 0.000000 0.000000
vn 1.000000 0.000000 0.000000
vn 1.000000 0.000000 0.000000
vn 1.000000 0.000000 0.000000
vn 1.000000 0.000000 0.000000
vn 1.000000 0.000000 0.000000
vn 1.000000 0.000000 0.000000
vn 1.000000 0.000000 0.000000
vn 0.476248 0.879311 0.000000
vn 0.476248 0.879311 0.000000
vn 0.476248 0.879311 0.000000
vn 0.476248 0.879311 0.000000
vn -0.558094 0.829778 0.000000
vn -0.558094 0.829778 0.000000
vn -0.558094 0.829778 0.000000
vn -0.558094 0.829778 0.000000
vn -0.327711 0.944778 -0.000000
vn -0.327711 0.944778 -0.000000
vn -0.327711 0.944778 -0.000000
vn -0.327711 0.944778 -0.000000
vn 0.987891 0.155150 -0.000000
vn 0.987891 0.155150 -0.000000
vn 0.987891 0.155150 -0.000000
vn 0.987891 0.155150 -0.000000
vn 0.971169 0.238391 0.000000
vn 0.971169 0.238391 0.000000
vn 0.971169 0.238390 -0.000000
vn 0.971169 0.238390 -0.000000
vn 0.846689 0.532089 -0.000000
vn 0.846689 0.532089 -0.000000
vn 0.846688 0.532089 -0.000000
vn 0.846688 0.532089 -0.000000
vn 0.000000 1.000000 0.000000
vn 0.000000 1.000000 0.000000
vn 0.000000 1.000000 0.000000
vn 0.000000 1.000000 0.000000
vn 0.916085 0.400984 0.000000
vn 0.916085 0.400984 0.000000
vn 0.916085 0.400984 0.000000
vn 0.916085 0.400984 0.000000
vn 0.000000 1.000000 -0.000000
vn 0.000000 1.000000 -0.000000
vn 0.000000 1.000000 -0.000000
vn 0.000000 1.000000 -0.000000
vn 0.000000 1.000000 0.000000
vn 0.000000 1.000000 0.000000
vn 0.000000 1.000000 0.000000
vn 0.000000 1.000000 0.000000
vn 0.964197 0.265186 0.000000
vn 0.964197 0.265186 0.000000
vn 0.964197 0.265186 -0.000000
vn 0.964197 0.265186 -0.000000
vn 0.999962 0.008761 0.000000
vn 0.999962 0.008761 0.000000
vn 0.999962 0.008761 0.000000
vn 0.999962 0.008761 0.000000
vn 0.133186 -0.991091 0.000000
vn 0.133186 -0.991091 0.000000
vn 0.133186 -0.991091 0.000000
vn 0.133186 -0.991091 0.000000
vn 0.000000 1.000000 0.000000
vn -0.000000 1.000000 0.000000
vn -0.000000 1.000000 -0.000000
vn 0.000000 1.000000 0.000000
vn 0.999985 0.005396 0.000000
vn 0.999985 0.005396 -0.000000
vn 0.999985 0.005396 -0.000000
vn 0.999985 0.005396 -0.000000
vn 0.000000 1.000000 0.000000
vn 0.000000 1.000000 0.000000
vn 0.000000 1.000000 0.000000
vn 0.000000 1.000000 0.000000
vn 0.088645 -0.996063 -0.000000
vn 0.088645 -0.996063 0.000000
vn 0.088645 -0.996063 -0.000000
vn 0.088645 -0.996063 -0.000000
vn 0.615305 0.788289 0.000000
vn 0.615305 0.788289 -0.000000
vn 0.615305 0.788289 0.000000
vn 0.615305 0.788289 0.000000
vn 0.637726 -0.770263 0.000000
vn 0.637726 -0.770263 0.000000
vn 0.637726 -0.770263 0.000000
vn 0.637726 -0.770263 0.000000
vn 1.000000 0.000000 0.000000
vn 1.000000 0.000000 0.000000
vn 1.000000 0.000000 0.000000
vn 1.000000 0.000000 0.000000
vn 1.000000 0.000000 0.000000
vn 1.000000 0.000000 0.000000
vn 1.000000 0.000000 0.000000
vn 1.000000 0.000000 0.000000
vn 0.476248 0.879311 0.000000
vn 0.476248 0.879311 0.000000
vn 0.476248 0.879311 0.000000
vn 0.476248 0.879311 0.000000
vn 0.133186 -0.991091 0.000000
vn 0.133186 -0.991091 -0.000000
vn 0.133186 -0.991091 -0.000000
vn 0.133186 -0.991091 -0.000000
vn -0.558094 0.829778 0.000000
vn -0.558094 0.829778 0.000000
vn -0.558094 0.829778 0.000000
vn -0.558094 0.829778 0.000000
vn -0.327711 0.944778 -0.000000
vn -0.327711 0.944778 -0.000000
vn -0.327711 0.944778 0.000000
vn -0.327711 0.944778 0.000000
vn -0.065177 0.997874 0.000000
vn -0.065177 0.997874 0.000000
vn -0.065177 0.997874 0.000000
vn -0.065177 0.997874 0.000000
vn 0.835782 0.549061 -0.000000
vn 0.835782 0.549061 0.000000
vn 0.835782 0.549061 0.000000
vn 0.835782 0.549061 0.000000
vn 0.000000 1.000000 0.000000
vn 0.000000 1.000000 0.000000
vn 0.000000 1.000000 0.000000
vn 0.000000 1.000000 0.000000
vn 0.000000 1.000000 0.000000
vn 0.000000 1.000000 0.000000
vn 0.987891 0.155150 0.000000
vn 0.987891 0.155150 0.000000
vn 0.971169 0.238391 0.000000
vn 0.971169 0.238391 0.000000
vn 0.964197 0.265186 0.000000
vn 0.964197 0.265186 0.000000
vn 0.846688 0.532089 0.000000
vn 0.846688 0.532089 0.000000
vn 0.916085 0.400984 0.000000
vn 0.916085 0.400984 0.000000
vn 1.000000 0.000000 0.000000
vn 1.000000 0.000000 0.000000
vn 1.000000 0.000000 0.000000
vn 1.000000 0.000000 0.000000
vn 0.476247 0.879311 0.000000
vn 0.476247 0.879311 0.000000
vn -0.558094 0.829777 0.000000
vn -0.558094 0.829777 0.000000
vn -0.327711 0.944778 -0.000000
vn -0.327711 0.944778 -0.000000
vn 0.835782 0.549062 -0.000000
vn 0.835782 0.549062 -0.000000
vn -0.065177 0.997874 0.000000
vn -0.065177 0.997874 0.000000
vn 0.637726 -0.770263 0.000000
vn 0.637726 -0.770263 0.000000
vn 0.133186 -0.991091 0.000000
vn 0.133186 -0.991091 0.000000
vn 0.133186 -0.991091 0.000000
vn 0.133186 -0.991091 0.000000
vn 0.088645 -0.996063 0.000000
vn 0.088645 -0.996063 0.000000
vn 0.999985 0.005396 0.000000
vn 0.999986 0.005396 0.000000
vn 0.000000 1.000000 0.000000
vn -0.000000 1.000000 0.000000
vn 0.000000 1.000000 0.000000
vn 0.000000 1.000000 0.000000
vn 0.615305 0.788289 -0.000000
vn 0.615305 0.788289 -0.000000
vn 0.999962 0.008761 0.000000
vn 0.999962 0.008761 0.000000
vn 0.000000 1.000000 0.000000
vn 0.000000 1.000000 0.000000
vn 0.000000 1.000000 0.000000
vn 0.000000 1.000000 0.000000
vn 0.000000 1.000000 0.000000
vn 0.000000 1.000000 0.000000
vn 0.000000 1.000000 0.000000
vn 0.000000 1.000000 0.000000
vn 0.000000 1.000000 0.000000
vn 0.000000 1.000000 0.000000
vn 0.000000 1.000000 0.000000
vn 0.000000 1.000000 0.000000
vn 0.987891 0.155150 0.000000
vn 0.987891 0.155150 0.000000
vn 0.987891 0.155150 0.000000
vn 0.987891 0.155150 0.000000
vn 0.971169 0.238390 0.000000
vn 0.971169 0.238390 0.000000
vn 0.971169 0.238390 0.000000
vn 0.971169 0.238390 0.000000
vn 0.964197 0.265186 0.000000
vn 0.964197 0.265186 0.000000
vn 0.964197 0.265186 0.000000
vn 0.964197 0.265186 0.000000
vn 0.846688 0.532089 -0.000000
vn 0.846688 0.532089 -0.000000
vn 0.846689 0.532089 -0.000000
vn 0.846688 0.532089 -0.000000
vn 0.916085 0.400984 -0.000000
vn 0.916085 0.400984 -0.000000
vn 0.916085 0.400984 -0.000000
vn 0.916085 0.400984 -0.000000
vn 1.000000 0.000000 0.000000
vn 1.000000 0.000000 0.000000
vn 1.000000 0.000000 0.000000
vn 1.000000 0.000000 0.000000
vn 1.000000 0.000000 0.000000
vn 1.000000 0.000000 0.000000
vn 1.000000 0.000000 0.000000
vn 1.000000 0.000000 0.000000
vn 0.476248 0.879311 0.000000
vn 0.476248 0.879311 0.000000
vn 0.476248 0.879311 0.000000
vn 0.476248 0.879311 0.000000
vn -0.558094 0.829777 0.000000
vn -0.558094 0.829777 0.000000
vn -0.558094 0.829778 0.000000
vn -0.558094 0.829777 0.000000
vn -0.327711 0.944778 0.000000
vn -0.327711 0.944778 0.000000
vn -0.327711 0.944778 0.000000
vn -0.327711 0.944778 0.000000
vn 0.835782 0.549061 0.000000
vn 0.835782 0.549061 0.000000
vn 0.835782 0.549061 0.000000
vn 0.835782 0.549061 0.000000
vn -0.065177 0.997874 0.000000
vn -0.065177 0.997874 0.000000
vn -0.065177 0.997874 0.000000
vn -0.065177 0.997874 0.000000
vn 0.637726 -0.770263 0.000000
vn 0.637726 -0.770263 0.000000
vn 0.637726 -0.770263 0.000000
vn 0.637726 -0.770263 0.000000
vn 0.133186 -0.991091 0.000000
vn 0.133186 -0.991091 0.000000
vn 0.133186 -0.991091 0.000000
vn 0.133186 -0.991091 0.000000
vn 0.133185 -0.991091 0.000000
vn 0.133185 -0.991091 0.000000
vn 0.133185 -0.991091 0.000000
vn 0.133185 -0.991091 0.000000
vn 0.088645 -0.996063 0.000000
vn 0.088645 -0.996063 0.000000
vn 0.088645 -0.996063 0.000000
vn 0.088645 -0.996063 0.000000
vn 0.999985 0.005396 0.000000
vn 0.999986 0.005396 0.000000
vn 0.999986 0.005396 0.000000
vn 0.999986 0.005396 0.000000
vn 0.000000 1.000000 0.000000
vn -0.000000 1.000000 0.000000
vn -0.000000 1.000000 0.000000
vn 0.000000 1.000000 0.000000
vn 0.000000 1.000000 0.000000
vn 0.000000 1.000000 0.000000
vn 0.000000 1.000000 0.000000
vn 0.000000 1.000000 0.000000
vn 0.615305 0.788289 0.000000
vn 0.615305 0.788289 0.000000
vn 0.615305 0.788289 0.000000
vn 0.615305 0.788289 0.000000
vn 0.999962 0.008761 0.000000
vn 0.999962 0.008761 0.000000
vn 0.999962 0.008761 0.000000
vn 0.999962 0.008761 0.000000
vn 0.000000 1.000000 0.000000
vn 0.000000 1.000000 0.000000
vn 0.000000 1.000000 -0.000000
vn -0.000000 1.000000 0.000000
vn -0.000000 1.000000 0.000000
vn 0.000001 1.000000 0.000000
vn 0.000001 1.000000 0.000000
vn 0.000001 1.000000 -0.000000
vn 0.000001 1.000000 0.000000
vn 0.000001 1.000000 0.000000
vn 0.999962 0.008761 0.000000
vn 0.999962 0.008761 0.000000
vn 0.999962 0.008761 0.000000
vn 0.999962 0.008761 0.000000
vn 0.999962 0.008761 0.000000
vn 0.999985 0.005396 0.000000
vn 0.999986 0.005396 0.000000
vn 0.999986 0.005396 0.000000
vn 0.999986 0.005396 0.000000
vn 0.999986 0.005396 0.000000
vn 0.999986 0.005396 0.000000
vn 0.999986 0.005396 0.000000
vn 0.999986 0.005395 -0.000000
vn 0.999986 0.005395 0.000000
vn 0.999986 0.005395 0.000000
vn 0.987891 0.155150 -0.000000
vn 0.987891 0.155150 -0.000000
vn 0.987891 0.155150 -0.000000
vn 0.987891 0.155150 -0.000000
vn 0.971169 0.238390 0.000000
vn 0.971169 0.238390 0.000000
vn 0.971170 0.238390 -0.000000
vn 0.971170 0.238390 -0.000000
vn 0.846688 0.532089 0.000000
vn 0.846688 0.532089 0.000000
vn 0.846688 0.532089 -0.000000
vn 0.846688 0.532089 -0.000000
vn 0.000000 1.000000 0.000000
vn 0.000000 1.000000 0.000000
vn 0.000000 1.000000 0.000000
vn 0.000000 1.000000 0.000000
vn 0.916085 0.400984 0.000000
vn 0.916085 0.400984 0.000000
vn 0.916085 0.400984 0.000000
vn 0.916085 0.400984 0.000000
vn 0.000000 1.000000 0.000000
vn 0.000000 1.000000 0.000000
vn 0.000000 1.000000 -0.000000
vn 0.000000 1.000000 -0.000000
vn 0.000000 1.000000 0.000000
vn 0.000000 1.000000 0.000000
vn 0.000000 1.000000 0.000000
vn 0.000000 1.000000 0.000000
vn 0.964197 0.265186 0.000000
vn 0.964197 0.265186 0.000000
vn 0.964197 0.265186 -0.000000
vn 0.964197 0.265186 -0.000000
vn 0.999962 0.008761 0.000000
vn 0.999962 0.008761 0.000000
vn 0.999962 0.008761 0.000000
vn 0.999962 0.008761 0.000000
vn 0.133186 -0.991091 0.000000
vn 0.133186 -0.991091 0.000000
vn 0.133186 -0.991091 0.000000
vn 0.133186 -0.991091 0.000000
vn 0.000000 1.000000 0.000000
vn -0.000000 1.000000 0.000000
vn -0.000000 1.000000 -0.000000
vn 0.000000 1.000000 0.000000
vn 0.999985 0.005396 0.000000
vn 0.999985 0.005396 -0.000000
vn 0.999985 0.005396 -0.000000
vn 0.999986 0.005396 0.000000
vn 0.000000 1.000000 0.000000
vn 0.000000 1.000000 0.000000
vn 0.000000 1.000000 0.000000
vn 0.000000 1.000000 0.000000
vn 0.088645 -0.996063 -0.000000
vn 0.088645 -0.996063 0.000000
vn 0.088645 -0.996063 -0.000000
vn 0.088645 -0.996063 -0.000000
vn 0.615305 0.788289 0.000000
vn 0.615305 0.788289 -0.000000
vn 0.615305 0.788289 0.000000
vn 0.615305 0.788289 0.000000
vn 0.637726 -0.770263 0.000000
vn 0.637726 -0.770263 0.000000
vn 0.637726 -0.770263 0.000000
vn 0.637726 -0.770263 0.000000
vn 1.000000 0.000000 0.000000
vn 1.000000 0.000000 0.000000
vn 1.000000 0.000000 0.000000
vn 1.000000 0.000000 0.000000
vn 1.000000 0.000000 0.000000
vn 1.000000 0.000000 0.000000
vn 1.000000 0.000000 0.000000
vn 1.000000 0.000000 0.000000
vn 0.476248 0.879311 0.000000
vn 0.476248 0.879311 0.000000
vn 0.476247 0.879312 0.000000
vn 0.476247 0.879312 0.000000
vn 0.133186 -0.991091 0.000000
vn 0.133186 -0.991091 -0.000000
vn 0.133186 -0.991091 -0.000000
vn 0.133186 -0.991091 -0.000000
vn -0.558094 0.829778 0.000000
vn -0.558094 0.829777 0.000000
vn -0.558094 0.829778 0.000000
vn -0.558094 0.829778 0.000000
vn -0.327711 0.944778 0.000000
vn -0.327711 0.944778 0.000000
vn -0.327711 0.944778 0.000000
vn -0.327711 0.944778 0.000000
vn -0.065177 0.997874 0.000000
vn -0.065177 0.997874 0.000000
vn -0.065177 0.997874 0.000000
vn -0.065177 0.997874 0.000000
vn 0.835782 0.549062 -0.000000
vn 0.835782 0.549062 0.000000
vn 0.835782 0.549062 0.000000
vn 0.835782 0.549062 0.000000
vn 0.000000 1.000000 0.000000
vn 0.000000 1.000000 0.000000
vn 0.000000 1.000000 0.000000
vn 0.000000 1.000000 0.000000
vn 0.000000 1.000000 0.000000
vn 0.000000 1.000000 0.000000
vn 0.987891 0.155150 0.000000
vn 0.987891 0.155150 0.000000
vn 0.971169 0.238391 0.000000
vn 0.971169 0.238391 0.000000
vn 0.964197 0.265186 0.000000
vn 0.964197 0.265186 0.000000
vn 0.846688 0.532089 0.000000
vn 0.846688 0.532089 0.000000
vn 0.916085 0.400984 0.000000
vn 0.916085 0.400984 0.000000
vn 1.000000 0.000000 0.000000
vn 1.000000 0.000000 0.000000
vn 1.000000 0.000000 0.000000
vn 1.000000 0.000000 0.000000
vn 0.476248 0.879311 0.000000
vn 0.476248 0.879311 0.000000
vn -0.558095 0.829777 0.000000
vn -0.558095 0.829777 0.000000
vn -0.327711 0.944778 -0.000000
vn -0.327711 0.944778 -0.000000
vn 0.835782 0.549062 -0.000000
vn 0.835782 0.549062 -0.000000
vn -0.065177 0.997874 0.000000
vn -0.065177 0.997874 0.000000
vn 0.637726 -0.770263 0.000000
vn 0.637726 -0.770263 0.000000
vn 0.133186 -0.991091 0.000000
vn 0.133186 -0.991091 0.000000
vn 0.133186 -0.991091 0.000000
vn 0.133186 -0.991091 0.000000
vn 0.088645 -0.996063 0.000000
vn 0.088645 -0.996063 0.000000
vn 0.999986 0.005396 0.000000
vn 0.999985 0.005396 0.000000
vn 0.000000 1.000000 0.000000
vn -0.000000 1.000000 0.000000
vn 0.000000 1.000000 0.000000
vn 0.000000 1.000000 0.000000
vn 0.615305 0.788289 -0.000000
vn 0.615305 0.788289 -0.000000
vn 0.999962 0.008761 0.000000
vn 0.999962 0.008761 0.000000
vn 0.000000 1.000000 0.000000
vn 0.000000 1.000000 0.000000
vn 0.000000 1.000000 0.000000
vn 0.000000 1.000000 0.000000
vn 0.000000 1.000000 0.000000
vn 0.000000 1.000000 0.000000
vn 0.000000 1.000000 0.000000
vn 0.000000 1.000000 0.000000
vn 0.000000 1.000000 0.000000
vn 0.000000 1.000000 0.000000
vn 0.000000 1.000000 0.000000
vn 0.000000 1.000000 0.000000
vn 0.987891 0.155150 0.000000
vn 0.987891 0.155150 0.000000
vn 0.987891 0.155150 0.000000
vn 0.987891 0.155150 0.000000
vn 0.971170 0.238390 0.000000
vn 0.971170 0.238390 0.000000
vn 0.971170 0.238390 0.000000
vn 0.971170 0.238390 0.000000
vn 0.964197 0.265186 0.000000
vn 0.964197 0.265186 0.000000
vn 0.964197 0.265186 0.000000
vn 0.964197 0.265186 0.000000
vn 0.846688 0.532089 -0.000000
vn 0.846688 0.532089 -0.000000
vn 0.846688 0.532089 -0.000000
vn 0.846688 0.532089 -0.000000
vn 0.916085 0.400984 -0.000000
vn 0.916085 0.400984 -0.000000
vn 0.916085 0.400984 -0.000000
vn 0.916085 0.400984 -0.000000
vn 1.000000 0.000000 0.000000
vn 1.000000 0.000000 0.000000
vn 1.000000 0.000000 0.000000
vn 1.000000 0.000000 0.000000
vn 1.000000 0.000000 0.000000
vn 1.000000 0.000000 0.000000
vn 1.000000 0.000000 0.000000
vn 1.000000 0.000000 0.000000
vn 0.476249 0.879311 0.000000
vn 0.476249 0.879311 0.000000
vn 0.476249 0.879311 0.000000
vn 0.476249 0.879311 0.000000
vn -0.558094 0.829778 0.000000
vn -0.558094 0.829778 0.000000
vn -0.558094 0.829778 0.000000
vn -0.558094 0.829778 0.000000
vn -0.327710 0.944778 0.000000
vn -0.327710 0.944778 0.000000
vn -0.327710 0.944778 0.000000
vn -0.327710 0.944778 0.000000
vn 0.835782 0.549062 0.000000
vn 0.835782 0.549062 0.000000
vn 0.835782 0.549062 0.000000
vn 0.835782 0.549062 0.000000
vn -0.065177 0.997874 0.000000
vn -0.065177 0.997874 0.000000
vn -0.065177 0.997874 0.000000
vn -0.065177 0.997874 0.000000
vn 0.637726 -0.770263 0.000000
vn 0.637726 -0.770263 0.000000
vn 0.637726 -0.770263 0.000000
vn 0.637726 -0.770263 0.000000
vn 0.133186 -0.991091 0.000000
vn 0.133186 -0.991091 0.000000
vn 0.133186 -0.991091 0.000000
vn 0.133186 -0.991091 0.000000
vn 0.133186 -0.991091 0.000000
vn 0.133186 -0.991091 0.000000
vn 0.133186 -0.991091 0.000000
vn 0.133186 -0.991091 0.000000
vn 0.088645 -0.996063 0.000000
vn 0.088645 -0.996063 0.000000
vn 0.088645 -0.996063 0.000000
vn 0.088645 -0.996063 0.000000
vn 0.999985 0.005396 0.000000
vn 0.999985 0.005396 0.000000
vn 0.999986 0.005396 0.000000
vn 0.999986 0.005396 0.000000
vn 0.000000 1.000000 0.000000
vn -0.000000 1.000000 0.000000
vn -0.000000 1.000000 0.000000
vn 0.000000 1.000000 0.000000
vn 0.000000 1.000000 0.000000
vn 0.000000 1.000000 0.000000
vn 0.000000 1.000000 0.000000
vn 0.000000 1.000000 0.000000
vn 0.615305 0.788289 0.000000
vn 0.615305 0.788289 0.000000
vn 0.615305 0.788289 0.000000
vn 0.615305 0.788289 0.000000
vn 0.999962 0.008761 0.000000
vn 0.999962 0.008761 0.000000
vn 0.999962 0.008761 0.000000
vn 0.999962 0.008761 0.000000
vn 0.000000 1.000000 0.000000
vn 0.000000 1.000000 0.000000
vn 0.000000 1.000000 -0.000000
vn 0.000000 1.000000 0.000000
vn 0.000000 1.000000 0.000000
vn 0.000001 1.000000 0.000000
vn 0.000001 1.000000 0.000000
vn 0.000001 1.000000 -0.000000
vn 0.000001 1.000000 0.000000
vn 0.000001 1.000000 0.000000
vn 0.999962 0.008761 0.000000
vn 0.999962 0.008761 0.000000
vn 0.999962 0.008761 0.000000
vn 0.999962 0.008761 0.000000
vn 0.999962 0.008761 0.000000
vn 0.999985 0.005396 0.000000
vn 0.999985 0.005396 0.000000
vn 0.999986 0.005396 0.000000
vn 0.999986 0.005396 0.000000
vn 0.999986 0.005396 0.000000
vn 0.999986 0.005396 0.000000
vn 0.999986 0.005396 0.000000
vn 0.999986 0.005395 -0.000000
vn 0.999986 0.005395 0.000000
vn 0.999986 0.005395 0.000000
vn 0.907548 -0.160666 0.388000
vn 0.907548 -0.160666 0.388000
vn 0.907548 -0.160666 0.388000
vn 0.907548 -0.160666 0.388000
vn 0.851795 0.180194 -0.491910
vn 0.851795 0.180194 -0.491910
vn 0.851795 0.180194 -0.491910
vn 0.851795 0.180194 -0.491911
vn 0.803111 0.594994 0.031529
vn 0.802870 0.595427 0.029452
vn 0.757822 0.625287 -0.186338
vn 0.757822 0.625287 -0.186338
vn 0.918258 0.196240 -0.343935
vn 0.918258 0.196240 -0.343935
vn 0.918258 0.196240 -0.343935
vn 0.918258 0.196240 -0.343935
vn 0.904270 0.214109 0.369396
vn 0.904270 0.214109 0.369396
vn 0.904270 0.214109 0.369396
vn 0.904270 0.214109 0.369396
vn 0.997394 -0.003570 -0.072062
vn 0.997394 -0.003570 -0.072062
vn 0.997394 -0.003570 -0.072062
vn 0.126171 -0.010220 -0.991956
vn 0.126171 -0.010220 -0.991956
vn 0.126171 -0.010220 -0.991956
vn 0.126171 -0.010220 -0.991956
vn 0.999172 0.004719 0.040401
vn 0.999173 0.004719 0.040401
vn 0.999172 0.004719 0.040401
vn 0.999172 0.004719 0.040401
vn 0.950198 0.165743 -0.263918
vn 0.950198 0.165743 -0.263918
vn 0.950198 0.165743 -0.263918
vn 0.950198 0.165743 -0.263918
vn 0.911801 0.184874 0.366660
vn 0.911801 0.184874 0.366660
vn 0.911801 0.184875 0.366660
vn 0.911801 0.184874 0.366660
vn 0.999386 0.004771 -0.034717
vn 0.999386 0.004771 -0.034717
vn 0.999386 0.004771 -0.034717
vn 0.999386 0.004771 -0.034717
vn 0.174412 -0.018878 -0.984492
vn 0.174412 -0.018880 -0.984492
vn 0.174404 -0.018339 -0.984503
vn 0.174404 -0.018339 -0.984503
vn -0.006318 0.998204 -0.059573
vn -0.006318 0.998204 -0.059573
vn -0.006318 0.998204 -0.059573
vn -0.006318 0.998204 -0.059573
vn 0.000000 0.998038 -0.062611
vn 0.000000 0.998038 -0.062611
vn 0.000000 0.998038 -0.062611
vn 0.000000 0.998038 -0.062611
vn 0.829731 0.317624 0.458978
vn 0.829731 0.317624 0.458978
vn 0.829731 0.317624 0.458978
vn 0.937257 -0.018191 -0.348163
vn 0.937257 -0.018191 -0.348163
vn 0.937257 -0.018191 -0.348164
vn 0.995676 0.001438 -0.092885
vn 0.995676 0.001438 -0.092885
vn 0.995676 0.001438 -0.092885
vn 0.995676 0.001438 -0.092885
vn 0.800280 0.006123 -0.599595
vn 0.800280 0.006123 -0.599595
vn 0.800280 0.006123 -0.599595
vn 0.800280 0.006123 -0.599595
vn 0.995280 0.008957 0.096631
vn 0.995280 0.008957 0.096631
vn 0.995280 0.008957 0.096631
vn 0.995280 0.008957 0.096631
vn -0.050669 0.022521 0.998462
vn -0.050669 0.022521 0.998462
vn -0.050669 0.022521 0.998462
vn -0.050669 0.022521 0.998462
vn 0.089728 0.085140 -0.992321
vn 0.089750 0.085781 -0.992263
vn 0.088697 0.056099 -0.994478
vn 0.088697 0.056099 -0.994478
vn -0.004286 0.998050 0.062277
vn -0.004286 0.998050 0.062277
vn -0.004286 0.998050 0.062277
vn -0.004286 0.998050 0.062277
vn -0.028160 0.503129 -0.863753
vn -0.021339 0.589619 -0.807400
vn -0.020639 0.597991 -0.801237
vn -0.028160 0.503129 -0.863753
vn 0.063597 0.111766 -0.991697
vn 0.063597 0.111766 -0.991697
vn 0.063597 0.111766 -0.991698
vn 0.063597 0.111766 -0.991698
vn 0.997952 -0.014651 0.062273
vn 0.997952 -0.014651 0.062273
vn 0.997952 -0.014651 0.062273
vn 0.852528 0.010681 0.522573
vn 0.852528 0.010681 0.522573
vn 0.852528 0.010681 0.522573
vn 0.852528 0.010681 0.522573
vn 0.820632 -0.010121 0.571368
vn 0.820632 -0.010121 0.571368
vn 0.820632 -0.010121 0.571368
vn 0.912626 0.159189 -0.376527
vn 0.912626 0.159189 -0.376527
vn 0.912626 0.159189 -0.376527
vn 0.912626 0.159189 -0.376527
vn 0.155390 0.014829 0.987742
vn 0.155390 0.014829 0.987742
vn 0.155390 0.014829 0.987742
vn 0.155390 0.014829 0.987742
vn 0.928317 0.198389 -0.314435
vn 0.928317 0.198389 -0.314435
vn 0.928317 0.198389 -0.314435
vn 0.928317 0.198389 -0.314435
vn 0.732328 0.114842 -0.671198
vn 0.732328 0.114842 -0.671198
vn 0.732328 0.114842 -0.671198
vn 0.732328 0.114842 -0.671198
vn 0.121953 0.659804 0.741476
vn 0.121953 0.659804 0.741476
vn 0.121953 0.659804 0.741476
vn 0.121953 0.659804 0.741476
vn 0.000000 0.668208 0.743974
vn 0.000000 0.668208 0.743974
vn 0.000000 0.668208 0.743974
vn 0.000000 0.668208 0.743974
vn 0.004017 0.998126 0.061054
vn 0.004045 0.998117 0.061203
vn 0.003823 0.998191 0.059994
vn 0.003823 0.998191 0.059994
vn -0.144034 0.015960 0.989444
vn -0.144034 0.015960 0.989444
vn -0.144034 0.015960 0.989444
vn -0.144034 0.015960 0.989444
vn 0.070754 0.711136 -0.699485
vn 0.070754 0.711136 -0.699485
vn 0.070754 0.711136 -0.699485
vn 0.070754 0.711136 -0.699485
vn 0.899247 0.187315 0.395308
vn 0.899247 0.187315 0.395308
vn 0.899247 0.187315 0.395308
vn 0.899247 0.187315 0.395308
vn 0.892290 0.203598 0.402948
vn 0.892290 0.203598 0.402948
vn 0.892290 0.203598 0.402948
vn 0.892290 0.203598 0.402948
vn 0.704729 0.500604 -0.502745
vn 0.704729 0.500604 -0.502745
vn 0.704729 0.500604 -0.502745
vn 0.604550 0.016859 0.796389
vn 0.604550 0.016859 0.796389
vn 0.604550 0.016859 0.796389
vn 0.604550 0.016859 0.796389
vn 0.702027 -0.013004 -0.712032
vn 0.702027 -0.013004 -0.712032
vn 0.702027 -0.013004 -0.712032
vn 0.702027 -0.013004 -0.712032
vn 0.657987 0.367694 -0.657156
vn 0.657987 0.367694 -0.657156
vn 0.657987 0.367694 -0.657156
vn 0.657987 0.367694 -0.657156
vn 0.690050 0.480567 0.541190
vn 0.690050 0.480567 0.541190
vn 0.690050 0.480567 0.541190
vn 0.690050 0.480567 0.541190
vn 0.665475 0.019434 -0.746167
vn 0.665475 0.019434 -0.746167
vn 0.665475 0.019434 -0.746167
vn 0.665475 0.019434 -0.746167
vn 0.602518 0.785715 0.140086
vn 0.602518 0.785715 0.140086
vn 0.602518 0.785715 0.140086
vn 0.602518 0.785715 0.140086
vn 0.652418 0.740865 -0.159595
vn 0.652418 0.740865 -0.159595
vn 0.652418 0.740865 -0.159595
vn 0.652418 0.740865 -0.159595
vn 0.637948 0.036509 0.769214
vn 0.637948 0.036509 0.769214
vn 0.637948 0.036509 0.769214
vn 0.637948 0.036509 0.769214
vn 0.839143 0.015499 0.543690
vn 0.839143 0.015499 0.543690
vn 0.839143 0.015499 0.543690
vn 0.839143 0.015499 0.543690
vn 0.142135 -0.008319 0.989812
vn 0.142135 -0.008319 0.989812
vn 0.142135 -0.008319 0.989812
vn 0.142135 -0.008319 0.989812
vn 0.547565 0.000322 -0.836763
vn 0.547565 0.000322 -0.836763
vn 0.547565 0.000322 -0.836763
vn 0.547566 0.000322 -0.836763
vn 0.499244 0.015861 0.866316
vn 0.499244 0.015861 0.866316
vn 0.499244 0.015861 0.866316
vn 0.499244 0.015861 0.866316
vn 0.542527 0.531552 0.650474
vn 0.542527 0.531552 0.650474
vn 0.542527 0.531552 0.650474
vn 0.542527 0.531552 0.650474
vn 0.465967 0.625020 -0.626279
vn 0.465967 0.625020 -0.626279
vn 0.465967 0.625020 -0.626279
vn 0.465967 0.625020 -0.626279
vn 0.161701 0.984127 -0.073120
vn 0.161701 0.984127 -0.073120
vn 0.161701 0.984127 -0.073120
vn 0.161701 0.984127 -0.073120
vn 0.501382 -0.015071 0.865095
vn 0.501382 -0.015071 0.865095
vn 0.501382 -0.015071 0.865095
vn 0.501382 -0.015071 0.865095
vn 0.017561 0.997996 0.060789
vn 0.017561 0.997996 0.060789
vn 0.017561 0.997996 0.060789
vn 0.017561 0.997996 0.060789
vn 0.459772 0.092351 -0.883222
vn 0.459772 0.092351 -0.883222
vn 0.459772 0.092351 -0.883222
vn 0.459772 0.092351 -0.883222
vn 1.000000 0.000000 0.000000
vn 1.000000 0.000000 0.000000
vn 1.000000 0.000000 0.000000
vn 1.000000 0.000000 0.000000
vn 0.998699 0.000000 0.050987
vn 0.998699 0.000000 0.050987
vn 0.998699 0.000000 0.050987
vn 0.998699 0.000000 0.050987
vn 0.998328 -0.019999 -0.054235
vn 0.998328 -0.019999 -0.054235
vn 0.998328 -0.019999 -0.054235
vn 0.998328 -0.019999 -0.054235
vn 0.000000 0.999040 0.043815
vn 0.000000 0.999040 0.043815
vn 0.000000 0.999040 0.043815
vn 0.000000 0.999040 0.043815
vn 0.000000 0.999040 0.043815
vn 0.000000 0.999040 0.043815
vn 0.000000 0.999040 0.043815
vn 0.000000 0.999040 0.043815
vn 0.955492 0.294738 0.012835
vn 0.955492 0.294738 0.012835
vn 0.955492 0.294738 0.012835
vn 0.955492 0.294738 0.012835
vn 0.981054 0.193547 0.008488
vn 0.981054 0.193547 0.008488
vn 0.981054 0.193547 0.008488
vn 0.981054 0.193547 0.008488
vn 0.978881 0.204236 0.008957
vn 0.978881 0.204236 0.008957
vn 0.978881 0.204236 0.008957
vn 0.978881 0.204236 0.008957
vn 0.000000 0.999040 0.043815
vn 0.000000 0.999040 0.043815
vn 0.000000 0.999040 0.043815
vn 0.000000 0.999040 0.043815
vn 0.984414 0.175869 -0.000000
vn 0.984414 0.175869 -0.000000
vn 0.984414 0.175869 -0.000000
vn 0.984414 0.175869 -0.000000
vn 0.965901 0.258912 -0.000000
vn 0.965901 0.258912 -0.000000
vn 0.965901 0.258912 -0.000000
vn 0.965901 0.258912 -0.000000
vn 0.982947 0.183748 0.007199
vn 0.982947 0.183748 0.007199
vn 0.982947 0.183748 0.007199
vn 0.982947 0.183748 0.007199
vn 0.958067 0.283069 0.044487
vn 0.958067 0.283069 0.044487
vn 0.958067 0.283069 0.044487
vn 0.958067 0.283069 0.044487
vn 0.000000 1.000000 0.000000
vn 0.000000 1.000000 0.000000
vn 0.000000 1.000000 0.000000
vn 0.000000 1.000000 0.000000
vn 0.986232 0.164856 0.013003
vn 0.986232 0.164856 0.013003
vn 0.986232 0.164856 0.013003
vn 0.986232 0.164856 0.013003
vn 0.968603 0.248217 0.014038
vn 0.968603 0.248217 0.014038
vn 0.968603 0.248217 0.014038
vn 0.968603 0.248217 0.014038
vn 0.920072 0.390003 0.036962
vn 0.920072 0.390003 0.036962
vn 0.920072 0.390003 0.036962
vn 0.920072 0.390003 0.036962
vn 0.000000 0.995820 0.091343
vn 0.000000 0.995820 0.091343
vn 0.000000 0.995820 0.091343
vn 0.000000 0.995820 0.091343
vn 0.868531 0.493612 0.044741
vn 0.868531 0.493612 0.044741
vn 0.868531 0.493612 0.044741
vn 0.868531 0.493612 0.044741
vn 0.000000 0.995820 0.091343
vn 0.000000 0.995820 0.091343
vn 0.000000 0.995820 0.091343
vn 0.000000 0.995820 0.091343
vn -0.087304 0.996181 0.001304
vn -0.087304 0.996181 0.001304
vn -0.087304 0.996181 0.001304
vn -0.087304 0.996181 0.001304
vn 0.000000 1.000000 0.000000
vn 0.000000 1.000000 0.000000
vn 0.000000 1.000000 0.000000
vn 0.000000 1.000000 0.000000
vn 0.974161 -0.224717 -0.022650
vn 0.974161 -0.224717 -0.022650
vn 0.974161 -0.224717 -0.022650
vn 0.974161 -0.224717 -0.022650
vn 0.000000 1.000000 0.000000
vn 0.000000 1.000000 0.000000
vn 0.000000 1.000000 0.000000
vn 0.000000 1.000000 0.000000
vn 0.960075 0.278501 -0.026319
vn 0.960075 0.278501 -0.026319
vn 0.960075 0.278501 -0.026319
vn 0.960075 0.278501 -0.026319
vn 0.981090 0.193554 0.000000
vn 0.981090 0.193554 0.000000
vn 0.981090 0.193554 0.000000
vn 0.981090 0.193554 0.000000
vn 0.978920 0.204245 0.000000
vn 0.978920 0.204245 0.000000
vn 0.978920 0.204245 0.000000
vn 0.978920 0.204245 0.000000
vn 0.066750 0.466500 0.881999
vn 0.066750 0.466500 0.881999
vn 0.066750 0.466500 0.881999
vn 0.066750 0.466500 0.881999
vn 0.065979 -0.008051 -0.997789
vn 0.065979 -0.008051 -0.997789
vn 0.067319 -0.037500 -0.997027
vn 0.067114 -0.032909 -0.997203
vn -0.356128 0.000000 -0.934437
vn -0.356128 0.000000 -0.934437
vn -0.356128 0.000000 -0.934437
vn -0.356128 0.000000 -0.934437
vn -0.023505 -0.518192 0.854941
vn -0.020863 -0.534894 0.844662
vn -0.057171 -0.281020 0.957998
vn -0.057171 -0.281020 0.957998
vn -0.131576 0.521911 -0.842791
vn -0.136467 0.465151 -0.874649
vn -0.114652 0.322141 -0.939723
vn -0.100313 0.322634 -0.941193
vn -0.348732 0.067393 -0.934796
vn -0.348732 0.067393 -0.934796
vn -0.348732 0.067393 -0.934796
vn -0.348732 0.067393 -0.934796
vn 0.000000 1.000000 -0.000000
vn 0.000000 1.000000 -0.000000
vn 0.000000 1.000000 -0.000000
vn 0.000000 1.000000 -0.000000
vn 0.049450 0.071769 -0.996195
vn 0.051515 0.069517 -0.996250
vn 0.051163 0.069900 -0.996241
vn 0.049450 0.071769 -0.996195
vn 0.014399 0.327056 -0.944895
vn 0.014883 0.325753 -0.945338
vn 0.017852 0.484861 -0.874409
vn 0.016913 0.507991 -0.861196
vn 0.858126 -0.513439 0.000289
vn 0.858126 -0.513439 0.000289
vn 0.858126 -0.513439 0.000289
vn 0.858126 -0.513439 0.000289
vn 0.904259 0.060875 -0.422623
vn 0.904259 0.060875 -0.422623
vn 0.904259 0.060875 -0.422623
vn 0.904259 0.060875 -0.422623
vn 0.974505 0.224136 -0.010161
vn 0.974505 0.224136 -0.010161
vn 0.974505 0.224136 -0.010161
vn 0.974505 0.224136 -0.010161
vn 0.000000 1.000000 0.000000
vn 0.000000 1.000000 0.000000
vn 0.000000 1.000000 0.000000
vn 0.000000 1.000000 0.000000
vn 0.000000 0.995820 0.091343
vn 0.000000 0.995820 0.091343
vn 0.000000 0.995820 0.091343
vn 0.000000 0.995820 0.091343
vn 0.964362 0.264288 0.012556
vn 0.964362 0.264288 0.012556
vn 0.964362 0.264288 0.012556
vn 0.964362 0.264288 0.012556
vn 0.000000 1.000000 0.000000
vn 0.000000 1.000000 0.000000
vn 0.000000 1.000000 0.000000
vn 0.000000 1.000000 0.000000
vn 0.976083 0.217349 0.004624
vn 0.976083 0.217349 0.004624
vn 0.976083 0.217349 0.004624
vn 0.976083 0.217349 0.004624
vn 0.000000 0.999040 0.043815
vn 0.000000 0.999040 0.043815
vn 0.000000 0.999040 0.043815
vn 0.000000 0.999040 0.043815
vn 0.963406 0.267766 0.012232
vn 0.963406 0.267766 0.012232
vn 0.963406 0.267766 0.012232
vn 0.963406 0.267766 0.012232
vn 0.999922 0.004328 -0.011714
vn 0.999922 0.004328 -0.011714
vn 0.999901 0.004535 -0.013332
vn 0.998991 0.008468 -0.044104
vn 1.000000 0.000000 0.000000
vn 1.000000 0.000000 0.000000
vn 1.000000 0.000000 0.000000
vn 1.000000 0.000000 0.000000
vn 0.826037 -0.563616 0.000000
vn 0.826037 -0.563616 0.000000
vn 0.826037 -0.563616 0.000000
vn 0.826037 -0.563616 0.000000
vn 0.675296 0.737271 0.020149
vn 0.675296 0.737271 0.020149
vn 0.675296 0.737271 0.020149
vn 0.675296 0.737271 0.020149
vn 0.849865 -0.511151 0.128271
vn 0.849866 -0.511151 0.128271
vn 0.849865 -0.511151 0.128271
vn 0.849865 -0.511151 0.128271
vn 0.959431 -0.167208 -0.227010
vn 0.959431 -0.167208 -0.227010
vn 0.959431 -0.167208 -0.227010
vn 0.959431 -0.167208 -0.227010
vn 0.000000 1.000000 0.000000
vn 0.000000 1.000000 0.000000
vn 0.000000 1.000000 0.000000
vn 0.000000 1.000000 0.000000
vn 0.000000 1.000000 0.000000
vn 0.000000 0.999040 0.043815
vn 0.000000 0.999040 0.043815
vn 0.000000 0.999040 0.043815
vn 0.000000 0.999040 0.043815
vn 0.000000 1.000000 0.000000
vn 0.000000 1.000000 0.000000
vn 0.000000 1.000000 0.000000
vn 0.000000 1.000000 0.000000
vn 0.075435 -0.185265 0.979789
vn 0.075435 -0.185265 0.979789
vn 0.075435 -0.185265 0.979789
vn 0.075435 -0.185265 0.979789
vn -0.270524 0.403889 0.873894
vn -0.264066 0.450179 0.853000
vn -0.264449 0.447597 0.854239
vn -0.270524 0.403889 0.873894
vn 0.997352 0.008707 0.072210
vn 0.997351 0.008707 0.072210
vn 0.997354 0.008707 0.072179
vn 0.997353 0.008707 0.072182
vn 0.999962 0.008694 0.000000
vn 0.999962 0.008694 0.000000
vn 0.999962 0.008694 0.000000
vn 0.999962 0.008694 0.000000
vn 0.999854 0.008695 -0.014729
vn 0.999854 0.008695 -0.014729
vn 0.999854 0.008695 -0.014726
vn 0.999854 0.008695 -0.014726
vn 0.945696 0.322725 0.038824
vn 0.945696 0.322725 0.038824
vn 0.446224 0.894915 -0.003352
vn 0.327928 0.944641 -0.010837
vn 0.999161 0.010801 -0.039505
vn 0.999946 0.006938 -0.007809
vn 0.999873 0.007665 -0.014006
vn 0.999151 0.010827 -0.039742
vn 0.075219 0.469087 -0.879943
vn 0.075219 0.469087 -0.879943
vn 0.077996 0.400125 -0.913136
vn 0.078445 0.387546 -0.918507
vn 0.055499 0.733688 0.677216
vn 0.055499 0.733688 0.677216
vn 0.055499 0.733688 0.677216
vn 0.055499 0.733688 0.677216
vn -0.315567 0.463464 -0.828021
vn -0.315567 0.463464 -0.828021
vn -0.315567 0.463464 -0.828021
vn -0.315567 0.463464 -0.828021
vn -0.222610 0.761990 0.608125
vn -0.222613 0.761990 0.608124
vn -0.222640 0.761989 0.608116
vn -0.222640 0.761989 0.608116
vn 0.807683 0.589496 -0.011973
vn 0.807683 0.589496 -0.011973
vn 0.807683 0.589496 -0.011973
vn 0.706814 0.706720 0.030995
vn 0.706814 0.706720 0.030995
vn 0.706814 0.706720 0.030995
vn 0.706814 0.706720 0.030995
vn 0.615052 0.788330 0.015700
vn 0.615052 0.788330 0.015700
vn 0.615052 0.788330 0.015700
vn 0.615052 0.788330 0.015700
vn 0.925087 0.379704 -0.006188
vn 0.925087 0.379704 -0.006188
vn 0.925087 0.379704 -0.006188
vn 0.925087 0.379704 -0.006188
vn 0.817403 0.334405 -0.469069
vn 0.817403 0.334405 -0.469069
vn 0.817403 0.334405 -0.469069
vn 0.817403 0.334405 -0.469069
vn 0.998952 -0.045748 0.001371
vn 0.998952 -0.045748 0.001371
vn 0.998952 -0.045748 0.001371
vn 0.750755 0.000000 -0.660581
vn 0.750755 0.000000 -0.660581
vn 0.750755 0.000000 -0.660581
vn 0.750755 0.000000 -0.660581
vn 0.768284 0.018831 -0.639832
vn 0.768284 0.018831 -0.639832
vn 0.768284 0.018831 -0.639832
vn 0.768284 0.018831 -0.639832
vn 0.966777 0.127373 -0.221625
vn 0.966080 0.122057 -0.227576
vn 0.967139 0.078237 -0.241910
vn 0.968067 0.077134 -0.238530
vn 0.156833 -0.987617 -0.003906
vn 0.156829 -0.987618 -0.003885
vn 0.156866 -0.987612 -0.004083
vn 0.156866 -0.987612 -0.004083
vn 0.145566 -0.989181 -0.018231
vn 0.145485 -0.989209 -0.017315
vn 0.145480 -0.989211 -0.017268
vn 0.145566 -0.989181 -0.018231
vn -0.000001 0.999993 0.003699
vn -0.000001 0.999993 0.003699
vn -0.000000 0.999993 0.003699
vn -0.000000 0.999993 0.003699
vn -0.000001 0.999866 0.016353
vn -0.000000 0.999866 0.016353
vn -0.000000 0.999866 0.016353
vn -0.000001 0.999866 0.016353
vn 0.999986 0.005396 0.000020
vn 0.999985 0.005396 0.000020
vn 0.999986 0.005396 0.000020
vn 0.999985 0.005396 0.000020
vn 0.999985 0.005396 0.000088
vn 0.999985 0.005396 0.000088
vn 0.999985 0.005396 0.000088
vn 0.999985 0.005396 0.000088
vn 0.000000 0.999993 0.003699
vn 0.000000 0.999993 0.003699
vn 0.000000 0.999993 0.003699
vn 0.000000 0.999993 0.003699
vn 0.000000 0.999866 0.016353
vn 0.000000 0.999866 0.016353
vn 0.000000 0.999866 0.016353
vn 0.000000 0.999866 0.016353
vn 0.084979 -0.996375 -0.003932
vn 0.084979 -0.996375 -0.003932
vn 0.084979 -0.996375 -0.003932
vn 0.084979 -0.996375 -0.003932
vn 0.086576 -0.996092 -0.017465
vn 0.086576 -0.996092 -0.017465
vn 0.086576 -0.996092 -0.017465
vn 0.086576 -0.996092 -0.017465
vn 0.825346 0.562869 0.044524
vn 0.825346 0.562869 0.044524
vn 0.825346 0.562869 0.044524
vn 0.825346 0.562869 0.044524
vn 0.676889 -0.736069 -0.004820
vn 0.676889 -0.736069 -0.004820
vn 0.676889 -0.736069 -0.004820
vn 0.676889 -0.736069 -0.004820
vn 0.083042 -0.996499 -0.009686
vn 0.083042 -0.996499 -0.009686
vn 0.083042 -0.996499 -0.009686
vn 0.083042 -0.996499 -0.009686
vn 0.000000 0.999882 0.015385
vn 0.000000 0.999882 0.015385
vn 0.000000 0.999882 0.015385
vn 0.000000 0.999882 0.015385
vn 0.999968 0.003778 -0.007012
vn 0.999967 0.003790 -0.007154
vn 0.999979 0.003634 -0.005304
vn 0.999979 0.003634 -0.005304
vn 0.000000 0.999882 0.015385
vn 0.000000 0.999882 0.015385
vn 0.000000 0.999882 0.015385
vn 0.000000 0.999882 0.015385
vn 0.179775 -0.983667 -0.009018
vn 0.179775 -0.983667 -0.009014
vn 0.179778 -0.983658 -0.009819
vn 0.179778 -0.983658 -0.009819
vn 0.728051 -0.685487 -0.007004
vn 0.728051 -0.685487 -0.007004
vn 0.728051 -0.685487 -0.007004
vn 0.728051 -0.685487 -0.007004
vn 0.965453 0.260480 -0.007139
vn 0.965453 0.260480 -0.007139
vn 0.965453 0.260480 -0.007139
vn 0.965453 0.260480 -0.007139
vn 0.938397 0.345550 0.002508
vn 0.938397 0.345550 0.002508
vn 0.938397 0.345550 0.002508
vn 0.938397 0.345550 0.002508
vn 0.856056 0.115293 0.503860
vn 0.856056 0.115293 0.503860
vn 0.856056 0.115293 0.503861
vn 0.856056 0.115293 0.503860
vn 0.729014 -0.521707 0.443126
vn 0.729014 -0.521707 0.443126
vn 0.729014 -0.521707 0.443126
vn 0.746226 -0.665688 -0.002650
vn 0.746226 -0.665688 -0.002650
vn 0.746226 -0.665688 -0.002650
vn 0.746226 -0.665688 -0.002650
vn 0.054049 0.998159 0.027505
vn 0.054049 0.998159 0.027505
vn 0.054049 0.998159 0.027505
vn 0.054049 0.998159 0.027505
vn 0.169938 0.984583 -0.041443
vn 0.169938 0.984583 -0.041443
vn 0.169938 0.984583 -0.041443
vn 0.169938 0.984583 -0.041443
vn 1.000000 0.000000 -0.000000
vn 1.000000 0.000000 -0.000000
vn 1.000000 0.000000 -0.000000
vn -0.558104 0.829771 0.000541
vn -0.558104 0.829771 0.000541
vn -0.558104 0.829771 0.000541
vn 0.993599 0.112367 -0.011598
vn 0.993599 0.112367 -0.011598
vn 0.993599 0.112367 -0.011598
vn 0.993599 0.112367 -0.011598
vn 0.727819 0.685445 -0.021070
vn 0.727820 0.685445 -0.021070
vn 0.727819 0.685445 -0.021070
vn 0.727819 0.685445 -0.021070
vn 0.145459 -0.989218 -0.017024
vn 0.145459 -0.989218 -0.017024
vn 0.156821 -0.987620 -0.003836
vn 0.156821 -0.987620 -0.003836
vn 0.179773 -0.983670 -0.008690
vn 0.179773 -0.983670 -0.008690
vn -0.011146 -0.594092 0.804320
vn -0.011146 -0.594091 0.804320
vn -0.222602 0.761990 0.608127
vn -0.222602 0.761990 0.608127
vn -0.262251 0.462167 0.847128
vn -0.262251 0.462167 0.847128
vn -0.051719 0.998156 -0.031765
vn -0.051719 0.998156 -0.031765
vn -0.306978 0.951684 0.007953
vn -0.306978 0.951683 0.007953
vn -0.306978 0.951683 0.007953
vn -0.306978 0.951684 0.007953
vn 0.923567 0.382597 0.025393
vn 0.263086 0.962967 0.059001
vn 0.263086 0.962967 0.059001
vn 0.883718 0.467030 0.030416
vn 0.939475 0.341847 0.022960
vn 0.939475 0.341847 0.022960
vn 0.939475 0.341847 0.022960
vn 0.987891 0.155150 0.000000
vn 0.987891 0.155150 0.000000
vn 0.987891 0.155150 0.000000
vn 0.987891 0.155150 0.000000
vn 0.971170 0.238390 0.000000
vn 0.971170 0.238390 0.000000
vn 0.971170 0.238390 0.000000
vn 0.971170 0.238390 0.000000
vn 0.846688 0.532089 0.000000
vn 0.846688 0.532089 0.000000
vn 0.846688 0.532089 0.000000
vn 0.846688 0.532089 0.000000
vn 0.000000 1.000000 0.000000
vn 0.000000 1.000000 0.000000
vn 0.000000 1.000000 0.000000
vn 0.000000 1.000000 0.000000
vn 0.916085 0.400984 0.000000
vn 0.916085 0.400984 0.000000
vn 0.916085 0.400984 0.000000
vn 0.916085 0.400984 0.000000
vn 0.000000 1.000000 0.000000
vn 0.000000 1.000000 0.000000
vn 0.000000 1.000000 0.000000
vn 0.000000 1.000000 0.000000
vn 0.000000 1.000000 0.000000
vn 0.000000 1.000000 0.000000
vn 0.000000 1.000000 0.000000
vn 0.000000 1.000000 0.000000
vn 0.964197 0.265186 0.000000
vn 0.964197 0.265186 0.000000
vn 0.964197 0.265186 0.000000
vn 0.964197 0.265186 0.000000
vn 0.999962 0.008761 0.000000
vn 0.999962 0.008761 0.000000
vn 0.999962 0.008761 0.000000
vn 0.999962 0.008761 0.000000
vn 0.133185 -0.991091 0.000000
vn 0.133185 -0.991091 0.000000
vn 0.133185 -0.991091 0.000000
vn 0.133185 -0.991091 0.000000
vn 0.000000 1.000000 0.000000
vn 0.000000 1.000000 0.000000
vn 0.000000 1.000000 0.000000
vn 0.000000 1.000000 0.000000
vn 0.989118 0.108185 -0.099703
vn 0.988919 0.107692 -0.102189
vn 0.992009 0.119944 -0.039132
vn 0.992009 0.119944 -0.039132
vn 0.000000 1.000000 0.000000
vn 0.000000 1.000000 0.000000
vn 0.000000 1.000000 0.000000
vn 0.000000 1.000000 0.000000
vn 0.178816 -0.983440 0.029517
vn 0.178816 -0.983440 0.029517
vn 0.178816 -0.983440 0.029517
vn 0.178816 -0.983440 0.029517
vn 0.615305 0.788289 0.000000
vn 0.615305 0.788289 0.000000
vn 0.615305 0.788289 0.000000
vn 0.615305 0.788289 0.000000
vn 0.637726 -0.770263 0.000000
vn 0.637726 -0.770263 0.000000
vn 0.637726 -0.770263 0.000000
vn 0.637726 -0.770263 0.000000
vn 1.000000 0.000000 0.000000
vn 1.000000 0.000000 0.000000
vn 1.000000 0.000000 0.000000
vn 1.000000 0.000000 0.000000
vn 1.000000 0.000000 0.000000
vn 1.000000 0.000000 0.000000
vn 1.000000 0.000000 0.000000
vn 1.000000 0.000000 0.000000
vn 0.476248 0.879311 0.000000
vn 0.476248 0.879311 0.000000
vn 0.476248 0.879311 0.000000
vn 0.476248 0.879311 0.000000
vn 0.133186 -0.991091 0.000000
vn 0.133186 -0.991091 0.000000
vn 0.133186 -0.991091 0.000000
vn 0.133186 -0.991091 0.000000
vn -0.558095 0.829777 0.000000
vn -0.558095 0.829777 0.000000
vn -0.558095 0.829777 0.000000
vn -0.558095 0.829777 0.000000
vn -0.327711 0.944778 0.000000
vn -0.327711 0.944778 0.000000
vn -0.327711 0.944778 0.000000
vn -0.327711 0.944778 0.000000
vn -0.065177 0.997874 0.000000
vn -0.065177 0.997874 0.000000
vn -0.065177 0.997874 0.000000
vn -0.065177 0.997874 0.000000
vn 0.835782 0.549061 0.000000
vn 0.835782 0.549061 0.000000
vn 0.835782 0.549061 0.000000
vn 0.835782 0.549061 0.000000
vn 0.987891 0.155150 0.000000
vn 0.987891 0.155150 0.000000
vn 0.987891 0.155150 0.000000
vn 0.987891 0.155150 0.000000
vn 0.971169 0.238390 -0.000000
vn 0.971169 0.238390 -0.000000
vn 0.971169 0.238390 -0.000000
vn 0.971169 0.238390 -0.000000
vn 0.846689 0.532089 -0.000000
vn 0.846689 0.532089 -0.000000
vn 0.846689 0.532089 -0.000000
vn 0.846689 0.532089 -0.000000
vn 0.000000 1.000000 0.000000
vn 0.000000 1.000000 0.000000
vn 0.000000 1.000000 0.000000
vn 0.000000 1.000000 0.000000
vn 0.916085 0.400984 0.000000
vn 0.916085 0.400984 0.000000
vn 0.916085 0.400984 0.000000
vn 0.916085 0.400984 0.000000
vn 0.000000 1.000000 -0.000000
vn 0.000000 1.000000 -0.000000
vn 0.000000 1.000000 -0.000000
vn 0.000000 1.000000 -0.000000
vn 0.000000 1.000000 0.000000
vn 0.000000 1.000000 0.000000
vn 0.000000 1.000000 0.000000
vn 0.000000 1.000000 0.000000
vn 0.964197 0.265186 -0.000000
vn 0.964197 0.265186 -0.000000
vn 0.964197 0.265186 -0.000000
vn 0.964197 0.265186 -0.000000
vn 0.999955 0.009511 -0.000802
vn 0.999954 0.009511 -0.000802
vn 0.999953 0.009685 -0.000988
vn 0.999953 0.009685 -0.000988
vn 0.133185 -0.991091 0.000000
vn 0.133185 -0.991091 0.000000
vn 0.133185 -0.991091 0.000000
vn 0.133185 -0.991091 0.000000
vn 0.000000 1.000000 0.000000
vn 0.000000 1.000000 0.000000
vn 0.000000 1.000000 0.000000
vn 0.000000 1.000000 0.000000
vn 0.968078 0.209521 0.137575
vn 0.967586 0.213007 0.135668
vn 0.942957 0.324997 0.072180
vn 0.942956 0.324997 0.072180
vn 0.000000 1.000000 0.000000
vn 0.000000 1.000000 0.000000
vn 0.000000 1.000000 0.000000
vn 0.000000 1.000000 0.000000
vn 0.088645 -0.996063 -0.000000
vn 0.088645 -0.996063 -0.000000
vn 0.088645 -0.996063 -0.000000
vn 0.088645 -0.996063 -0.000000
vn 0.615305 0.788289 0.000000
vn 0.615305 0.788289 0.000000
vn 0.615305 0.788289 0.000000
vn 0.615305 0.788289 0.000000
vn 0.637726 -0.770263 -0.000000
vn 0.637726 -0.770263 -0.000000
vn 0.637726 -0.770263 -0.000000
vn 0.637726 -0.770263 -0.000000
vn 1.000000 0.000000 0.000000
vn 1.000000 0.000000 0.000000
vn 1.000000 0.000000 0.000000
vn 1.000000 0.000000 0.000000
vn 1.000000 0.000000 0.000000
vn 1.000000 0.000000 0.000000
vn 1.000000 0.000000 0.000000
vn 1.000000 0.000000 0.000000
vn 0.476248 0.879311 0.000000
vn 0.476248 0.879311 0.000000
vn 0.476248 0.879311 0.000000
vn 0.476248 0.879311 0.000000
vn 0.133186 -0.991091 -0.000000
vn 0.133186 -0.991091 -0.000000
vn 0.133186 -0.991091 -0.000000
vn 0.133186 -0.991091 -0.000000
vn -0.558094 0.829777 0.000000
vn -0.558094 0.829777 0.000000
vn -0.558094 0.829777 0.000000
vn -0.558094 0.829777 0.000000
vn -0.327711 0.944778 0.000000
vn -0.327711 0.944778 0.000000
vn -0.327711 0.944778 0.000000
vn -0.327711 0.944778 0.000000
vn -0.065177 0.997874 0.000000
vn -0.065177 0.997874 0.000000
vn -0.065177 0.997874 0.000000
vn -0.065177 0.997874 0.000000
vn 0.835782 0.549061 0.000000
vn 0.835782 0.549061 0.000000
vn 0.835782 0.549061 0.000000
vn 0.835782 0.549061 0.000000
vn 0.832548 0.553952 0.000000
vn 0.832548 0.553953 0.000000
vn 0.832548 0.553952 0.000000
vn 0.832548 0.553953 0.000000
vn 0.999787 0.020636 -0.000540
vn 0.999787 0.020647 -0.000540
vn 0.999782 0.020864 -0.000536
vn 0.999782 0.020864 -0.000536
vn 0.000404 0.999944 -0.010560
vn 0.000424 0.999944 -0.010531
vn -0.003103 0.999939 -0.010586
vn -0.003167 0.999939 -0.010586
vn 0.953518 0.301332 -0.001360
vn 0.953196 0.302349 -0.001387
vn 0.999982 0.005942 0.000007
vn 0.999982 0.005942 0.000006
vn 0.999962 0.008761 0.000000
vn 0.999962 0.008761 0.000000
vn 0.997362 0.008707 0.072063
vn 0.997362 0.008707 0.072063
vn 0.999854 0.008695 -0.014742
vn 0.999854 0.008695 -0.014742
vn 0.999962 0.008694 0.000000
vn 0.999962 0.008694 0.000000
vn 0.999980 0.006126 -0.001384
vn 0.999387 0.010225 -0.033485
vn 0.999982 0.005942 0.000010
vn 0.993186 0.017548 -0.115216
vn 0.993186 0.017548 -0.115216
vn 1.000000 0.000000 0.000000
vn 1.000000 0.000000 0.000000
vn 0.999962 0.008761 0.000000
vn 0.999962 0.008761 0.000000
vn 0.957369 -0.275600 0.086544
vn 0.957369 -0.275600 0.086544
vn 0.989008 -0.066608 0.132014
vn 0.987391 -0.095702 0.126093
vn 0.978205 0.107623 -0.177574
vn 0.976195 0.108695 -0.187693
vn 0.999986 0.005396 0.000088
vn 0.999986 0.005396 0.000088
vn 0.999986 0.005396 0.000020
vn 0.999986 0.005396 0.000020
vn 0.999950 0.007098 -0.007027
vn 0.999941 0.008441 -0.006771
vn 0.965340 0.113580 -0.234986
vn 0.965340 0.113580 -0.234986
vn 0.999986 0.005396 0.000088
vn 0.999985 0.005396 0.000088
vn 0.999986 0.005396 0.000020
vn 0.999985 0.005396 0.000020
vn 0.999909 0.012090 -0.006075
vn 0.999909 0.012090 -0.006075
vn 0.174416 -0.019147 -0.984486
vn 0.174416 -0.019147 -0.984486
vn 0.090189 0.098857 -0.991006
vn 0.090189 0.098857 -0.991006
vn -0.017223 0.637518 -0.770243
vn -0.017223 0.637518 -0.770243
vn 0.004152 0.998081 0.061786
vn 0.004152 0.998081 0.061786
vn 0.000000 1.000000 0.000000
vn 0.000000 1.000000 0.000000
vn 0.000000 0.999866 0.016353
vn 0.000000 0.999866 0.016353
vn 0.000000 0.999993 0.003699
vn 0.000000 0.999993 0.003699
vn 0.000000 0.999882 0.015385
vn 0.000000 0.999882 0.015385
vn 0.000000 1.000000 0.000000
vn 0.000000 1.000000 0.000000
vn 0.000000 0.999866 0.016353
vn 0.000000 0.999866 0.016353
vn 0.000000 0.999993 0.003699
vn 0.000000 0.999993 0.003699
vn 0.000000 0.999882 0.015385
vn 0.000000 0.999882 0.015385
vn 0.013792 0.323398 -0.946163
vn 0.011803 0.322158 -0.946612
vn 0.016147 0.436047 -0.899779
vn 0.017166 0.456182 -0.889721
vn 0.000383 0.999943 -0.010637
vn 0.000389 0.999944 -0.010610
vn 0.052799 0.066537 -0.996386
vn 0.052958 0.064804 -0.996492
vn 0.052958 0.064804 -0.996492
vn 0.052780 0.066742 -0.996373
vn 0.066434 -0.057897 -0.996110
vn 0.065828 -0.065209 -0.995698
vn 0.064036 -0.086544 -0.994188
vn 0.064036 -0.086544 -0.994188
vn 0.080807 0.294394 -0.952262
vn 0.079258 0.361471 -0.929008
vn 0.081662 0.245730 -0.965892
vn 0.081662 0.245730 -0.965892
vn 0.000000 1.000000 -0.000000
vn 0.000000 1.000000 -0.000000
vn 0.000000 1.000000 -0.000001
vn 0.872781 0.442647 -0.205711
vn 0.873866 0.411787 -0.258438
vn 0.886961 0.432857 -0.161043
vn 0.886961 0.432857 -0.161043
vn 0.847326 0.393303 -0.356864
vn 0.915735 0.401706 -0.007859
vn 0.915309 0.402180 0.021463
vn 0.795992 0.430523 0.425497
vn 0.797428 0.417271 0.435882
vn 0.000000 1.000000 0.000000
vn 0.000000 1.000000 0.000000
vn 0.000000 1.000000 0.000000
vn 0.000000 1.000000 0.000000
vn 0.162136 -0.959682 -0.229612
vn 0.162136 -0.959682 -0.229612
vn 0.162136 -0.959682 -0.229612
vn 0.162136 -0.959682 -0.229612
vn 0.218992 -0.975552 -0.018466
vn 0.218992 -0.975552 -0.018466
vn 0.218992 -0.975552 -0.018466
vn 0.218992 -0.975552 -0.018466
vn 0.209249 -0.977110 0.038346
vn 0.209249 -0.977110 0.038346
vn 0.209249 -0.977110 0.038346
vn 0.209249 -0.977110 0.038346
vn 0.187712 -0.981326 -0.042002
vn 0.187712 -0.981326 -0.042002
vn 0.187712 -0.981326 -0.042002
vn 0.187712 -0.981326 -0.042002
vn 0.183988 -0.981821 0.046657
vn 0.183988 -0.981821 0.046657
vn 0.183988 -0.981820 0.046657
vn 0.183988 -0.981821 0.046657
vn 0.133185 -0.991091 0.000000
vn 0.133185 -0.991091 0.000000
vn 0.133185 -0.991091 0.000000
vn 0.133185 -0.991091 0.000000
vn 0.133185 -0.991091 0.000000
vn 0.133185 -0.991091 0.000000
vn 0.133185 -0.991091 0.000000
vn 0.133185 -0.991091 0.000000
vn 0.133185 -0.991091 0.000000
vn 0.133185 -0.991091 0.000000
vn 0.133186 -0.991091 0.000000
vn 0.133186 -0.991091 0.000000
vn 0.133186 -0.991091 0.000000
vn 0.133186 -0.991091 0.000000
vn 0.133186 -0.991091 0.000000
vn 0.133186 -0.991091 0.000000
vn 0.835782 0.549062 -0.000000
vn 0.835782 0.549062 -0.000000
vn 0.835782 0.549062 -0.000000
vn 0.835782 0.549062 -0.000000
vn -0.065177 0.997874 0.000000
vn -0.065177 0.997874 0.000000
vn -0.065177 0.997874 0.000000
vn -0.065177 0.997874 0.000000
vn 0.637726 -0.770263 0.000000
vn 0.637726 -0.770263 0.000000
vn 0.637726 -0.770263 0.000000
vn 0.637726 -0.770263 0.000000
vn 0.000000 1.000000 0.000000
vn 0.000000 1.000000 0.000000
vn 0.000000 1.000000 0.000000
vn 0.000000 1.000000 0.000000
vn 0.000000 1.000000 0.000000
vn 0.000000 1.000000 0.000000
vn 0.000000 1.000000 0.000000
vn 0.000000 1.000000 0.000000
vn 0.000000 1.000000 0.000000
vn 0.000000 1.000000 0.000000
vn 0.000000 1.000000 0.000000
vn 0.000000 1.000000 0.000000
vn 0.987891 0.155150 -0.000000
vn 0.987891 0.155150 -0.000000
vn 0.987891 0.155150 -0.000000
vn 0.987891 0.155150 -0.000000
vn 0.971169 0.238391 0.000000
vn 0.971169 0.238391 0.000000
vn 0.971169 0.238391 0.000000
vn 0.971169 0.238391 0.000000
vn 0.964197 0.265186 0.000000
vn 0.964197 0.265186 0.000000
vn 0.964197 0.265186 0.000000
vn 0.964197 0.265186 0.000000
vn 0.846688 0.532089 0.000000
vn 0.846688 0.532089 0.000000
vn 0.846689 0.532089 0.000000
vn 0.846688 0.532089 0.000000
vn 0.916085 0.400984 -0.000000
vn 0.916085 0.400984 -0.000000
vn 0.916085 0.400984 -0.000000
vn 0.916085 0.400984 -0.000000
vn 1.000000 0.000000 0.000000
vn 1.000000 0.000000 0.000000
vn 1.000000 0.000000 0.000000
vn 1.000000 0.000000 0.000000
vn 1.000000 0.000000 0.000000
vn 1.000000 0.000000 0.000000
vn 1.000000 0.000000 0.000000
vn 1.000000 0.000000 0.000000
vn 0.476248 0.879311 0.000000
vn 0.476248 0.879311 0.000000
vn 0.476248 0.879311 0.000000
vn 0.476248 0.879311 0.000000
vn -0.558095 0.829777 0.000000
vn -0.558095 0.829777 0.000000
vn -0.558095 0.829777 0.000000
vn -0.558095 0.829777 0.000000
vn -0.327711 0.944778 -0.000000
vn -0.327711 0.944778 -0.000000
vn -0.327711 0.944778 -0.000000
vn -0.327711 0.944778 -0.000000
vn 0.987891 0.155150 -0.000000
vn 0.987891 0.155150 -0.000000
vn 0.987891 0.155150 -0.000000
vn 0.987891 0.155150 -0.000000
vn 0.971169 0.238390 0.000000
vn 0.971169 0.238390 0.000000
vn 0.971170 0.238390 -0.000000
vn 0.971170 0.238390 -0.000000
vn 0.846688 0.532089 0.000000
vn 0.846688 0.532089 0.000000
vn 0.846688 0.532089 -0.000000
vn 0.846688 0.532089 -0.000000
vn 0.000000 1.000000 0.000000
vn 0.000000 1.000000 0.000000
vn 0.000000 1.000000 0.000000
vn 0.000000 1.000000 0.000000
vn 0.916085 0.400984 0.000000
vn 0.916085 0.400984 0.000000
vn 0.916085 0.400984 0.000000
vn 0.916085 0.400984 0.000000
vn 0.000000 1.000000 0.000000
vn 0.000000 1.000000 0.000000
vn 0.000000 1.000000 -0.000000
vn 0.000000 1.000000 -0.000000
vn 0.000000 1.000000 0.000000
vn 0.000000 1.000000 0.000000
vn 0.000000 1.000000 0.000000
vn 0.000000 1.000000 0.000000
vn 0.964197 0.265186 0.000000
vn 0.964197 0.265186 0.000000
vn 0.964197 0.265186 -0.000000
vn 0.964197 0.265186 -0.000000
vn 0.999962 0.008761 0.000000
vn 0.999962 0.008761 0.000000
vn 0.999962 0.008761 0.000000
vn 0.999962 0.008761 0.000000
vn 0.133186 -0.991091 0.000000
vn 0.133186 -0.991091 0.000000
vn 0.133186 -0.991091 0.000000
vn 0.133186 -0.991091 0.000000
vn 0.000000 1.000000 0.000000
vn -0.000000 1.000000 0.000000
vn -0.000000 1.000000 -0.000000
vn 0.000000 1.000000 0.000000
vn 0.999985 0.005396 -0.000000
vn 0.999985 0.005396 -0.000000
vn 0.999985 0.005396 -0.000000
vn 0.999985 0.005396 -0.000000
vn 0.000000 1.000000 0.000000
vn 0.000000 1.000000 0.000000
vn 0.000000 1.000000 0.000000
vn 0.000000 1.000000 0.000000
vn 0.088645 -0.996063 -0.000000
vn 0.088645 -0.996063 0.000000
vn 0.088645 -0.996063 -0.000000
vn 0.088645 -0.996063 -0.000000
vn 0.615305 0.788289 0.000000
vn 0.615305 0.788289 -0.000000
vn 0.615305 0.788289 0.000000
vn 0.615305 0.788289 0.000000
vn 0.637726 -0.770263 0.000000
vn 0.637726 -0.770263 0.000000
vn 0.637726 -0.770263 0.000000
vn 0.637726 -0.770263 0.000000
vn 1.000000 0.000000 0.000000
vn 1.000000 0.000000 0.000000
vn 1.000000 0.000000 0.000000
vn 1.000000 0.000000 0.000000
vn 1.000000 0.000000 0.000000
vn 1.000000 0.000000 0.000000
vn 1.000000 0.000000 0.000000
vn 1.000000 0.000000 0.000000
vn 0.476248 0.879311 0.000000
vn 0.476248 0.879311 0.000000
vn 0.476247 0.879312 0.000000
vn 0.476247 0.879312 0.000000
vn 0.133186 -0.991091 0.000000
vn 0.133186 -0.991091 -0.000000
vn 0.133186 -0.991091 -0.000000
vn 0.133186 -0.991091 -0.000000
vn -0.558094 0.829778 0.000000
vn -0.558094 0.829777 0.000000
vn -0.558094 0.829778 0.000000
vn -0.558094 0.829778 0.000000
vn -0.327711 0.944778 0.000000
vn -0.327711 0.944778 0.000000
vn -0.327711 0.944778 0.000000
vn -0.327711 0.944778 0.000000
vn -0.065177 0.997874 0.000000
vn -0.065177 0.997874 0.000000
vn -0.065177 0.997874 0.000000
vn -0.065177 0.997874 0.000000
vn 0.835782 0.549062 -0.000000
vn 0.835782 0.549062 0.000000
vn 0.835782 0.549062 0.000000
vn 0.835782 0.549062 0.000000
vn 0.000000 1.000000 0.000000
vn 0.000000 1.000000 0.000000
vn 0.000000 1.000000 0.000000
vn 0.000000 1.000000 0.000000
vn 0.000000 1.000000 0.000000
vn 0.000000 1.000000 0.000000
vn 0.987891 0.155150 0.000000
vn 0.987891 0.155150 0.000000
vn 0.971169 0.238391 0.000000
vn 0.971169 0.238391 0.000000
vn 0.964197 0.265186 0.000000
vn 0.964197 0.265186 0.000000
vn 0.846688 0.532089 0.000000
vn 0.846688 0.532089 0.000000
vn 0.916085 0.400984 0.000000
vn 0.916085 0.400984 0.000000
vn 1.000000 0.000000 0.000000
vn 1.000000 0.000000 0.000000
vn 1.000000 0.000000 0.000000
vn 1.000000 0.000000 0.000000
vn 0.476248 0.879311 0.000000
vn 0.476248 0.879311 0.000000
vn -0.558095 0.829777 0.000000
vn -0.558095 0.829777 0.000000
vn -0.327711 0.944778 -0.000000
vn -0.327711 0.944778 -0.000000
vn 0.835782 0.549062 -0.000000
vn 0.835782 0.549062 -0.000000
vn -0.065177 0.997874 0.000000
vn -0.065177 0.997874 0.000000
vn 0.637726 -0.770263 0.000000
vn 0.637726 -0.770263 0.000000
vn 0.133186 -0.991091 0.000000
vn 0.133186 -0.991091 0.000000
vn 0.133186 -0.991091 0.000000
vn 0.133186 -0.991091 0.000000
vn 0.088645 -0.996063 0.000000
vn 0.088645 -0.996063 0.000000
vn 0.999985 0.005396 0.000000
vn 0.999986 0.005396 0.000000
vn 0.000000 1.000000 0.000000
vn -0.000000 1.000000 0.000000
vn 0.000000 1.000000 0.000000
vn 0.000000 1.000000 0.000000
vn 0.615305 0.788289 -0.000000
vn 0.615305 0.788289 -0.000000
vn 0.999962 0.008761 0.000000
vn 0.999962 0.008761 0.000000
vn 0.000000 1.000000 0.000000
vn 0.000000 1.000000 0.000000
vn 0.000000 1.000000 0.000000
vn 0.000000 1.000000 0.000000
vn 0.000000 1.000000 0.000000
vn 0.000000 1.000000 0.000000
vn 0.000000 1.000000 0.000000
vn 0.000000 1.000000 0.000000
vn 0.000000 1.000000 0.000000
vn 0.000000 1.000000 0.000000
vn 0.000000 1.000000 0.000000
vn 0.000000 1.000000 0.000000
vn 0.987891 0.155150 0.000000
vn 0.987891 0.155150 0.000000
vn 0.987891 0.155150 0.000000
vn 0.987891 0.155150 0.000000
vn 0.971170 0.238390 0.000000
vn 0.971170 0.238390 0.000000
vn 0.971170 0.238390 0.000000
vn 0.971170 0.238390 0.000000
vn 0.964197 0.265186 0.000000
vn 0.964197 0.265186 0.000000
vn 0.964197 0.265186 0.000000
vn 0.964197 0.265186 0.000000
vn 0.846688 0.532089 -0.000000
vn 0.846688 0.532089 -0.000000
vn 0.846688 0.532089 -0.000000
vn 0.846688 0.532089 -0.000000
vn 0.916085 0.400984 -0.000000
vn 0.916085 0.400984 -0.000000
vn 0.916085 0.400984 -0.000000
vn 0.916085 0.400984 -0.000000
vn 1.000000 0.000000 0.000000
vn 1.000000 0.000000 0.000000
vn 1.000000 0.000000 0.000000
vn 1.000000 0.000000 0.000000
vn 1.000000 0.000000 0.000000
vn 1.000000 0.000000 0.000000
vn 1.000000 0.000000 0.000000
vn 1.000000 0.000000 0.000000
vn 0.476249 0.879311 0.000000
vn 0.476249 0.879311 0.000000
vn 0.476249 0.879311 0.000000
vn 0.476249 0.879311 0.000000
vn -0.558094 0.829778 0.000000
vn -0.558094 0.829778 0.000000
vn -0.558094 0.829778 0.000000
vn -0.558094 0.829778 0.000000
vn -0.327710 0.944778 0.000000
vn -0.327710 0.944778 0.000000
vn -0.327710 0.944778 0.000000
vn -0.327710 0.944778 0.000000
vn 0.835782 0.549062 0.000000
vn 0.835782 0.549062 0.000000
vn 0.835782 0.549062 0.000000
vn 0.835782 0.549062 0.000000
vn -0.065177 0.997874 0.000000
vn -0.065177 0.997874 0.000000
vn -0.065177 0.997874 0.000000
vn -0.065177 0.997874 0.000000
vn 0.637726 -0.770263 0.000000
vn 0.637726 -0.770263 0.000000
vn 0.637726 -0.770263 0.000000
vn 0.637726 -0.770263 0.000000
vn 0.133186 -0.991091 0.000000
vn 0.133186 -0.991091 0.000000
vn 0.133186 -0.991091 0.000000
vn 0.133186 -0.991091 0.000000
vn 0.133186 -0.991091 0.000000
vn 0.133186 -0.991091 0.000000
vn 0.133186 -0.991091 0.000000
vn 0.133186 -0.991091 0.000000
vn 0.088645 -0.996063 0.000000
vn 0.088645 -0.996063 0.000000
vn 0.088645 -0.996063 0.000000
vn 0.088645 -0.996063 0.000000
vn 0.999985 0.005396 0.000000
vn 0.999985 0.005396 0.000000
vn 0.999986 0.005396 0.000000
vn 0.999986 0.005396 0.000000
vn 0.000000 1.000000 0.000000
vn -0.000000 1.000000 0.000000
vn -0.000000 1.000000 0.000000
vn 0.000000 1.000000 0.000000
vn 0.000000 1.000000 0.000000
vn 0.000000 1.000000 0.000000
vn 0.000000 1.000000 0.000000
vn 0.000000 1.000000 0.000000
vn 0.615305 0.788289 0.000000
vn 0.615305 0.788289 0.000000
vn 0.615305 0.788289 0.000000
vn 0.615305 0.788289 0.000000
vn 0.999962 0.008761 0.000000
vn 0.999962 0.008761 0.000000
vn 0.999962 0.008761 0.000000
vn 0.999962 0.008761 0.000000
vn 0.000000 1.000000 0.000000
vn 0.000000 1.000000 0.000000
vn 0.000000 1.000000 -0.000000
vn 0.000000 1.000000 0.000000
vn 0.000000 1.000000 0.000000
vn 0.000001 1.000000 0.000000
vn 0.000001 1.000000 0.000000
vn 0.000001 1.000000 -0.000000
vn 0.000001 1.000000 0.000000
vn 0.000001 1.000000 0.000000
vn 0.999962 0.008761 0.000000
vn 0.999962 0.008761 0.000000
vn 0.999962 0.008761 0.000000
vn 0.999962 0.008761 0.000000
vn 0.999962 0.008761 0.000000
vn 0.999985 0.005396 0.000000
vn 0.999985 0.005396 0.000000
vn 0.999986 0.005396 0.000000
vn 0.999986 0.005396 0.000000
vn 0.999986 0.005396 0.000000
vn 0.999986 0.005396 0.000000
vn 0.999986 0.005396 0.000000
vn 0.999986 0.005395 -0.000000
vn 0.999986 0.005395 -0.000000
vn 0.999985 0.005395 0.000000
vn 0.999962 0.008761 -0.000000
vn 0.999962 0.008761 -0.000000
vn 0.999962 0.008761 -0.000000
vn 0.999962 0.008761 -0.000000
vn 0.999962 0.008761 -0.000000
vn 0.999962 0.008761 -0.000000
vn 0.999962 0.008761 -0.000000
vn 0.999962 0.008761 -0.000000
vn 0.615304 0.788290 0.000000
vn 0.615304 0.788290 0.000000
vn 0.615304 0.788290 0.000000
vn 0.615304 0.788290 0.000000
vn 0.000000 1.000000 0.000000
vn 0.000000 1.000000 0.000000
vn 0.000000 1.000000 0.000000
vn 0.000000 1.000000 0.000000
vn 0.000000 1.000000 0.000000
vn 0.000000 1.000000 0.000000
vn 0.000000 1.000000 0.000000
vn 0.000000 1.000000 0.000000
vn 0.000000 1.000000 0.000000
vn 0.000000 1.000000 0.000000
vn 0.000000 1.000000 0.000000
vn 0.000000 1.000000 0.000000
vn 0.000000 1.000000 0.000000
vn 0.000000 1.000000 0.000000
vn 0.000000 1.000000 0.000000
vn 0.000000 1.000000 0.000000
vn 0.999985 0.005395 0.000000
vn 0.999985 0.005395 0.000000
vn 0.999986 0.005395 0.000000
vn 0.999985 0.005395 0.000000
vn 0.999986 0.005396 -0.000000
vn 0.999986 0.005396 -0.000000
vn 0.999986 0.005396 -0.000000
vn 0.999986 0.005396 -0.000000
vn 0.999986 0.005396 -0.000000
vn 0.999986 0.005396 -0.000000
vn 0.999985 0.005396 -0.000000
vn 0.999986 0.005396 -0.000000
vn 0.088645 -0.996063 0.000000
vn 0.088645 -0.996063 0.000000
vn 0.088645 -0.996063 0.000000
vn 0.088645 -0.996063 0.000000
vn 0.133186 -0.991091 0.000000
vn 0.133186 -0.991091 0.000000
vn 0.133186 -0.991091 0.000000
vn 0.133186 -0.991091 0.000000
vn 0.133186 -0.991091 0.000000
vn 0.133186 -0.991091 0.000000
vn 0.133186 -0.991091 0.000000
vn 0.133186 -0.991091 0.000000
vn 0.637726 -0.770264 0.000000
vn 0.637726 -0.770264 0.000000
vn 0.637726 -0.770264 0.000000
vn 0.637726 -0.770264 0.000000
vn -0.065177 0.997874 0.000000
vn -0.065177 0.997874 0.000000
vn -0.065177 0.997874 0.000000
vn -0.065177 0.997874 0.000000
vn 0.835781 0.549063 0.000000
vn 0.835781 0.549063 0.000000
vn 0.835781 0.549063 0.000000
vn 0.835781 0.549063 0.000000
vn -0.327711 0.944778 0.000000
vn -0.327711 0.944778 0.000000
vn -0.327711 0.944778 0.000000
vn -0.327711 0.944778 0.000000
vn -0.558096 0.829776 0.000000
vn -0.558096 0.829776 0.000000
vn -0.558096 0.829776 0.000000
vn -0.558096 0.829776 0.000000
vn 0.476248 0.879311 0.000000
vn 0.476248 0.879311 0.000000
vn 0.476248 0.879311 0.000000
vn 0.476248 0.879311 0.000000
vn 1.000000 0.000000 0.000000
vn 1.000000 0.000000 0.000000
vn 1.000000 0.000000 0.000000
vn 1.000000 0.000000 0.000000
vn 1.000000 0.000000 0.000000
vn 1.000000 0.000000 0.000000
vn 1.000000 0.000000 0.000000
vn 1.000000 0.000000 0.000000
vn 0.916085 0.400984 0.000000
vn 0.916085 0.400984 0.000000
vn 0.916085 0.400984 0.000000
vn 0.916085 0.400984 0.000000
vn 0.846688 0.532089 0.000000
vn 0.846688 0.532089 0.000000
vn 0.846688 0.532089 0.000000
vn 0.846688 0.532089 0.000000
vn 0.964197 0.265185 0.000000
vn 0.964197 0.265185 0.000000
vn 0.964197 0.265185 0.000000
vn 0.964197 0.265185 0.000000
vn 0.971170 0.238390 0.000000
vn 0.971170 0.238390 0.000000
vn 0.971170 0.238390 0.000000
vn 0.971170 0.238390 0.000000
vn 0.987891 0.155151 0.000000
vn 0.987891 0.155151 0.000000
vn 0.987891 0.155151 0.000000
vn 0.987891 0.155151 0.000000
vn 0.000000 1.000000 0.000000
vn 0.000000 1.000000 0.000000
vn 0.000000 1.000000 0.000000
vn 0.000000 1.000000 0.000000
vn 0.000000 1.000000 0.000000
vn 0.000000 1.000000 0.000000
vn 0.000000 1.000000 0.000000
vn 0.000000 1.000000 0.000000
vn 0.000000 1.000000 0.000000
vn 0.000000 1.000000 0.000000
vn 0.000000 1.000000 0.000000
vn 0.000000 1.000000 0.000000
vn 0.999962 0.008761 0.000000
vn 0.999962 0.008761 0.000000
vn 0.999962 0.008761 0.000000
vn 0.999962 0.008761 0.000000
vn 0.999962 0.008761 0.000000
vn 0.999962 0.008761 0.000000
vn 0.999962 0.008761 0.000000
vn 0.999962 0.008761 0.000000
vn 0.615305 0.788289 0.000000
vn 0.615305 0.788289 0.000000
vn 0.615305 0.788289 0.000000
vn 0.615305 0.788289 0.000000
vn 0.000000 1.000000 0.000000
vn 0.000000 1.000000 0.000000
vn 0.000000 1.000000 0.000000
vn 0.000000 1.000000 0.000000
vn 0.000001 1.000000 0.000000
vn 0.000001 1.000000 0.000000
vn 0.000001 1.000000 0.000000
vn 0.000001 1.000000 0.000000
vn -0.000001 1.000000 -0.000001
vn -0.000001 1.000000 -0.000001
vn -0.000001 1.000000 -0.000001
vn -0.000001 1.000000 -0.000001
vn 0.000000 1.000000 0.000000
vn 0.000000 1.000000 0.000000
vn 0.000000 1.000000 0.000000
vn 0.000000 1.000000 0.000000
vn 0.999985 0.005396 0.000000
vn 0.999985 0.005396 0.000000
vn 0.999985 0.005396 0.000000
vn 0.999985 0.005396 0.000000
vn 0.999986 0.005395 0.000000
vn 0.999986 0.005395 0.000000
vn 0.999986 0.005395 0.000000
vn 0.999986 0.005395 0.000000
vn 0.999986 0.005396 0.000000
vn 0.999986 0.005396 0.000000
vn 0.999986 0.005396 0.000000
vn 0.999985 0.005396 0.000000
vn 0.088645 -0.996063 -0.000000
vn 0.088645 -0.996063 -0.000000
vn 0.088645 -0.996063 -0.000000
vn 0.088645 -0.996063 -0.000000
vn 0.133185 -0.991091 0.000000
vn 0.133185 -0.991091 0.000000
vn 0.133185 -0.991091 0.000000
vn 0.133185 -0.991091 0.000000
vn 0.133186 -0.991091 0.000000
vn 0.133186 -0.991091 0.000000
vn 0.133186 -0.991091 0.000000
vn 0.133186 -0.991091 0.000000
vn 0.637727 -0.770263 0.000000
vn 0.637727 -0.770263 0.000000
vn 0.637727 -0.770263 0.000000
vn 0.637727 -0.770263 0.000000
vn -0.065177 0.997874 0.000000
vn -0.065177 0.997874 0.000000
vn -0.065177 0.997874 0.000000
vn -0.065177 0.997874 0.000000
vn 0.835782 0.549062 -0.000000
vn 0.835782 0.549062 -0.000000
vn 0.835782 0.549062 -0.000000
vn 0.835782 0.549062 -0.000000
vn -0.327711 0.944778 0.000000
vn -0.327711 0.944778 0.000000
vn -0.327711 0.944778 0.000000
vn -0.327711 0.944778 0.000000
vn -0.558097 0.829776 0.000000
vn -0.558097 0.829776 0.000000
vn -0.558097 0.829776 0.000000
vn -0.558097 0.829776 0.000000
vn 0.476248 0.879311 -0.000000
vn 0.476248 0.879311 -0.000000
vn 0.476248 0.879311 -0.000000
vn 0.476248 0.879311 -0.000000
vn 1.000000 0.000000 0.000000
vn 1.000000 0.000000 0.000000
vn 1.000000 0.000000 0.000000
vn 1.000000 0.000000 0.000000
vn 1.000000 0.000000 0.000000
vn 1.000000 0.000000 0.000000
vn 1.000000 0.000000 0.000000
vn 1.000000 0.000000 0.000000
vn 0.916085 0.400984 0.000000
vn 0.916085 0.400983 0.000000
vn 0.916085 0.400983 0.000000
vn 0.916085 0.400984 0.000000
vn 0.846689 0.532089 0.000000
vn 0.846689 0.532089 0.000000
vn 0.846689 0.532089 0.000000
vn 0.846689 0.532089 0.000000
vn 0.964197 0.265187 0.000000
vn 0.964197 0.265187 0.000000
vn 0.964197 0.265187 0.000000
vn 0.964197 0.265187 0.000000
vn 0.971169 0.238390 0.000000
vn 0.971169 0.238390 0.000000
vn 0.971169 0.238390 0.000000
vn 0.971169 0.238390 0.000000
vn 0.987891 0.155150 -0.000000
vn 0.987891 0.155150 -0.000000
vn 0.987891 0.155150 -0.000000
vn 0.987891 0.155150 -0.000000
vn 0.000000 1.000000 -0.000000
vn 0.000000 1.000000 -0.000000
vn 0.000000 1.000000 -0.000000
vn 0.000000 1.000000 -0.000000
vn 0.000000 1.000000 0.000000
vn 0.000000 1.000000 0.000000
vn 0.000000 1.000000 0.000000
vn 0.000000 1.000000 0.000000
vn 0.000000 1.000000 0.000000
vn 0.000000 1.000000 0.000000
vn 0.000000 1.000000 0.000000
vn 0.000000 1.000000 0.000000
vn 0.999962 0.008761 0.000000
vn 0.999962 0.008761 0.000000
vn 0.999962 0.008761 0.000000
vn 0.999962 0.008761 0.000000
vn 0.999962 0.008761 0.000000
vn 0.999962 0.008761 0.000000
vn 0.999962 0.008761 0.000000
vn 0.999962 0.008761 0.000000
vn 0.615304 0.788290 0.000000
vn 0.615304 0.788290 0.000000
vn 0.615304 0.788290 0.000000
vn 0.615304 0.788290 0.000000
vn 0.000000 1.000000 0.000000
vn 0.000000 1.000000 0.000000
vn 0.000000 1.000000 0.000000
vn 0.000000 1.000000 0.000000
vn 0.000000 1.000000 0.000000
vn 0.000000 1.000000 0.000000
vn 0.000000 1.000000 0.000000
vn 0.000000 1.000000 0.000000
vn 0.000000 1.000000 0.000000
vn 0.000000 1.000000 0.000000
vn 0.000000 1.000000 0.000000
vn 0.000000 1.000000 0.000000
vn 0.000000 1.000000 0.000000
vn 0.000000 1.000000 0.000000
vn 0.000000 1.000000 0.000000
vn 0.000000 1.000000 0.000000
vn 0.999985 0.005396 0.000000
vn 0.999986 0.005396 0.000000
vn 0.999985 0.005396 0.000000
vn 0.999985 0.005396 0.000000
vn 0.999986 0.005396 0.000000
vn 0.999985 0.005396 0.000000
vn 0.999986 0.005396 0.000000
vn 0.999986 0.005396 0.000000
vn 0.999985 0.005395 0.000000
vn 0.999985 0.005395 0.000000
vn 0.999985 0.005395 0.000000
vn 0.999985 0.005395 0.000000
vn 0.088645 -0.996063 0.000000
vn 0.088645 -0.996063 0.000000
vn 0.088645 -0.996063 0.000000
vn 0.088645 -0.996063 0.000000
vn 0.133186 -0.991091 0.000000
vn 0.133186 -0.991091 0.000000
vn 0.133186 -0.991091 0.000000
vn 0.133186 -0.991091 0.000000
vn 0.133187 -0.991091 0.000000
vn 0.133187 -0.991091 0.000000
vn 0.133187 -0.991091 0.000000
vn 0.133187 -0.991091 0.000000
vn 0.637726 -0.770263 0.000000
vn 0.637726 -0.770263 0.000000
vn 0.637726 -0.770263 0.000000
vn 0.637726 -0.770263 0.000000
vn -0.065177 0.997874 0.000000
vn -0.065177 0.997874 0.000000
vn -0.065177 0.997874 0.000000
vn -0.065177 0.997874 0.000000
vn 0.835778 0.549068 0.000000
vn 0.835778 0.549068 0.000000
vn 0.835778 0.549068 0.000000
vn 0.835778 0.549068 0.000000
vn -0.327710 0.944778 0.000000
vn -0.327710 0.944778 0.000000
vn -0.327710 0.944778 0.000000
vn -0.327710 0.944778 0.000000
vn -0.558097 0.829776 0.000000
vn -0.558097 0.829776 0.000000
vn -0.558097 0.829776 0.000000
vn -0.558097 0.829776 0.000000
vn 0.476247 0.879312 0.000000
vn 0.476247 0.879312 0.000000
vn 0.476247 0.879312 0.000000
vn 0.476247 0.879312 0.000000
vn 1.000000 0.000000 0.000000
vn 1.000000 0.000000 0.000000
vn 1.000000 0.000000 0.000000
vn 1.000000 0.000000 0.000000
vn 1.000000 0.000000 0.000000
vn 1.000000 0.000000 0.000000
vn 1.000000 0.000000 0.000000
vn 1.000000 0.000000 0.000000
vn 0.916085 0.400983 0.000000
vn 0.916085 0.400983 0.000000
vn 0.916085 0.400983 0.000000
vn 0.916085 0.400983 0.000000
vn 0.846688 0.532090 0.000000
vn 0.846688 0.532090 0.000000
vn 0.846688 0.532090 0.000000
vn 0.846688 0.532090 0.000000
vn 0.964197 0.265188 0.000000
vn 0.964197 0.265188 0.000000
vn 0.964197 0.265188 0.000000
vn 0.964197 0.265188 0.000000
vn 0.971170 0.238390 0.000000
vn 0.971170 0.238390 0.000000
vn 0.971170 0.238390 0.000000
vn 0.971170 0.238390 0.000000
vn 0.987891 0.155151 0.000000
vn 0.987891 0.155151 0.000000
vn 0.987891 0.155151 0.000000
vn 0.987891 0.155151 0.000000
vn 0.000000 1.000000 0.000000
vn 0.000000 1.000000 0.000000
vn 0.000000 1.000000 0.000000
vn 0.000000 1.000000 0.000000
vn 0.000000 1.000000 0.000000
vn 0.000000 1.000000 0.000000
vn 0.000000 1.000000 0.000000
vn 0.000000 1.000000 0.000000
vn 0.000000 1.000000 0.000000
vn 0.000000 1.000000 0.000000
vn 0.000000 1.000000 0.000000
vn 0.000000 1.000000 0.000000
vn 0.000000 1.000000 0.000000
vn 0.000000 1.000000 0.000000
vn 0.000000 1.000000 0.000000
vn 0.000000 1.000000 0.000000
vn 0.000000 1.000000 0.000000
vn 0.000000 1.000000 0.000000
vn 0.000000 1.000000 0.000000
vn 0.000000 1.000000 0.000000
vn 0.000000 1.000000 0.000000
vn 0.000000 1.000000 0.000000
vn 0.000000 1.000000 0.000000
vn 0.000000 1.000000 0.000000
vn 0.987891 0.155150 0.000000
vn 0.987891 0.155150 0.000000
vn 0.987891 0.155150 0.000000
vn 0.987891 0.155150 0.000000
vn 0.971169 0.238391 0.000000
vn 0.971169 0.238391 0.000000
vn 0.971169 0.238391 0.000000
vn 0.971169 0.238391 0.000000
vn 0.964197 0.265186 0.000000
vn 0.964197 0.265186 0.000000
vn 0.964197 0.265186 0.000000
vn 0.964197 0.265186 0.000000
vn 0.846689 0.532088 0.000000
vn 0.846689 0.532088 0.000000
vn 0.846689 0.532088 0.000000
vn 0.846689 0.532088 0.000000
vn 0.916086 0.400983 0.000000
vn 0.916086 0.400983 0.000000
vn 0.916086 0.400983 0.000000
vn 0.916086 0.400983 0.000000
vn 1.000000 0.000000 0.000000
vn 1.000000 0.000000 0.000000
vn 1.000000 0.000000 0.000000
vn 1.000000 0.000000 0.000000
vn 1.000000 0.000000 0.000000
vn 1.000000 0.000000 0.000000
vn 1.000000 0.000000 0.000000
vn 1.000000 0.000000 0.000000
vn 0.476248 0.879311 0.000000
vn 0.476248 0.879311 0.000000
vn 0.476248 0.879311 0.000000
vn 0.476248 0.879311 0.000000
vn -0.558096 0.829776 0.000000
vn -0.558096 0.829777 0.000000
vn -0.558096 0.829777 0.000000
vn -0.558096 0.829777 0.000000
vn -0.327713 0.944777 0.000000
vn -0.327713 0.944777 0.000000
vn -0.327713 0.944777 0.000000
vn -0.327713 0.944777 0.000000
vn 0.835783 0.549059 0.000000
vn 0.835783 0.549059 0.000000
vn 0.835783 0.549059 0.000000
vn 0.835783 0.549059 0.000000
vn -0.065177 0.997874 0.000000
vn -0.065177 0.997874 0.000000
vn -0.065177 0.997874 0.000000
vn -0.065177 0.997874 0.000000
vn 0.637726 -0.770263 0.000000
vn 0.637726 -0.770263 0.000000
vn 0.637726 -0.770263 0.000000
vn 0.637726 -0.770263 0.000000
vn 0.133185 -0.991091 0.000000
vn 0.133185 -0.991091 0.000000
vn 0.133185 -0.991091 0.000000
vn 0.133185 -0.991091 0.000000
vn 0.133185 -0.991091 0.000000
vn 0.133185 -0.991091 0.000000
vn 0.133185 -0.991091 0.000000
vn 0.133185 -0.991091 0.000000
vn 0.088645 -0.996063 0.000000
vn 0.088645 -0.996063 0.000000
vn 0.088645 -0.996063 0.000000
vn 0.088645 -0.996063 0.000000
vn 0.999986 0.005396 -0.000000
vn 0.999985 0.005396 -0.000000
vn 0.999985 0.005396 -0.000000
vn 0.999986 0.005396 -0.000000
vn 0.999985 0.005396 -0.000000
vn 0.999985 0.005396 -0.000000
vn 0.999985 0.005396 -0.000000
vn 0.999985 0.005396 -0.000000
vn 0.999986 0.005395 0.000000
vn 0.999986 0.005395 0.000000
vn 0.999986 0.005395 0.000000
vn 0.999986 0.005395 0.000000
vn 0.000000 1.000000 0.000000
vn 0.000000 1.000000 0.000000
vn 0.000000 1.000000 0.000000
vn 0.000000 1.000000 0.000000
vn 0.000000 1.000000 -0.000000
vn 0.000000 1.000000 -0.000000
vn 0.000000 1.000000 -0.000000
vn 0.000000 1.000000 -0.000000
vn 0.000000 1.000000 0.000000
vn 0.000000 1.000000 0.000000
vn 0.000000 1.000000 0.000000
vn 0.000000 1.000000 0.000000
vn 0.000000 1.000000 0.000000
vn 0.000000 1.000000 0.000000
vn 0.000000 1.000000 0.000000
vn 0.000000 1.000000 0.000000
vn 0.615305 0.788289 0.000000
vn 0.615305 0.788289 0.000000
vn 0.615305 0.788289 0.000000
vn 0.615305 0.788289 0.000000
vn 0.999962 0.008761 -0.000000
vn 0.999962 0.008761 -0.000000
vn 0.999962 0.008761 -0.000000
vn 0.999962 0.008761 -0.000000
vn 0.999962 0.008761 -0.000000
vn 0.999962 0.008761 -0.000000
vn 0.999962 0.008761 -0.000000
vn 0.999962 0.008761 -0.000000
vn 1.000000 0.000000 0.000000
vn 1.000000 0.000000 0.000000
vn 1.000000 0.000000 0.000000
vn 1.000000 0.000000 0.000000
vn 1.000000 0.000000 0.000000
vn 1.000000 0.000000 0.000000
vn 0.995400 0.006627 0.095582
vn 0.995400 0.006627 0.095582
vn 0.999913 0.008592 -0.009977
vn 0.999913 0.008592 -0.009977
vn 0.997286 0.007667 0.073220
vn 0.997286 0.007667 0.073220
vn 0.999930 0.008187 0.008513
vn 0.999930 0.008187 0.008513
vn 0.977440 0.008070 -0.211060
vn 0.977440 0.008070 -0.211060
vn 0.999962 0.008722 0.000411
vn 0.999962 0.008722 0.000411
vn 0.000000 1.000000 0.000000
vn 0.000000 1.000000 0.000000
vn 0.000000 1.000000 0.000000
vn 0.000000 1.000000 0.000000
vn 0.000000 1.000000 0.000000
vn 0.000000 1.000000 0.000000
vn 0.000000 1.000000 -0.000001
vn 0.000000 1.000000 -0.000001
vn 0.025614 0.404707 0.914088
vn 0.024680 0.346991 0.937544
vn 0.008720 0.962827 0.269979
vn 0.008720 0.962825 0.269985
vn 0.005266 0.889639 0.456634
vn 0.005266 0.889630 0.456652
vn 0.000001 0.996397 0.084814
vn 0.000001 0.996397 0.084814
vn 0.000000 0.946327 0.323210
vn 0.000000 0.946327 0.323210
vn 0.000000 0.998731 0.050358
vn 0.000000 0.998731 0.050358
vn 0.000000 1.000000 0.000000
vn 0.000000 1.000000 0.000000
vn 0.000000 1.000000 0.000000
vn 0.000000 1.000000 0.000000
vn 0.000000 1.000000 -0.000000
vn 0.000000 1.000000 -0.000000
vn 0.000000 1.000000 -0.000003
vn 0.000000 1.000000 -0.000003
vn 0.021803 0.349367 0.936732
vn 0.023048 0.391453 0.919909
vn 0.008720 0.962777 0.270155
vn 0.008720 0.962777 0.270155
vn 0.005276 0.888668 0.458521
vn 0.005276 0.888668 0.458521
vn 0.000000 0.996397 0.084817
vn 0.000000 0.996397 0.084817
vn 0.000000 0.946328 0.323209
vn 0.000000 0.946328 0.323209
vn 0.000000 0.998731 0.050359
vn 0.000000 0.998731 0.050359
vn 0.888550 0.457500 0.034249
vn 0.888550 0.457500 0.034249
vn 0.888550 0.457500 0.034249
vn 0.888550 0.457500 0.034249
vn 0.967712 0.236659 0.086753
vn 0.967712 0.236659 0.086753
vn 0.967712 0.236659 0.086753
vn 0.967712 0.236659 0.086753
vn 0.974109 0.135334 0.181100
vn 0.974109 0.135334 0.181100
vn 0.974109 0.135334 0.181100
vn 0.974109 0.135334 0.181100
vn 0.948768 0.078104 0.306168
vn 0.948768 0.078104 0.306168
vn 0.948768 0.078104 0.306168
vn 0.948768 0.078104 0.306168
vn 0.000000 0.994720 0.102627
vn 0.000000 0.994720 0.102627
vn 0.000000 0.994720 0.102627
vn 0.000000 0.994720 0.102627
vn 0.000000 0.994720 0.102628
vn 0.000000 0.994720 0.102628
vn 0.000000 0.994720 0.102628
vn 0.000000 0.994720 0.102628
vn 0.000000 0.994720 0.102627
vn 0.000000 0.994720 0.102627
vn 0.000000 0.994720 0.102627
vn 0.000000 0.994720 0.102627
vn -0.022686 0.999373 0.027187
vn -0.022686 0.999373 0.027187
vn -0.022686 0.999373 0.027187
vn -0.022686 0.999373 0.027187
vn 0.867782 0.493173 0.061115
vn 0.867782 0.493173 0.061115
vn 0.867782 0.493173 0.061115
vn 0.867782 0.493173 0.061115
vn -0.327614 0.944498 0.024349
vn -0.327614 0.944498 0.024349
vn -0.327614 0.944498 0.024349
vn -0.327614 0.944498 0.024349
vn -0.051533 0.994315 0.093173
vn -0.051533 0.994315 0.093173
vn -0.051533 0.994315 0.093173
vn -0.051533 0.994315 0.093173
vn -0.170606 0.983922 0.052824
vn -0.170606 0.983922 0.052824
vn -0.170606 0.983922 0.052824
vn -0.170606 0.983922 0.052824
vn 0.999257 0.000000 -0.038546
vn 0.999257 0.000000 -0.038546
vn 0.999257 0.000000 -0.038546
vn 0.999257 0.000000 -0.038546
vn 0.999257 0.000000 -0.038546
vn 0.999257 0.000000 -0.038546
vn 0.999257 0.000000 -0.038546
vn 0.999257 0.000000 -0.038546
vn 0.942870 0.332184 -0.025481
vn 0.942871 0.332184 -0.025481
vn 0.942871 0.332184 -0.025481
vn 0.942870 0.332184 -0.025481
vn 0.999985 0.005401 0.000257
vn 0.999985 0.005401 0.000256
vn 0.999984 0.005491 0.001365
vn 0.999984 0.005490 0.001278
vn 0.999984 0.005547 0.000907
vn 0.999984 0.005547 0.000950
vn 0.999958 0.008258 -0.003961
vn 0.999948 0.008172 -0.006142
vn 0.999867 0.016301 0.001132
vn 0.999868 0.016231 0.000502
vn 0.028561 0.537416 0.842834
vn 0.028675 0.533413 0.845369
vn 0.028804 0.527048 0.849347
vn 0.028872 0.522955 0.851871
vn -0.207359 0.524148 0.825997
vn -0.209709 0.523943 0.825534
vn 0.817418 0.151509 0.555763
vn 0.830722 0.142232 0.538211
vn 0.988332 -0.151806 -0.012406
vn 0.988333 -0.151805 -0.012405
vn 0.988333 -0.151805 -0.012406
vn 0.999985 0.005401 0.000266
vn 0.999985 0.005401 0.000266
vn 0.999984 0.005493 0.001648
vn 0.999984 0.005493 0.001648
vn 0.999984 0.005542 0.000666
vn 0.999985 0.005542 0.000666
vn 0.999964 0.008434 0.000483
vn 0.999964 0.008434 0.000483
vn 0.999858 0.016527 0.003190
vn 0.999858 0.016527 0.003190
vn 0.030822 0.533427 0.845284
vn 0.030725 0.537466 0.842725
vn 0.030975 0.527076 0.849254
vn 0.031075 0.522946 0.851799
vn -0.231411 0.521893 0.821022
vn -0.231411 0.521893 0.821022
vn 0.875512 0.107455 0.471098
vn 0.875511 0.107455 0.471098
vn 0.988333 -0.151805 -0.012405
vn 0.988333 -0.151805 -0.012405
vn 0.999962 0.008747 0.000123
vn 0.999962 0.008747 0.000123
vn 0.999962 0.008747 0.000123
vn 0.999962 0.008747 0.000123
vn 0.999962 0.008746 0.000275
vn 0.999962 0.008746 0.000275
vn 0.999962 0.008746 0.000275
vn 0.999962 0.008746 0.000275
vn 0.607017 0.794265 0.025963
vn 0.607017 0.794265 0.025963
vn 0.607017 0.794265 0.025963
vn 0.607017 0.794265 0.025963
vn 0.000000 0.999531 0.030621
vn 0.000000 0.999531 0.030621
vn 0.000000 0.999531 0.030621
vn 0.000000 0.999531 0.030621
vn 0.000000 0.999531 0.030620
vn 0.000000 0.999531 0.030620
vn 0.000000 0.999531 0.030620
vn 0.000000 0.999531 0.030620
vn 0.000000 0.999531 0.030620
vn 0.000000 0.999531 0.030620
vn 0.000000 0.999531 0.030620
vn 0.000000 0.999531 0.030620
vn 0.000000 0.999531 0.030621
vn 0.000000 0.999531 0.030621
vn 0.000000 0.999531 0.030621
vn 0.000000 0.999531 0.030621
vn 0.999986 0.005398 0.000162
vn 0.999986 0.005398 0.000162
vn 0.999986 0.005398 0.000162
vn 0.999985 0.005398 0.000162
vn 0.999985 0.005397 0.000153
vn 0.999985 0.005397 0.000153
vn 0.999986 0.005397 0.000153
vn 0.999985 0.005397 0.000153
vn 0.999986 0.005397 0.000142
vn 0.999986 0.005397 0.000142
vn 0.999986 0.005397 0.000142
vn 0.999985 0.005397 0.000142
vn 0.089665 -0.995594 -0.027431
vn 0.089665 -0.995594 -0.027431
vn 0.089665 -0.995594 -0.027431
vn 0.089665 -0.995594 -0.027431
vn 0.124968 -0.991738 -0.028971
vn 0.124968 -0.991738 -0.028971
vn 0.124968 -0.991738 -0.028971
vn 0.124968 -0.991738 -0.028971
vn 0.125091 -0.991781 -0.026867
vn 0.125091 -0.991782 -0.026867
vn 0.125091 -0.991782 -0.026867
vn 0.125091 -0.991782 -0.026867
vn 0.636665 -0.770928 -0.018109
vn 0.636665 -0.770928 -0.018109
vn 0.636665 -0.770928 -0.018109
vn 0.636665 -0.770928 -0.018109
vn 0.147923 -0.540131 -0.828479
vn 0.000000 1.000000 0.000000
vn 0.000000 1.000000 0.000000
vn 0.000000 1.000000 0.000000
vn 0.000000 1.000000 0.000000
vn 0.000000 1.000000 0.000000
vn 0.000000 1.000000 0.000000
vn 0.000000 1.000000 0.000000
vn 0.000000 1.000000 0.000000
vn 0.999392 0.010145 -0.033353
vn 0.976222 0.066615 -0.206287
vn 0.976222 0.066615 -0.206287
vn -0.038954 0.323982 -0.945261
vn -0.038954 0.323982 -0.945261
vn 0.005236 0.325846 -0.945408
vn 0.004775 0.327101 -0.944977
vn 0.004532 0.323389 -0.946255
vn 0.003721 0.322141 -0.946684
vn 0.565706 -0.824427 0.017236
vn 0.565706 -0.824427 0.017236
vn 0.565706 -0.824427 0.017236
vn 0.565706 -0.824427 0.017236
vn 0.999789 0.020549 -0.000541
vn 0.999789 0.020549 -0.000541
vn 0.000421 0.999944 -0.010609
vn 0.000417 0.999943 -0.010637
vn 0.000436 0.999944 -0.010558
vn 0.000450 0.999945 -0.010530
vn -0.003437 0.999938 -0.010583
vn -0.003437 0.999938 -0.010583
vn 0.955092 0.296306 -0.001226
vn 0.955092 0.296306 -0.001226
vn 0.999982 0.005942 0.000008
vn 0.999982 0.005942 0.000010
vn 0.999982 0.005942 0.000007
vn 0.614931 -0.788409 0.016496
vn 0.614931 -0.788409 0.016496
vn 0.614930 -0.788409 0.016496
vn 0.614931 -0.788409 0.016496
vn 0.832549 0.553952 -0.000000
vn 0.832549 0.553952 -0.000000
vn 0.832549 0.553952 -0.000000
vn 0.832549 0.553952 -0.000000
vn 0.857043 0.484494 0.175338
vn 0.857043 0.484494 0.175338
vn 0.857043 0.484494 0.175338
vn 0.857043 0.484494 0.175338
vn 0.932441 0.359074 0.040260
vn 0.932440 0.359074 0.040260
vn 0.932441 0.359074 0.040260
vn 0.932441 0.359074 0.040260
vn 0.980098 -0.146457 -0.134011
vn 0.980098 -0.146457 -0.134011
vn 0.980098 -0.146457 -0.134011
vn 0.980098 -0.146457 -0.134011
vn 0.706779 -0.700875 -0.096109
vn 0.706779 -0.700875 -0.096109
vn 0.706779 -0.700875 -0.096109
vn 0.706779 -0.700875 -0.096109
vn 0.982112 -0.185230 0.033859
vn 0.982112 -0.185230 0.033859
vn 0.982112 -0.185230 0.033859
vn 0.982112 -0.185230 0.033859
vn 0.970378 0.232711 0.064905
vn 0.970378 0.232711 0.064905
vn 0.970378 0.232711 0.064905
vn 0.970378 0.232711 0.064905
vn 0.981050 0.175260 0.082616
vn 0.981050 0.175260 0.082616
vn 0.981050 0.175260 0.082616
vn 0.981050 0.175260 0.082616
vn 0.972195 0.227936 0.053691
vn 0.972195 0.227936 0.053691
vn 0.972195 0.227936 0.053691
vn 0.972195 0.227936 0.053691
vn 0.981532 0.188933 0.030002
vn 0.981532 0.188933 0.030002
vn 0.981532 0.188933 0.030002
vn 0.981532 0.188933 0.030002
vn 0.000000 0.976024 0.217663
vn 0.000000 0.976024 0.217663
vn 0.000000 0.976024 0.217663
vn 0.000000 0.976024 0.217663
vn 0.000000 0.976024 0.217664
vn 0.000000 0.976024 0.217664
vn 0.000000 0.976024 0.217664
vn 0.000000 0.976024 0.217664
vn 0.000000 0.976024 0.217663
vn 0.000000 0.976024 0.217663
vn 0.000000 0.976024 0.217663
vn 0.000000 0.976024 0.217663
s off
g polySurface25
usemtl initialShadingGroup
f 22/1/1 20/2/2 1/3/3 2/4/4
s 1
f 1344/2515/5 1345/2516/6 82/26/7 88/107/8
s 2
f 1347/2519/9 1348/2520/10 87/94/11 1322/2489/12
s off
f 76/9/13 68/10/14 3/11/15 25/12/16
f 127/13/17 116/14/18 6/15/19 36/16/20
f 125/17/21 121/18/22 7/19/23 26/20/24
s 3
f 1342/2513/25 1343/2514/26 6/24/27 116/21/28
s 4
f 79/92/29 88/25/30 82/26/31 38/125/32 160/93/33
s 5
f 139/28/34 140/29/35 36/30/36 86/31/37
s off
f 115/32/38 97/33/39 27/34/40 112/35/41
f 43/36/42 53/37/43 9/38/44 10/39/45
f 2/4/46 1/3/47 14/40/48 15/41/49
f 32/42/50 19/43/51 52/44/52 51/45/53 28/46/54
s 6
f 71/47/55 70/48/56 165/49/57 166/50/58
s 7
f 70/48/59 72/51/60 164/52/61 165/49/62
s 8
f 78/53/63 71/54/64 166/55/65 167/56/66
s 9
f 77/57/67 74/58/68 162/59/69 163/60/70
s 10
f 168/61/71 169/62/72 75/63/73 73/64/74
s off
f 56/65/75 43/36/76 10/39/77 29/66/78
s 11
f 201/67/79 202/68/80 10/39/81 9/38/82
s off
f 35/69/83 58/70/84 59/123/85 39/124/86 37/122/87
s 12
f 200/71/88 201/67/89 9/38/90 35/69/91
s 13
f 1320/2487/92 1321/2488/93 27/34/94 97/33/95
s 14
f 74/58/96 69/73/97 161/74/98 162/59/99
s off
f 108/75/100 107/76/101 24/77/102 19/78/103
f 107/76/104 106/79/105 23/80/106 24/77/107
f 110/81/108 104/82/109 21/83/110 31/84/111
f 105/85/112 103/86/113 20/2/114 22/1/115
f 109/87/116 108/88/117 19/43/118 32/42/119
f 113/89/120 114/90/121 42/91/122
s 15
f 1321/2488/123 1322/2489/124 87/94/125 27/34/126
s 16
f 1325/2493/127 1326/2494/128 125/17/129 26/20/130
s 17
f 1323/2491/131 1324/2492/132 76/9/133 25/12/134
s 18
f 87/162/135 1348/2520/136 1349/2521/137 83/161/138
s off
f 103/86/139 109/87/140 32/42/141 20/2/142
f 106/79/143 110/81/144 31/84/145 23/80/146
s 19
f 73/64/147 78/53/148 167/56/149 168/61/150
s 20
f 72/51/151 77/57/152 163/60/153 164/52/154
s off
f 1/3/155 28/46/156 30/100/157 14/40/158
f 20/2/159 32/42/160 28/46/161 1/3/162
s 21
f 1311/2476/163 1312/2477/164 33/103/165 34/104/166
s 22
f 1310/2474/167 1311/2476/168 34/104/169 100/105/170
s 23
f 69/73/171 79/92/172 160/93/173 161/74/174
s off
f 60/108/175 40/109/176 39/110/177 59/111/178
f 28/46/179 51/45/180 50/112/181 13/113/182 30/100/183
f 45/114/184 56/65/185 29/66/186 11/115/187
f 48/116/188 45/114/189 11/115/190 12/117/191
f 35/69/192 9/38/193 53/37/194 58/70/195
s 24
f 200/71/196 86/31/197 6/24/198 210/367/199
s 25
f 140/118/200 141/119/201 127/13/202 36/16/203
s off
f 50/120/204 48/116/205 12/117/206 13/121/207
f 49/126/208 50/112/209 51/45/210 52/44/211
f 56/127/212 45/128/213 46/129/214 55/130/215
f 48/131/216 50/132/217 49/133/218 47/134/219
f 45/128/220 48/131/221 47/134/222 46/129/223
f 58/135/224 53/136/225 54/137/226 57/138/227
f 53/136/228 43/139/229 44/140/230 54/137/231
f 43/139/232 56/127/233 55/130/234 44/140/235
f 60/141/236 59/123/237 58/135/238 57/138/239
s 26
f 1314/2479/240 1315/2480/241 63/144/242 62/145/243
s 27
f 1315/2480/244 1316/2481/245 61/147/246 63/144/247
s 28
f 1316/2481/248 1317/2482/249 156/149/250 61/147/251
s off
f 87/94/252 83/150/253 112/35/254 27/34/255
s 29
f 1313/2478/256 1314/2479/257 62/145/258 81/152/259
s 30
f 1312/2477/260 1313/2478/261 81/152/262 33/103/263
s 31
f 14/40/264 30/100/265 207/153/266 208/154/267
s 32
f 11/115/268 29/66/269 203/155/270 204/156/271
s 33
f 1324/2492/272 1325/2493/273 26/20/274 76/9/275
s 34
f 15/41/276 14/40/277 208/154/278 209/157/279
s 35
f 29/66/280 10/39/281 202/68/282 203/155/283
s 36
f 30/100/284 13/113/285 206/158/286 207/153/287
s 37
f 12/117/288 11/115/289 204/156/290 205/159/291
s 38
f 13/121/292 12/117/293 205/159/294 206/160/295
s off
f 26/20/296 7/19/297 68/10/298 76/9/299
s 24
f 6/24/198 1343/2514/300 1344/2515/301 88/25/302
s 40
f 37/163/303 138/164/304 139/28/305 86/31/306
s off
f 113/89/307 111/167/308 84/168/309 114/90/310
s 41
f 137/169/311 138/170/312 37/122/313 39/124/314
s off
f 42/91/315 114/90/316 41/171/317 157/172/318
s 42
f 39/110/319 40/109/320 136/173/321 137/174/322
s 43
f 142/175/323 149/176/324 150/177/325 126/178/326
s 44
f 141/119/327 142/175/328 126/178/329 127/13/330
s 45
f 1327/2495/331 1328/2496/332 153/180/333 124/181/334
s 46
f 1326/2494/335 1327/2495/336 124/181/337 125/17/338
s 47
f 1340/2511/339 1341/2512/340 117/186/341 151/183/342
s 48
f 117/186/343 1341/2512/344 1342/2513/345 116/21/346
s off
f 153/180/347 154/187/348 120/188/349 124/181/350
f 124/181/351 120/188/352 121/18/353 125/17/354
f 150/177/355 151/189/356 117/190/357 126/178/358
f 126/178/359 117/190/360 116/14/361 127/13/362
s 49
f 83/161/363 1349/2521/364 1350/2522/365 112/191/366
s off
f 112/166/367 1350/2523/368 1362/2537/369 17/101/370 96/106/371 115/165/372
f 68/10/373 80/193/374 16/194/375 3/11/376
f 84/195/377 8/196/378 85/197/379
f 84/195/380 111/198/381 8/196/382
f 8/199/383 111/200/384 113/201/385 123/202/386
f 7/19/387 121/18/388 64/203/389 65/204/390
f 7/19/391 65/204/392 80/193/393 68/10/394
f 113/201/395 42/91/396 123/202/397
f 42/91/398 18/205/399 122/206/400 123/202/401
f 64/203/402 121/18/403 120/188/404 66/207/405
f 66/207/406 120/188/407 154/187/408 155/208/409
f 18/205/410 147/209/411 148/210/412 122/206/413
f 44/140/414 55/130/415 31/84/416 21/83/417
f 55/130/418 46/129/419 23/80/420 31/84/421
f 46/129/422 47/134/423 24/77/424 23/80/425
f 47/134/426 49/133/427 19/78/428 24/77/429
f 44/211/430 21/83/431 129/212/432 54/213/433
f 104/82/434 128/214/435 129/212/436 21/83/437
f 54/215/438 129/212/439 130/216/440 57/217/441
f 130/216/442 129/212/443 128/214/444 131/218/445
f 57/219/446 130/216/447 133/220/448 60/221/449
f 131/218/450 132/222/451 133/220/452 130/216/453
f 60/223/454 133/220/455 135/224/456 40/225/457
f 132/222/458 134/226/459 135/224/460 133/220/461
s 42
f 137/174/322 136/173/321 41/227/462 114/228/463
s 41
f 84/168/464 138/170/312 137/169/311 114/90/465
s 40
f 139/28/305 138/164/304 84/195/466 85/197/467
s 5
f 8/196/468 140/29/35 139/28/34 85/197/469
s 25
f 123/229/470 141/119/201 140/118/200 8/230/471
s 44
f 122/231/472 142/175/328 141/119/327 123/229/473
s 43
f 148/232/474 149/176/324 142/175/323 122/231/475
s 50
f 134/233/476 143/234/477 144/235/478 135/236/479
f 135/236/479 144/235/478 136/173/480 40/109/481
s off
f 136/237/482 144/235/483 146/238/484 41/171/485
f 143/234/486 145/239/487 146/238/488 144/235/489
s 51
f 18/205/490 42/91/491 157/172/492 158/240/493
s 52
f 158/240/494 159/241/495 147/209/496 18/205/497
s 51
f 158/240/493 157/172/492 41/171/498 146/238/499
s 52
f 146/238/500 145/239/501 159/241/495 158/240/494
s 4
f 38/125/32 102/242/502 101/243/503 160/93/33
s 23
f 161/74/174 160/93/173 101/243/504 94/244/505
s 14
f 162/59/99 161/74/98 94/244/506 89/245/507
s 9
f 163/60/70 162/59/69 89/245/508 98/246/509
s 20
f 164/52/154 163/60/153 98/246/510 91/247/511
s 7
f 165/49/62 164/52/61 91/247/512 93/248/513
s 6
f 166/50/58 165/49/57 93/248/514 95/249/515
s 8
f 167/56/66 166/55/65 95/250/516 99/251/517
s 19
f 168/61/150 167/56/149 99/251/518 90/252/519
s 10
f 92/253/520 169/62/72 168/61/71 90/252/521
s 53
f 1309/2472/522 1310/2475/523 100/257/524 171/258/525
s 54
f 1319/2485/526 1320/2486/527 97/261/528 173/262/529
s off
f 94/264/530 101/265/531 175/266/532 174/267/533
f 90/268/534 99/269/535 177/270/536 176/271/537
f 91/272/538 98/273/539 179/274/540 178/275/541
f 101/276/542 102/277/543 172/278/544 175/279/545
f 95/280/546 93/281/547 181/282/548 180/283/549
f 93/284/550 91/285/551 178/286/552 181/287/553
f 92/288/554 90/289/555 176/290/556 182/291/557
f 98/292/558 89/293/559 183/294/560 179/295/561
f 99/296/562 95/297/563 180/298/564 177/299/565
f 89/300/566 94/301/567 174/302/568 183/303/569
f 97/304/570 115/305/571 184/306/572 173/307/573
f 184/309/574 115/308/575 96/254/576 170/255/577
s 55
f 1308/2471/578 1309/2473/579 171/313/580 186/314/581
s 56
f 1318/2483/582 1319/2484/583 173/317/584 188/318/585
s off
f 174/320/586 175/321/587 190/322/588 189/323/589
f 176/324/590 177/325/591 192/326/592 191/327/593
f 178/328/594 179/329/595 194/330/596 193/331/597
f 175/332/598 172/333/599 187/334/600 190/335/601
f 180/336/602 181/337/603 196/338/604 195/339/605
f 181/340/606 178/341/607 193/342/608 196/343/609
f 182/344/610 176/345/611 191/346/612 197/347/613
f 179/348/614 183/349/615 198/350/616 194/351/617
f 177/352/618 180/353/619 195/354/620 192/355/621
f 183/356/622 174/357/623 189/358/624 198/359/625
f 173/360/626 184/361/627 199/362/628 188/363/629
f 185/311/630 199/365/631 184/364/632 170/310/633
s 24
f 35/69/634 37/122/635 86/366/197 200/71/196
s 12
f 210/367/636 211/368/637 201/67/89 200/71/88
s 11
f 211/368/638 212/369/639 202/68/80 201/67/79
s 35
f 203/155/283 202/68/282 212/369/640 213/370/641
s 32
f 204/156/271 203/155/270 213/370/642 214/371/643
s 37
f 205/159/291 204/156/290 214/371/644 215/372/645
s 38
f 206/160/295 205/159/294 215/372/646 216/373/647
s 36
f 207/153/287 206/158/286 216/374/648 71/54/649 78/53/650
s 31
f 208/154/267 207/153/266 78/53/651 73/64/652
s 34
f 209/157/279 208/154/278 73/64/653 75/63/654
s 24
f 6/24/198 88/25/302 79/92/655 210/367/199
s 12
f 79/92/656 69/73/657 211/368/637 210/367/636
s 11
f 69/73/658 74/58/659 212/369/639 211/368/638
s 35
f 213/370/641 212/369/640 74/58/660 77/57/661
s 32
f 214/371/643 213/370/642 77/57/662 72/51/663
s 37
f 215/372/645 214/371/644 72/51/664 70/48/665
s 38
f 216/373/647 215/372/646 70/48/666 71/47/667
s off
f 219/376/668 221/375/669 234/377/670 232/378/671
f 232/378/672 234/377/673 223/379/674 220/382/675
s 57
f 223/379/676 289/380/677 276/381/678 220/382/679
s off
f 218/383/680 224/384/681 233/398/682 231/397/683
f 253/385/684 223/379/685 234/377/686 251/399/687
f 226/386/688 273/387/689 260/388/690
f 281/389/691 229/390/692 237/391/693 285/392/694
f 259/393/695 225/394/696 235/395/697 263/396/698
f 222/401/699 217/400/700 231/397/701 233/398/702
f 221/375/703 252/402/704 251/399/705 234/377/706
f 226/386/707 260/388/708 264/403/709 236/404/710
s 58
f 390/405/711 391/406/712 258/407/713 262/408/714
s off
f 288/409/715 250/410/716 228/411/717 277/412/718
f 250/410/719 271/413/720 256/414/721 228/411/722
f 286/415/723 289/380/724 245/416/725
f 242/417/726 240/418/727 246/419/728
f 257/420/729 270/421/730 273/387/731 226/386/732
f 242/417/733 280/422/734 284/423/735 244/424/736
f 225/394/737 266/425/738 268/426/739 254/427/740
f 272/428/741 249/429/742 230/430/743 261/431/744
s 59
f 391/406/745 392/432/746 267/433/747 258/407/748
s off
f 274/434/749 227/435/750 247/436/751 291/437/752
s 60
f 267/433/753 392/432/754 393/438/755 269/439/756
s off
f 292/440/757 248/441/758 229/390/759 281/389/760
f 259/393/761 266/425/762 225/394/763
f 279/442/764 242/417/765 244/424/766 283/443/767
f 286/415/768 245/416/769 279/442/770
f 222/401/771 233/398/772 243/444/773 239/448/774
f 230/430/775 278/445/776 282/446/777 238/447/778
f 243/444/779 233/398/780 224/384/781 241/450/782
f 242/417/783 246/419/784 293/449/785 280/422/786
f 250/451/787 288/452/788 287/453/789 249/429/790
f 271/454/791 250/451/792 249/429/793 272/428/794
s 61
f 393/455/795 330/456/796 255/457/797 269/458/798
s off
f 261/431/799 230/430/800 238/447/801 265/459/802
f 248/460/803 292/461/804 291/437/805 247/436/806
f 239/448/807 243/444/808 251/399/809 252/402/810
f 253/385/811 251/399/812 243/444/813 241/450/814
f 246/419/815 290/462/816 293/449/817
f 261/431/818 265/459/819 264/463/820 260/464/821
f 259/393/822 263/396/823 262/465/824 258/466/825
f 268/426/826 266/425/827 267/467/828 269/468/829
f 273/387/830 270/421/831 271/469/832 272/470/833
f 258/407/834 267/433/835 266/471/836 259/472/837
f 269/468/838 255/473/839 254/427/840 268/426/841
f 256/474/842 271/469/843 270/421/844 257/420/845
f 272/428/846 261/431/847 260/464/848 273/475/849
f 279/442/850 245/416/851 240/418/852 242/417/853
f 249/429/854 287/453/855 278/445/856 230/430/857
f 284/476/858 280/477/859 281/389/860 285/392/861
f 282/446/862 278/445/863 279/478/864 283/479/865
f 287/453/866 288/452/867 289/480/868 286/481/869
f 291/482/870 292/440/871 293/483/872 290/484/873
f 276/485/874 289/486/875 288/409/876 277/412/877
f 286/481/878 279/478/879 278/445/880 287/453/881
f 290/487/882 275/488/883 274/434/884 291/437/885
f 280/477/886 293/483/887 292/440/888 281/389/889
f 295/489/890 301/490/891 319/491/892 320/492/893
f 301/493/894 300/494/895 321/495/896 319/496/897
f 302/497/898 298/498/899 322/499/900 323/500/901
f 299/501/902 297/502/903 324/503/904 325/504/905
f 298/505/906 296/506/907 326/507/908 322/508/909
f 303/509/910 295/510/911 320/511/912 327/512/913
f 297/513/914 303/514/915 327/515/916 324/516/917
f 300/517/918 302/518/919 323/519/920 321/520/921
s 62
f 225/521/922 384/522/923 304/523/924 235/524/925
s off
f 315/525/926 311/526/927 328/527/928 329/528/929
s 63
f 310/529/930 330/530/931 227/531/932 394/532/933
s 64
f 218/533/934 388/534/935 307/535/936 275/536/937
s off
f 310/537/938 308/538/939 255/539/940 330/540/941
f 311/541/942 306/542/943 217/543/944 328/544/945
f 308/545/946 305/546/947 254/547/948 255/548/949
f 294/549/950 309/550/951 332/551/952 331/552/953
f 296/553/954 312/554/955 333/555/956 326/556/957
f 312/557/958 313/558/959 334/559/960 333/560/961
f 313/561/962 314/562/963 335/563/964 334/564/965
f 309/565/966 315/566/967 329/567/968 332/551/969
f 314/568/970 316/569/971 336/570/972 335/571/973
f 316/572/974 317/573/975 337/574/976 336/575/977
f 318/576/978 294/577/979 331/552/980 338/578/981
f 317/579/982 318/580/983 338/578/984 337/574/985
f 367/581/986 368/582/987 339/583/988 340/584/989
f 368/585/990 369/586/991 341/587/992 339/588/993
f 370/589/994 371/590/995 342/591/996 343/592/997
f 364/593/998 365/594/999 344/595/1000 345/596/1001
f 371/597/1002 372/598/1003 346/599/1004 342/600/1005
f 366/601/1006 367/602/1007 340/603/1008 347/604/1009
f 365/605/1010 366/606/1011 347/607/1012 344/608/1013
f 369/609/1014 370/610/1015 343/611/1016 341/612/1017
s 65
f 385/613/1018 226/614/1019 236/615/1020 348/616/1021
s off
f 381/617/1022 382/618/1023 350/619/1024 351/620/1025
s 66
f 397/621/1026 228/622/1027 383/623/1028 352/624/1029
s 67
f 386/625/1030 220/626/1031 276/627/1032 353/628/1033
s off
f 383/629/1034 256/630/1035 355/631/1036 352/632/1037
f 382/633/1038 219/634/1039 354/635/1040 350/636/1041
f 256/637/1042 257/638/1043 349/639/1044 355/640/1045
f 379/641/1046 380/642/1047 357/643/1048 356/644/1049
f 372/645/1050 373/646/1051 358/647/1052 346/648/1053
f 373/649/1054 374/650/1055 359/651/1056 358/652/1057
f 374/653/1058 375/654/1059 360/655/1060 359/656/1061
f 380/642/1062 381/657/1063 351/658/1064 357/659/1065
f 375/660/1066 376/661/1067 361/662/1068 360/663/1069
f 376/664/1070 377/665/1071 362/666/1072 361/667/1073
f 378/668/1074 379/641/1075 356/669/1076 363/670/1077
f 377/665/1078 378/668/1079 363/671/1080 362/672/1081
s 62
f 305/673/1082 384/522/923 225/521/922 254/674/1083
s 65
f 257/675/1084 226/614/1019 385/613/1018 349/676/1085
s 67
f 354/678/1086 219/677/1087 232/680/1088 387/679/1089
f 387/679/1089 232/680/1088 220/626/1031 386/625/1030
s 64
f 388/534/935 218/533/934 231/681/1090 389/682/1091
f 389/682/1091 231/681/1090 217/689/1092 306/688/1093
s 58
f 229/390/1094 391/406/712 390/405/711 237/391/1095
s 59
f 248/441/1096 392/432/746 391/406/745 229/390/1097
s 60
f 393/438/755 392/432/754 248/441/1098 247/683/1099
s 61
f 227/435/1100 330/456/796 393/455/795 247/436/1101
s 63
f 394/532/933 227/531/932 274/684/1102 395/685/1103
f 395/685/1103 274/684/1102 275/686/1104 307/687/1105
s 57
f 290/462/1106 224/384/1107 218/383/1108 275/690/1109
f 246/419/1110 224/384/1107 290/462/1106
f 241/450/1111 224/384/1107 246/419/1110 240/418/1112
f 241/450/1111 240/418/1112 245/416/1113 253/385/1114
f 253/385/1114 245/416/1113 289/380/677 223/379/676
s 66
f 276/691/1115 277/692/1116 396/693/1117 353/694/1118
f 396/693/1117 277/692/1116 228/622/1027 397/621/1026
s off
f 221/695/1119 219/696/1120 382/697/1121 398/698/1122
f 217/699/1123 222/700/1124 399/701/1125 328/702/1126
f 252/703/1127 221/704/1128 398/705/1129 400/706/1130
f 222/707/1131 239/708/1132 401/709/1133 399/710/1134
f 239/711/1135 252/712/1136 400/713/1137 401/714/1138
s 69
f 329/528/1139 328/527/1140 399/715/1141 402/716/1142
f 402/716/1142 399/715/1141 401/717/1143 403/718/1144
f 403/718/1144 401/717/1143 400/719/1145 404/720/1146
f 404/720/1146 400/719/1145 398/721/1147 405/722/1148
f 405/722/1148 398/721/1147 382/618/1149 381/617/1150
s off
f 332/551/1151 329/567/1152 381/657/1153 380/642/1154
f 337/574/1155 338/578/1156 378/668/1157 377/665/1158
f 338/578/1159 331/552/1160 379/641/1161 378/668/1162
f 331/552/1163 332/551/1164 380/642/1165 379/641/1166
f 325/504/1167 324/503/1168 365/594/1169 364/593/1170
f 324/516/1171 327/515/1172 366/606/1173 365/605/1174
f 327/512/1175 320/511/1176 367/602/1177 366/601/1178
f 320/492/1179 319/491/1180 368/582/1181 367/581/1182
f 319/496/1183 321/495/1184 369/586/1185 368/585/1186
f 321/520/1187 323/519/1188 370/610/1189 369/609/1190
f 323/500/1191 322/499/1192 371/590/1193 370/589/1194
f 322/508/1195 326/507/1196 372/598/1197 371/597/1198
f 326/556/1199 333/555/1200 373/646/1201 372/645/1202
f 333/560/1203 334/559/1204 374/650/1205 373/649/1206
f 334/564/1207 335/563/1208 375/654/1209 374/653/1210
f 335/571/1211 336/570/1212 376/661/1213 375/660/1214
f 336/575/1215 337/574/1216 377/665/1217 376/664/1218
f 408/724/1219 410/723/1220 423/725/1221 421/726/1222
f 421/726/1223 423/725/1224 412/727/1225 409/730/1226
s 70
f 412/727/1227 478/728/1228 465/729/1229 409/730/1230
s off
f 407/731/1231 413/732/1232 422/746/1233 420/745/1234
f 442/733/1235 412/727/1236 423/725/1237 440/747/1238
f 415/734/1239 462/735/1240 449/736/1241
f 470/737/1242 418/738/1243 426/739/1244 474/740/1245
f 448/741/1246 414/742/1247 424/743/1248 452/744/1249
f 411/749/1250 406/748/1251 420/745/1252 422/746/1253
f 410/723/1254 441/750/1255 440/747/1256 423/725/1257
f 415/734/1258 449/736/1259 453/751/1260 425/752/1261
s 71
f 579/753/1262 580/754/1263 447/755/1264 451/756/1265
s off
f 477/757/1266 439/758/1267 417/759/1268 466/760/1269
f 439/758/1270 460/761/1271 445/762/1272 417/759/1273
f 475/763/1274 478/728/1275 434/764/1276
f 431/765/1277 429/766/1278 435/767/1279
f 446/768/1280 459/769/1281 462/735/1282 415/734/1283
f 431/765/1284 469/770/1285 473/771/1286 433/772/1287
f 414/742/1288 455/773/1289 457/774/1290 443/775/1291
f 461/776/1292 438/777/1293 419/778/1294 450/779/1295
s 72
f 580/754/1296 581/780/1297 456/781/1298 447/755/1299
s off
f 463/782/1300 416/783/1301 436/784/1302 480/785/1303
s 73
f 456/781/1304 581/780/1305 582/786/1306 458/787/1307
s off
f 481/788/1308 437/789/1309 418/738/1310 470/737/1311
f 448/741/1312 455/773/1313 414/742/1314
f 468/790/1315 431/765/1316 433/772/1317 472/791/1318
f 475/763/1319 434/764/1320 468/790/1321
f 411/749/1322 422/746/1323 432/792/1324 428/796/1325
f 419/778/1326 467/793/1327 471/794/1328 427/795/1329
f 432/792/1330 422/746/1331 413/732/1332 430/798/1333
f 431/765/1334 435/767/1335 482/797/1336 469/770/1337
f 439/799/1338 477/800/1339 476/801/1340 438/777/1341
f 460/802/1342 439/799/1343 438/777/1344 461/776/1345
s 74
f 582/803/1346 519/804/1347 444/805/1348 458/806/1349
s off
f 450/779/1350 419/778/1351 427/795/1352 454/807/1353
f 437/808/1354 481/809/1355 480/785/1356 436/784/1357
f 428/796/1358 432/792/1359 440/747/1360 441/750/1361
f 442/733/1362 440/747/1363 432/792/1364 430/798/1365
f 435/767/1366 479/810/1367 482/797/1368
f 450/779/1369 454/807/1370 453/811/1371 449/812/1372
f 448/741/1373 452/744/1374 451/813/1375 447/814/1376
f 457/774/1377 455/773/1378 456/815/1379 458/816/1380
f 462/735/1381 459/769/1382 460/817/1383 461/818/1384
f 447/755/1385 456/781/1386 455/819/1387 448/820/1388
f 458/816/1389 444/821/1390 443/775/1391 457/774/1392
f 445/822/1393 460/817/1394 459/769/1395 446/768/1396
f 461/776/1397 450/779/1398 449/812/1399 462/823/1400
f 468/790/1401 434/764/1402 429/766/1403 431/765/1404
f 438/777/1405 476/801/1406 467/793/1407 419/778/1408
f 473/824/1409 469/825/1410 470/737/1411 474/740/1412
f 471/794/1413 467/793/1414 468/826/1415 472/827/1416
f 476/801/1417 477/800/1418 478/828/1419 475/829/1420
f 480/830/1421 481/788/1422 482/831/1423 479/832/1424
f 465/833/1425 478/834/1426 477/757/1427 466/760/1428
f 475/829/1429 468/826/1430 467/793/1431 476/801/1432
f 479/835/1433 464/836/1434 463/782/1435 480/785/1436
f 469/825/1437 482/831/1438 481/788/1439 470/737/1440
f 484/837/1441 490/838/1442 508/839/1443 509/840/1444
f 490/841/1445 489/842/1446 510/843/1447 508/844/1448
f 491/845/1449 487/846/1450 511/847/1451 512/848/1452
f 488/849/1453 486/850/1454 513/851/1455 514/852/1456
f 487/853/1457 485/854/1458 515/855/1459 511/856/1460
f 492/857/1461 484/858/1462 509/859/1463 516/860/1464
f 486/861/1465 492/862/1466 516/863/1467 513/864/1468
f 489/865/1469 491/866/1470 512/867/1471 510/868/1472
s 75
f 414/869/1473 573/870/1474 493/871/1475 424/872/1476
s off
f 504/873/1477 500/874/1478 517/875/1479 518/876/1480
s 76
f 499/877/1481 519/878/1482 416/879/1483 583/880/1484
s 77
f 407/881/1485 577/882/1486 496/883/1487 464/884/1488
s off
f 499/885/1489 497/886/1490 444/887/1491 519/888/1492
f 500/889/1493 495/890/1494 406/891/1495 517/892/1496
f 497/893/1497 494/894/1498 443/895/1499 444/896/1500
f 483/897/1501 498/898/1502 521/899/1503 520/900/1504
f 485/901/1505 501/902/1506 522/903/1507 515/904/1508
f 501/905/1509 502/906/1510 523/907/1511 522/908/1512
f 502/909/1513 503/910/1514 524/911/1515 523/912/1516
f 498/913/1517 504/914/1518 518/915/1519 521/899/1520
f 503/916/1521 505/917/1522 525/918/1523 524/919/1524
f 505/920/1525 506/921/1526 526/922/1527 525/923/1528
f 507/924/1529 483/925/1530 520/900/1531 527/926/1532
f 506/927/1533 507/928/1534 527/926/1535 526/922/1536
f 556/929/1537 557/930/1538 528/931/1539 529/932/1540
f 557/933/1541 558/934/1542 530/935/1543 528/936/1544
f 559/937/1545 560/938/1546 531/939/1547 532/940/1548
f 553/941/1549 554/942/1550 533/943/1551 534/944/1552
f 560/945/1553 561/946/1554 535/947/1555 531/948/1556
f 555/949/1557 556/950/1558 529/951/1559 536/952/1560
f 554/953/1561 555/954/1562 536/955/1563 533/956/1564
f 558/957/1565 559/958/1566 532/959/1567 530/960/1568
s 78
f 574/961/1569 415/962/1570 425/963/1571 537/964/1572
s off
f 570/965/1573 571/966/1574 539/967/1575 540/968/1576
s 79
f 586/969/1577 417/970/1578 572/971/1579 541/972/1580
s 80
f 575/973/1581 409/974/1582 465/975/1583 542/976/1584
s off
f 572/977/1585 445/978/1586 544/979/1587 541/980/1588
f 571/981/1589 408/982/1590 543/983/1591 539/984/1592
f 445/985/1593 446/986/1594 538/987/1595 544/988/1596
f 568/989/1597 569/990/1598 546/991/1599 545/992/1600
f 561/993/1601 562/994/1602 547/995/1603 535/996/1604
f 562/997/1605 563/998/1606 548/999/1607 547/1000/1608
f 563/1001/1609 564/1002/1610 549/1003/1611 548/1004/1612
f 569/990/1613 570/1005/1614 540/1006/1615 546/1007/1616
f 564/1008/1617 565/1009/1618 550/1010/1619 549/1011/1620
f 565/1012/1621 566/1013/1622 551/1014/1623 550/1015/1624
f 567/1016/1625 568/989/1626 545/1017/1627 552/1018/1628
f 566/1013/1629 567/1016/1630 552/1019/1631 551/1020/1632
s 75
f 494/1021/1633 573/870/1474 414/869/1473 443/1022/1634
s 78
f 446/1023/1635 415/962/1570 574/961/1569 538/1024/1636
s 80
f 543/1026/1637 408/1025/1638 421/1028/1639 576/1027/1640
f 576/1027/1640 421/1028/1639 409/974/1582 575/973/1581
s 77
f 577/882/1486 407/881/1485 420/1029/1641 578/1030/1642
f 578/1030/1642 420/1029/1641 406/1037/1643 495/1036/1644
s 71
f 418/738/1645 580/754/1263 579/753/1262 426/739/1646
s 72
f 437/789/1647 581/780/1297 580/754/1296 418/738/1648
s 73
f 582/786/1306 581/780/1305 437/789/1649 436/1031/1650
s 74
f 416/783/1651 519/804/1347 582/803/1346 436/784/1652
s 76
f 583/880/1484 416/879/1483 463/1032/1653 584/1033/1654
f 584/1033/1654 463/1032/1653 464/1034/1655 496/1035/1656
s 70
f 479/810/1657 413/732/1658 407/731/1659 464/1038/1660
f 435/767/1661 413/732/1658 479/810/1657
f 430/798/1662 413/732/1658 435/767/1661 429/766/1663
f 430/798/1662 429/766/1663 434/764/1664 442/733/1665
f 442/733/1665 434/764/1664 478/728/1228 412/727/1227
s 79
f 465/1039/1666 466/1040/1667 585/1041/1668 542/1042/1669
f 585/1041/1668 466/1040/1667 417/970/1578 586/969/1577
s off
f 410/1043/1670 408/1044/1671 571/1045/1672 587/1046/1673
f 406/1047/1674 411/1048/1675 588/1049/1676 517/1050/1677
f 441/1051/1678 410/1052/1679 587/1053/1680 589/1054/1681
f 411/1055/1682 428/1056/1683 590/1057/1684 588/1058/1685
f 428/1059/1686 441/1060/1687 589/1061/1688 590/1062/1689
s 82
f 518/876/1690 517/875/1691 588/1063/1692 591/1064/1693
f 591/1064/1693 588/1063/1692 590/1065/1694 592/1066/1695
f 592/1066/1695 590/1065/1694 589/1067/1696 593/1068/1697
f 593/1068/1697 589/1067/1696 587/1069/1698 594/1070/1699
f 594/1070/1699 587/1069/1698 571/966/1700 570/965/1701
s off
f 521/899/1702 518/915/1703 570/1005/1704 569/990/1705
f 526/922/1706 527/926/1707 567/1016/1708 566/1013/1709
f 527/926/1710 520/900/1711 568/989/1712 567/1016/1713
f 520/900/1714 521/899/1715 569/990/1716 568/989/1717
f 514/852/1718 513/851/1719 554/942/1720 553/941/1721
f 513/864/1722 516/863/1723 555/954/1724 554/953/1725
f 516/860/1726 509/859/1727 556/950/1728 555/949/1729
f 509/840/1730 508/839/1731 557/930/1732 556/929/1733
f 508/844/1734 510/843/1735 558/934/1736 557/933/1737
f 510/868/1738 512/867/1739 559/958/1740 558/957/1741
f 512/848/1742 511/847/1743 560/938/1744 559/937/1745
f 511/856/1746 515/855/1747 561/946/1748 560/945/1749
f 515/904/1750 522/903/1751 562/994/1752 561/993/1753
f 522/908/1754 523/907/1755 563/998/1756 562/997/1757
f 523/912/1758 524/911/1759 564/1002/1760 563/1001/1761
f 524/919/1762 525/918/1763 565/1009/1764 564/1008/1765
f 525/923/1766 526/922/1767 566/1013/1768 565/1012/1769
s 83
f 648/1071/1770 649/1072/1771 620/1073/1772 621/1074/1773
s 84
f 649/1075/1774 650/1076/1775 622/1077/1776 620/1078/1777
s 85
f 651/1079/1778 652/1080/1779 623/1081/1780 624/1082/1781
s 86
f 645/1083/1782 646/1084/1783 625/1085/1784 626/1086/1785
s 87
f 652/1087/1786 653/1088/1787 627/1089/1788 623/1090/1789
s 88
f 647/1091/1790 648/1092/1791 621/1093/1792 628/1094/1793
s 89
f 646/1095/1794 647/1096/1795 628/1097/1796 625/1098/1797
s 90
f 650/1099/1798 651/1100/1799 624/1101/1800 622/1102/1801
s 91
f 668/1103/1802 704/1104/1803 705/1105/1804 630/1106/1805
s 92
f 662/1107/1806 663/1108/1807 631/1109/1808 632/1110/1809
s 93
f 665/1111/1810 696/1112/1811 697/1113/1812 634/1114/1813
s 94
f 708/1115/1814 709/1116/1815 712/1328/1816 713/1329/1817
s 95
f 666/1117/1818 667/1118/1819 636/1119/1820 633/1120/1821
s 96
f 663/1121/1822 664/1122/1823 635/1123/1824 631/1124/1825
s 97
f 667/1125/1826 668/1126/1827 630/1127/1828 636/1128/1829
s 98
f 660/1129/1830 661/1130/1831 638/1131/1832 637/1132/1833
s 99
f 653/1133/1834 654/1134/1835 639/1135/1836 627/1136/1837
s 100
f 654/1137/1838 655/1138/1839 640/1139/1840 639/1140/1841
s 101
f 655/1141/1842 656/1142/1843 641/1143/1844 640/1144/1845
s 102
f 661/1145/1846 662/1146/1847 632/1147/1848 638/1148/1849
s 103
f 656/1149/1850 657/1150/1851 642/1151/1852 641/1152/1853
s 104
f 657/1153/1854 658/1154/1855 643/1155/1856 642/1156/1857
s 105
f 659/1157/1858 660/1158/1859 637/1159/1860 644/1160/1861
s 106
f 658/1161/1862 659/1162/1863 644/1163/1864 643/1164/1865
s 86
f 601/1165/1866 600/1166/1867 646/1084/1783 645/1083/1782
s 89
f 600/1167/1868 603/1168/1869 647/1096/1795 646/1095/1794
s 88
f 603/1169/1870 596/1170/1871 648/1092/1791 647/1091/1790
s 83
f 596/1171/1872 595/1172/1873 649/1072/1771 648/1071/1770
s 84
f 595/1173/1874 597/1174/1875 650/1076/1775 649/1075/1774
s 90
f 597/1175/1876 599/1176/1877 651/1100/1799 650/1099/1798
s 85
f 599/1177/1878 598/1178/1879 652/1080/1779 651/1079/1778
s 87
f 598/1179/1880 602/1180/1881 653/1088/1787 652/1087/1786
s 99
f 602/1181/1882 614/1182/1883 654/1134/1835 653/1133/1834
s 100
f 614/1183/1884 615/1184/1885 655/1138/1839 654/1137/1838
s 101
f 615/1185/1886 616/1186/1887 656/1142/1843 655/1141/1842
s 103
f 616/1187/1888 617/1188/1889 657/1150/1851 656/1149/1850
s 104
f 617/1189/1890 618/1190/1891 658/1154/1855 657/1153/1854
s 106
f 618/1191/1892 619/1192/1893 659/1162/1863 658/1161/1862
s 105
f 619/1193/1894 612/1194/1895 660/1158/1859 659/1157/1858
s 98
f 612/1195/1896 613/1196/1897 661/1130/1831 660/1129/1830
s 102
f 613/1197/1898 607/1198/1899 662/1146/1847 661/1145/1846
s 92
f 607/1199/1900 606/1200/1901 663/1108/1807 662/1107/1806
s 96
f 606/1201/1902 610/1202/1903 664/1122/1823 663/1121/1822
s 94
f 707/1203/1904 708/1115/1814 713/1329/1817 714/1330/1905
s 93
f 609/1204/1906 695/1205/1907 696/1112/1811 665/1111/1810
s 95
f 608/1206/1908 611/1207/1909 667/1118/1819 666/1117/1818
s 97
f 611/1208/1910 605/1209/1911 668/1126/1827 667/1125/1826
s 91
f 605/1210/1912 703/1211/1913 704/1104/1803 668/1103/1802
s off
f 626/1212/1914 625/1213/1915 671/1214/1916 670/1215/1917
f 625/1216/1918 628/1217/1919 672/1218/1920 671/1219/1921
f 628/1220/1922 621/1221/1923 673/1222/1924 672/1223/1925
f 621/1224/1926 620/1225/1927 674/1226/1928 673/1227/1929
f 620/1228/1930 622/1229/1931 675/1230/1932 674/1231/1933
f 622/1232/1934 624/1233/1935 676/1234/1936 675/1235/1937
f 624/1236/1938 623/1237/1939 677/1238/1940 676/1239/1941
f 623/1240/1942 627/1241/1943 678/1242/1944 677/1243/1945
f 627/1244/1946 639/1245/1947 679/1246/1948 678/1247/1949
f 639/1248/1950 640/1249/1951 680/1250/1952 679/1251/1953
f 640/1252/1954 641/1253/1955 681/1254/1956 680/1255/1957
f 641/1256/1958 642/1257/1959 682/1258/1960 681/1259/1961
f 642/1260/1962 643/1261/1963 683/1262/1964 682/1263/1965
f 643/1264/1966 644/1265/1967 684/1266/1968 683/1267/1969
f 644/1268/1970 637/1269/1971 685/1270/1972 684/1271/1973
f 637/1272/1974 638/1273/1975 686/1274/1976 685/1275/1977
f 638/1276/1978 632/1277/1979 687/1278/1980 686/1279/1981
f 632/1280/1982 631/1281/1983 688/1282/1984 687/1283/1985
f 631/1284/1986 635/1285/1987 689/1286/1988 688/1287/1989
s 107
f 709/1288/1990 710/1289/1991 711/1326/1992 712/1327/1993
s 108
f 634/1290/1994 697/1291/1995 698/1292/1996 690/1293/1997
s off
f 633/1294/1998 636/1295/1999 692/1296/2000 691/1297/2001
f 636/1298/2002 630/1299/2003 693/1300/2004 692/1301/2005
s 109
f 630/1302/2006 705/1303/2007 706/1304/2008 693/1305/2009
s 93
f 696/1112/1811 695/1205/1907 699/1306/2010 700/1307/2011
f 697/1113/1812 696/1112/1811 700/1307/2011 701/1308/2012
s 108
f 698/1292/1996 697/1291/1995 701/1309/2013 702/1310/2014
s 93
f 700/1307/2011 699/1306/2010 608/1311/2015 666/1312/2016
f 701/1308/2012 700/1307/2011 666/1312/2016 633/1313/2017
s 108
f 702/1310/2014 701/1309/2013 633/1314/2018 691/1315/2019
s 91
f 704/1104/1803 703/1211/1913 604/1316/2020 669/1317/2021
f 705/1105/1804 704/1104/1803 669/1317/2021 629/1318/2022
s 109
f 706/1304/2008 705/1303/2007 629/1319/2023 694/1320/2024
s 94
f 708/1115/1814 707/1203/1904 609/1321/2025 665/1322/2026
f 709/1116/1815 708/1115/1814 665/1322/2026 634/1323/2027
s 107
f 710/1289/1991 709/1288/1990 634/1324/2028 690/1325/2029
f 712/1327/1993 711/1326/1992 689/1332/2030 635/1331/2031
s 94
f 713/1329/1817 712/1328/1816 635/1334/2032 664/1333/2033
f 714/1330/1905 713/1329/1817 664/1333/2033 610/1335/2034
s 110
f 768/1336/2035 769/1337/2036 740/1338/2037 741/1339/2038
s 111
f 769/1340/2039 770/1341/2040 742/1342/2041 740/1343/2042
s 112
f 771/1344/2043 772/1345/2044 743/1346/2045 744/1347/2046
s 113
f 765/1348/2047 766/1349/2048 745/1350/2049 746/1351/2050
s 114
f 772/1352/2051 773/1353/2052 747/1354/2053 743/1355/2054
s 115
f 767/1356/2055 768/1357/2056 741/1358/2057 748/1359/2058
s 116
f 766/1360/2059 767/1361/2060 748/1362/2061 745/1363/2062
s 117
f 770/1364/2063 771/1365/2064 744/1366/2065 742/1367/2066
s 118
f 788/1368/2067 824/1369/2068 825/1370/2069 750/1371/2070
s 119
f 782/1372/2071 783/1373/2072 751/1374/2073 752/1375/2074
s 120
f 785/1376/2075 816/1377/2076 817/1378/2077 754/1379/2078
s 121
f 828/1380/2079 829/1381/2080 832/1591/2081 833/1592/2082
s 122
f 786/1382/2083 787/1383/2084 756/1384/2085 753/1385/2086
s 123
f 783/1386/2087 784/1387/2088 755/1388/2089 751/1389/2090
s 124
f 787/1390/2091 788/1391/2092 750/1392/2093 756/1393/2094
s 125
f 780/1394/2095 781/1395/2096 758/1396/2097 757/1397/2098
s 126
f 773/1398/2099 774/1399/2100 759/1400/2101 747/1401/2102
s 127
f 774/1402/2103 775/1403/2104 760/1404/2105 759/1405/2106
s 128
f 775/1406/2107 776/1407/2108 761/1408/2109 760/1409/2110
s 129
f 781/1410/2111 782/1411/2112 752/1412/2113 758/1413/2114
s 130
f 776/1414/2115 777/1415/2116 762/1416/2117 761/1417/2118
s 131
f 777/1418/2119 778/1419/2120 763/1420/2121 762/1421/2122
s 132
f 779/1422/2123 780/1423/2124 757/1424/2125 764/1425/2126
s 133
f 778/1426/2127 779/1427/2128 764/1428/2129 763/1429/2130
s 113
f 721/1430/2131 720/1431/2132 766/1349/2048 765/1348/2047
s 116
f 720/1432/2133 723/1433/2134 767/1361/2060 766/1360/2059
s 115
f 723/1434/2135 716/1435/2136 768/1357/2056 767/1356/2055
s 110
f 716/1436/2137 715/1437/2138 769/1337/2036 768/1336/2035
s 111
f 715/1438/2139 717/1439/2140 770/1341/2040 769/1340/2039
s 117
f 717/1440/2141 719/1441/2142 771/1365/2064 770/1364/2063
s 112
f 719/1442/2143 718/1443/2144 772/1345/2044 771/1344/2043
s 114
f 718/1444/2145 722/1445/2146 773/1353/2052 772/1352/2051
s 126
f 722/1446/2147 734/1447/2148 774/1399/2100 773/1398/2099
s 127
f 734/1448/2149 735/1449/2150 775/1403/2104 774/1402/2103
s 128
f 735/1450/2151 736/1451/2152 776/1407/2108 775/1406/2107
s 130
f 736/1452/2153 737/1453/2154 777/1415/2116 776/1414/2115
s 131
f 737/1454/2155 738/1455/2156 778/1419/2120 777/1418/2119
s 133
f 738/1456/2157 739/1457/2158 779/1427/2128 778/1426/2127
s 132
f 739/1458/2159 732/1459/2160 780/1423/2124 779/1422/2123
s 125
f 732/1460/2161 733/1461/2162 781/1395/2096 780/1394/2095
s 129
f 733/1462/2163 727/1463/2164 782/1411/2112 781/1410/2111
s 119
f 727/1464/2165 726/1465/2166 783/1373/2072 782/1372/2071
s 123
f 726/1466/2167 730/1467/2168 784/1387/2088 783/1386/2087
s 121
f 827/1468/2169 828/1380/2079 833/1592/2082 834/1593/2170
s 120
f 729/1469/2171 815/1470/2172 816/1377/2076 785/1376/2075
s 122
f 728/1471/2173 731/1472/2174 787/1383/2084 786/1382/2083
s 124
f 731/1473/2175 725/1474/2176 788/1391/2092 787/1390/2091
s 118
f 725/1475/2177 823/1476/2178 824/1369/2068 788/1368/2067
s off
f 746/1477/2179 745/1478/2180 791/1479/2181 790/1480/2182
f 745/1481/2183 748/1482/2184 792/1483/2185 791/1484/2186
f 748/1485/2187 741/1486/2188 793/1487/2189 792/1488/2190
f 741/1489/2191 740/1490/2192 794/1491/2193 793/1492/2194
f 740/1493/2195 742/1494/2196 795/1495/2197 794/1496/2198
f 742/1497/2199 744/1498/2200 796/1499/2201 795/1500/2202
f 744/1501/2203 743/1502/2204 797/1503/2205 796/1504/2206
f 743/1505/2207 747/1506/2208 798/1507/2209 797/1503/2210
f 747/1508/2211 759/1509/2212 799/1510/2213 798/1511/2214
f 759/1512/2215 760/1513/2216 800/1514/2217 799/1515/2218
f 760/1516/2219 761/1517/2220 801/1518/2221 800/1519/2222
f 761/1520/2223 762/1521/2224 802/1522/2225 801/1523/2226
f 762/1524/2227 763/1525/2228 803/1526/2229 802/1527/2230
f 763/1528/2231 764/1529/2232 804/1530/2233 803/1531/2234
f 764/1532/2235 757/1533/2236 805/1534/2237 804/1535/2238
f 757/1536/2239 758/1537/2240 806/1538/2241 805/1534/2242
f 758/1539/2243 752/1540/2244 807/1541/2245 806/1542/2246
f 752/1543/2247 751/1544/2248 808/1545/2249 807/1546/2250
f 751/1547/2251 755/1548/2252 809/1549/2253 808/1550/2254
s 134
f 829/1551/2255 830/1552/2256 831/1589/2257 832/1590/2258
s 135
f 754/1553/2259 817/1554/2260 818/1555/2261 810/1556/2262
s off
f 753/1557/2263 756/1558/2264 812/1559/2265 811/1560/2266
f 756/1561/2267 750/1562/2268 813/1563/2269 812/1564/2270
s 136
f 750/1565/2271 825/1566/2272 826/1567/2273 813/1568/2274
s 120
f 816/1377/2076 815/1470/2172 819/1569/2275 820/1570/2276
f 817/1378/2077 816/1377/2076 820/1570/2276 821/1571/2277
s 135
f 818/1555/2261 817/1554/2260 821/1572/2278 822/1573/2279
s 120
f 820/1570/2276 819/1569/2275 728/1574/2280 786/1575/2281
f 821/1571/2277 820/1570/2276 786/1575/2281 753/1576/2282
s 135
f 822/1573/2279 821/1572/2278 753/1577/2283 811/1578/2284
s 118
f 824/1369/2068 823/1476/2178 724/1579/2285 789/1580/2286
f 825/1370/2069 824/1369/2068 789/1580/2286 749/1581/2287
s 136
f 826/1567/2273 825/1566/2272 749/1582/2288 814/1583/2289
s 121
f 828/1380/2079 827/1468/2169 729/1584/2290 785/1585/2291
f 829/1381/2080 828/1380/2079 785/1585/2291 754/1586/2292
s 134
f 830/1552/2256 829/1551/2255 754/1587/2293 810/1588/2294
f 832/1590/2258 831/1589/2257 809/1595/2295 755/1594/2296
s 121
f 833/1592/2082 832/1591/2081 755/1597/2297 784/1596/2298
f 834/1593/2170 833/1592/2082 784/1596/2298 730/1598/2299
s off
f 837/1600/2300 839/1599/2301 852/1601/2302 850/1602/2303
f 850/1602/2304 852/1601/2305 841/1603/2306 838/1606/2307
s 137
f 841/1603/2308 907/1604/2309 894/1605/2310 838/1606/2311
s off
f 836/1607/2312 842/1608/2313 851/1622/2314 849/1621/2315
f 871/1609/2316 841/1603/2317 852/1601/2318 869/1623/2319
f 844/1610/2320 891/1611/2321 878/1612/2322
f 899/1613/2323 847/1614/2324 855/1615/2325 903/1616/2326
f 877/1617/2327 843/1618/2328 853/1619/2329 881/1620/2330
f 840/1625/2331 835/1624/2332 849/1621/2333 851/1622/2334
f 839/1599/2335 870/1626/2336 869/1623/2337 852/1601/2338
f 844/1610/2339 878/1612/2340 882/1627/2341 854/1628/2342
s 138
f 1155/1629/2343 1156/1630/2344 876/1631/2345 880/1632/2346
s off
f 906/1633/2347 868/1634/2348 846/1635/2349 895/1636/2350
f 868/1634/2351 889/1637/2352 874/1638/2353 846/1635/2354
f 904/1639/2355 907/1604/2356 863/1640/2357
f 860/1641/2358 858/1642/2359 864/1643/2360
f 875/1644/2361 888/1645/2362 891/1611/2363 844/1610/2364
f 860/1641/2365 898/1646/2366 902/1647/2367 862/1648/2368
f 843/1618/2369 884/1649/2370 886/1650/2371 872/1651/2372
f 890/1652/2373 867/1653/2374 848/1654/2375 879/1655/2376
s 139
f 1156/1630/2377 1157/1656/2378 885/1657/2379 876/1631/2380
s off
f 892/1658/2381 845/1659/2382 865/1660/2383 909/1661/2384
s 140
f 885/1657/2385 1157/1656/2386 1158/1662/2387 887/1663/2388
s off
f 910/1664/2389 866/1665/2390 847/1614/2391 899/1613/2392
f 877/1617/2393 884/1649/2394 843/1618/2395
f 897/1666/2396 860/1641/2397 862/1648/2398 901/1667/2399
f 904/1639/2400 863/1640/2401 897/1666/2402
f 840/1625/2403 851/1622/2404 861/1668/2405 857/1672/2406
f 848/1654/2407 896/1669/2408 900/1670/2409 856/1671/2410
f 861/1668/2411 851/1622/2412 842/1608/2413 859/1674/2414
f 860/1641/2415 864/1643/2416 911/1673/2417 898/1646/2418
f 868/1675/2419 906/1676/2420 905/1677/2421 867/1653/2422
f 889/1678/2423 868/1675/2424 867/1653/2425 890/1652/2426
s 141
f 1158/1679/2427 1076/1680/2428 873/1681/2429 887/1682/2430
s off
f 879/1655/2431 848/1654/2432 856/1671/2433 883/1683/2434
f 866/1684/2435 910/1685/2436 909/1661/2437 865/1660/2438
f 857/1672/2439 861/1668/2440 869/1623/2441 870/1626/2442
f 871/1609/2443 869/1623/2444 861/1668/2445 859/1674/2446
f 864/1643/2447 908/1686/2448 911/1673/2449
f 879/1655/2450 883/1683/2451 882/1687/2452 878/1688/2453
f 877/1617/2454 881/1620/2455 880/1689/2456 876/1690/2457
f 886/1650/2458 884/1649/2459 885/1691/2460 887/1692/2461
f 891/1611/2462 888/1645/2463 889/1693/2464 890/1694/2465
f 876/1631/2466 885/1657/2467 884/1695/2468 877/1696/2469
f 887/1692/2470 873/1697/2471 872/1651/2472 886/1650/2473
f 874/1698/2474 889/1693/2475 888/1645/2476 875/1644/2477
f 890/1652/2478 879/1655/2479 878/1688/2480 891/1699/2481
f 897/1666/2482 863/1640/2483 858/1642/2484 860/1641/2485
f 867/1653/2486 905/1677/2487 896/1669/2488 848/1654/2489
f 902/1700/2490 898/1701/2491 899/1613/2492 903/1616/2493
f 900/1670/2494 896/1669/2495 897/1702/2496 901/1703/2497
f 905/1677/2498 906/1676/2499 907/1704/2500 904/1705/2501
f 909/1706/2502 910/1664/2503 911/1707/2504 908/1708/2505
f 894/1709/2506 907/1710/2507 906/1633/2508 895/1636/2509
f 904/1705/2510 897/1702/2511 896/1669/2512 905/1677/2513
f 908/1711/2514 893/1712/2515 892/1658/2516 909/1661/2517
f 898/1701/2518 911/1707/2519 910/1664/2520 899/1613/2521
f 1048/1713/2522 1049/1714/2523 919/1715/2524 1001/1716/2525
f 1001/1716/2526 919/1715/2527 1009/1717/2528 1003/1718/2529
f 1041/1719/2530 1042/1720/2531 918/1721/2532 912/1722/2533
f 1046/1723/2534 1047/1724/2535 1002/1725/2536 956/1726/2537
f 1034/1727/2538 1035/1728/2539 916/1729/2540 917/1730/2541
f 1040/1731/2542 1041/1719/2543 912/1722/2544 961/1732/2545
f 1038/1733/2546 1039/1734/2547 913/1735/2548 914/1736/2549
f 1037/1737/2550 1038/1733/2551 914/1736/2552 915/1738/2553
f 1036/1739/2554 1037/1740/2555 915/1741/2556 962/1742/2557
f 942/1743/2558 947/1744/2559 926/1745/2560 922/1746/2561
f 947/1744/2562 946/1747/2563 925/1748/2564 926/1745/2565
f 970/1749/2566 945/1750/2567 923/1751/2568 963/1752/2569
f 945/1750/2570 943/1756/2571 920/1757/2572 923/1751/2573
f 969/1758/2574 942/1759/2575 922/1760/2576 964/1761/2577
f 922/1746/2578 926/1745/2579 934/1762/2580 928/1763/2581
f 926/1745/2582 925/1748/2583 933/1764/2584 934/1762/2585
f 963/1752/2586 923/1751/2587 931/1765/2588 965/1766/2589
f 924/1755/2590 921/1754/2591 930/1767/2592 932/1768/2593
f 923/1751/2594 920/1757/2595 929/1769/2596 931/1765/2597
f 964/1761/2598 922/1760/2599 928/1770/2600 966/1771/2601
f 1031/1772/2602 979/1773/2603 977/1774/2604 1030/1775/2605
f 962/1742/2606 915/1741/2607 940/1776/2608 967/1777/2609
f 912/1722/2610 918/1721/2611 935/1778/2612 937/1779/2613
f 956/1726/2614 1002/1725/2615 1004/1780/2616 957/1781/2617
f 961/1732/2618 912/1722/2619 937/1779/2620 968/1783/2621
f 914/1736/2622 913/1735/2623 938/1784/2624 939/1785/2625
f 915/1738/2626 914/1736/2627 939/1785/2628 940/1786/2629
f 996/1787/2630 1000/1788/2631 979/1773/2632 1031/1772/2633
s 142
f 998/1789/2634 960/1790/2635 1174/1791/2636 1175/1792/2637
s off
f 998/1789/2638 991/1793/2639 953/1794/2640 960/1790/2641
s 143
f 1057/1795/2642 1058/1796/2643 999/1797/2644 980/1798/2645
s 144
f 1113/1799/2646 1114/1800/2647 1366/2548/2648 1367/2549/2649
s off
f 950/1804/2650 958/1805/2651 960/1790/2652 953/1794/2653
f 992/1806/2654 997/1807/2655 957/1781/2656 1004/1780/2657
s 145
f 958/1805/2658 1173/1808/2659 1174/1791/2660 960/1790/2661
s 146
f 1367/2549/2662 1368/2550/2663 1172/1810/2664 1113/1799/2665
s off
f 973/1811/2666 1029/1812/2667 1033/1813/2668 975/1814/2669
f 1043/1815/2670 1044/1816/2671 1029/1812/2672 973/1811/2673
f 913/1735/2674 961/1732/2675 968/1783/2676 938/1784/2677
f 916/1729/2678 962/1742/2679 967/1777/2680 936/1782/2681
f 921/1754/2682 964/1761/2683 966/1771/2684 930/1767/2685
f 925/1748/2686 963/1752/2687 965/1766/2688 933/1764/2689
f 944/1753/2690 969/1758/2691 964/1761/2692 921/1754/2693
f 946/1747/2694 970/1749/2695 963/1752/2696 925/1748/2697
f 1035/1728/2698 1036/1739/2699 962/1742/2700 916/1729/2701
f 1039/1734/2702 1040/1731/2703 961/1732/2704 913/1735/2705
s 147
f 971/1822/2706 972/1818/2707 1142/1817/2708 1143/1819/2709
s 148
f 1143/1819/2710 1144/1820/2711 1050/1821/2712 971/1822/2713
s off
f 918/1721/2714 973/1811/2715 975/1814/2716 935/1778/2717
f 989/1823/2718 1110/1824/2719 1033/1813/2720 1032/1825/2721
f 943/1756/2722 976/1826/2723 974/1827/2724 920/1757/2725
f 1042/1720/2726 1043/1815/2727 973/1811/2728 918/1721/2729
f 956/1726/2730 957/1781/2731 1177/1828/2732 1032/1825/2733 1028/1829/2734
f 1045/1830/2735 1046/1723/2736 956/1726/2737 1028/1829/2738
s 149
f 957/1781/2739 997/1807/2740 1176/1831/2741 1177/1828/2742
s off
f 999/1797/2743 995/1832/2744 955/1833/2745 980/1798/2746
s 150
f 1000/1788/2747 1059/1834/2748 1060/1835/2749 979/1773/2750
s 151
f 984/1836/2751 981/1837/2752 1137/1838/2753 1138/1839/2754
s 152
f 1139/1840/2755 1140/1841/2756 982/1842/2757 983/1843/2758
s 153
f 1138/1839/2759 1139/1840/2760 983/1843/2761 984/1836/2762
s 154
f 977/1774/2763 979/1773/2764 1060/1835/2765 1061/1844/2766
s 155
f 1140/1841/2767 1141/1845/2768 1116/1846/2769 982/1842/2770
s 156
f 997/1807/2771 998/1848/2772 1175/1849/2773 1176/1831/2774
s off
f 1000/1788/2775 996/1787/2776 995/1832/2777 999/1850/2778
f 991/1851/2779 998/1848/2780 997/1807/2781 992/1806/2782
s 157
f 1058/1852/2783 1059/1834/2784 1000/1788/2785 999/1850/2786
s off
f 1008/1853/2787 978/1854/2788 1007/1855/2789
f 1002/1856/2790 1047/1857/2791 1048/1713/2792 1001/1716/2793
f 1001/1858/2794 1003/1859/2795 1004/1780/2796 1002/1725/2797
f 1005/1860/2798 1008/1861/2799 1007/1862/2800 1006/1863/2801
f 992/1864/2802 1004/1865/2803 1003/1718/2804 991/1866/2805
f 941/1867/2806 1009/1717/2807 919/1715/2808
f 991/1866/2809 1003/1718/2810 1009/1717/2811 953/1868/2812
f 941/1867/2813 950/1869/2814 953/1868/2815 1009/1717/2816
s 158
f 1114/1800/2817 1115/1870/2818 1365/2547/2819 1366/2548/2820
s 159
f 1055/1872/2821 1056/1873/2822 1027/1874/2823 1020/1875/2824
s 160
f 1021/1876/2825 1054/1877/2826 1055/1872/2827 1020/1875/2828
s 161
f 1026/1878/2829 1018/1879/2830 1160/1880/2831 1161/1881/2832
s 162
f 1019/1882/2833 1159/1883/2834 1160/1880/2835 1018/1879/2836
s 163
f 1149/1884/2837 1150/1885/2838 1023/1886/2839 1012/1887/2840
s 164
f 1013/1888/2841 1148/1889/2842 1149/1884/2843 1012/1887/2844
s off
f 1026/1878/2845 1024/1890/2846 1014/1891/2847 1018/1879/2848
f 1015/1892/2849 1019/1882/2850 1018/1879/2851 1014/1891/2852
f 1027/1874/2853 1022/1893/2854 1011/1894/2855 1020/1875/2856
f 1010/1895/2857 1021/1876/2858 1020/1875/2859 1011/1894/2860
f 985/1896/2861 1015/1892/2862 1014/1891/2863 988/1897/2864
f 1017/1898/2865 927/1899/2866 978/1854/2867 1016/1900/2868
f 980/1901/2869 955/1902/2870 1022/1893/2871 1027/1874/2872
f 959/1802/2873 951/1801/2874 1024/1890/2875 1026/1878/2876
s 165
f 1150/1885/2877 1151/1903/2878 948/1904/2879 1023/1886/2880
s 166
f 959/1802/2881 1026/1878/2882 1161/1881/2883 1162/1809/2884
s 167
f 1056/1873/2885 1057/1905/2886 980/1901/2887 1027/1874/2888
s off
f 978/1854/2889 1008/1853/2890 1025/1906/2891 1016/1900/2892
f 988/1897/2893 1014/1891/2894 1024/1890/2895 987/1907/2896
f 987/1907/2897 1024/1890/2898 951/1801/2899 986/1871/2900
f 993/1908/2901 994/1909/2902 1005/1910/2903 1006/1911/2904
f 952/1912/2905 1005/1910/2906 994/1909/2907
f 1008/1853/2908 1005/1910/2909 952/1912/2910 1025/1906/2911
f 1029/1913/2912 1044/1914/2913 1045/1830/2914 1028/1829/2915
f 1033/1813/2916 1029/1913/2917 1028/1829/2918 1032/1825/2919
f 1051/1915/2920 929/1769/2921 920/1757/2922
f 1030/1775/2923 1062/1916/2924 1053/1917/2925
f 974/1827/2926 1052/1918/2927 1051/1915/2928 920/1757/2929
f 1030/1775/2930 1053/1919/2931 1052/1918/2932 974/1827/2933
s 160
f 1054/1877/2826 1017/1920/2934 1016/1921/2935 1055/1872/2827
s 159
f 1025/1922/2936 1056/1873/2822 1055/1872/2821 1016/1921/2937
s 167
f 952/1923/2938 1057/1905/2886 1056/1873/2885 1025/1922/2939
s 143
f 994/1924/2940 1058/1796/2643 1057/1795/2642 952/1925/2941
s 157
f 993/1926/2942 1059/1834/2784 1058/1852/2783 994/1927/2943
s 150
f 1060/1835/2749 1059/1834/2748 993/1926/2944 1006/1863/2945
s 154
f 1061/1844/2766 1060/1835/2765 1006/1863/2946 1007/1862/2947
s off
f 977/1774/2948 1063/1928/2949 1062/1916/2950 1030/1775/2951
s 168
f 1007/1855/2952 978/1854/2953 927/1899/2954 1064/1929/2955
f 1007/1862/2952 1064/1929/2955 1063/1928/2956 977/1774/2957 1061/1844/2958
s off
f 928/1930/2959 934/1931/2960 1065/1932/2961 1066/1933/2962
f 934/1934/2963 933/1935/2964 1067/1936/2965 1065/1937/2966
f 965/1938/2967 931/1939/2968 1068/1940/2969 1069/1941/2970
f 932/1942/2971 930/1943/2972 1070/1944/2973 1071/1945/2974
f 931/1946/2975 929/1947/2976 1072/1948/2977 1068/1949/2978
f 966/1950/2979 928/1951/2980 1066/1952/2981 1073/1953/2982
f 930/1954/2983 966/1955/2984 1073/1956/2985 1070/1957/2986
f 933/1958/2987 965/1959/2988 1069/1960/2989 1067/1961/2990
s 169
f 843/1962/2991 1137/1963/2992 981/1964/2993 853/1965/2994
s off
f 1054/1966/2995 1021/1967/2996 1074/1968/2997 1075/1969/2998
s 170
f 1019/1970/2999 1076/1971/3000 845/1972/3001 1159/1973/3002
s 171
f 836/1974/3003 1148/1975/3004 1013/1976/3005 893/1977/3006
s off
f 1019/1978/3007 1015/1979/3008 873/1980/3009 1076/1981/3010
f 1021/1982/3011 1010/1983/3012 835/1984/3013 1074/1985/3014
f 1015/1986/3015 985/1987/3016 872/1988/3017 873/1989/3018
f 927/1990/3019 1017/1991/3020 1078/1992/3021 1077/1993/3022
f 929/1994/3023 1051/1995/3024 1079/1996/3025 1072/1997/3026
f 1051/1998/3027 1052/1999/3028 1080/2000/3029 1079/2001/3030
f 1052/2002/3031 1053/2003/3032 1081/2004/3033 1080/2005/3034
f 1017/2006/3035 1054/2007/3036 1075/2008/3037 1078/1992/3038
f 1053/2009/3039 1062/2010/3040 1082/2011/3041 1081/2012/3042
f 1062/2013/3043 1063/2014/3044 1083/2015/3045 1082/2016/3046
f 1064/2017/3047 927/2018/3048 1077/1993/3049 1084/2019/3050
f 1063/2020/3051 1064/2021/3052 1084/2019/3053 1083/2015/3054
f 1120/2022/3055 1121/2023/3056 1085/2024/3057 1086/2025/3058
f 1121/2026/3059 1122/2027/3060 1087/2028/3061 1085/2029/3062
f 1123/2030/3063 1124/2031/3064 1088/2032/3065 1089/2033/3066
f 1117/2034/3067 1118/2035/3068 1090/2036/3069 1091/2037/3070
f 1124/2038/3071 1125/2039/3072 1092/2040/3073 1088/2041/3074
f 1119/2042/3075 1120/2043/3076 1086/2044/3077 1093/2045/3078
f 1118/2046/3079 1119/2047/3080 1093/2048/3081 1090/2049/3082
f 1122/2050/3083 1123/2051/3084 1089/2052/3085 1087/2053/3086
s 172
f 1145/2054/3087 844/2055/3088 854/2056/3089 1094/2057/3090
s off
f 1134/2058/3091 1135/2059/3092 1096/2060/3093 1097/2061/3094
s 173
f 1179/2062/3095 846/2063/3096 1136/2064/3097 1098/2065/3098
s 174
f 1146/2066/3099 838/2067/3100 894/2068/3101 1099/2069/3102
s off
f 1136/2070/3103 874/2071/3104 1101/2072/3105 1098/2073/3106
f 1135/2074/3107 837/2075/3108 1100/2076/3109 1096/2077/3110
f 874/2078/3111 875/2079/3112 1095/2080/3113 1101/2081/3114
f 1132/2082/3115 1133/2083/3116 1103/2084/3117 1102/2085/3118
f 1125/2086/3119 1126/2087/3120 1104/2088/3121 1092/2089/3122
f 1126/2090/3123 1127/2091/3124 1105/2092/3125 1104/2093/3126
f 1127/2094/3127 1128/2095/3128 1106/2096/3129 1105/2097/3130
f 1133/2083/3131 1134/2098/3132 1097/2099/3133 1103/2100/3134
f 1128/2101/3135 1129/2102/3136 1107/2103/3137 1106/2104/3138
f 1129/2105/3139 1130/2106/3140 1108/2107/3141 1107/2108/3142
f 1131/2109/3143 1132/2082/3144 1102/2110/3145 1109/2111/3146
f 1130/2106/3147 1131/2109/3148 1109/2112/3149 1108/2113/3150
f 1111/1847/3151 1110/1824/3152 989/2114/3153 990/2115/3154
s 175
f 1370/2553/3155 1371/2554/3156 1112/1803/3157 955/1833/3158
s 146
f 1373/2557/3159 1374/2558/3160 1113/1799/2665 1172/1810/2664
s 144
f 1374/2558/3161 1375/2559/3162 1114/1800/2647 1113/1799/2646
s 158
f 1115/1870/2818 1114/1800/2817 1375/2559/3163 1376/2561/3164
s 155
f 1377/2562/3165 1378/2563/3166 1116/1846/2769 1141/1845/2768
s 169
f 985/2123/3167 1137/1963/2992 843/1962/2991 872/2124/3168
s 151
f 1138/1839/2754 1137/1838/2753 985/2125/3169 988/2126/3170
s 153
f 988/2126/3171 987/2127/3172 1139/1840/2760 1138/1839/2759
s 152
f 987/2127/3173 986/2128/3174 1140/1841/2756 1139/1840/2755
s 155
f 1115/2129/3175 1141/1845/2768 1365/2546/3176
f 1376/2560/3177 1377/2562/3165 1141/1845/2768 1115/2129/3175
s 147
f 1142/1817/2708 941/1867/3178 919/1715/3179 1143/1819/2709
s 148
f 919/1715/3180 1049/1714/3181 1144/1820/2711 1143/1819/2710
s 172
f 875/2130/3182 844/2055/3088 1145/2054/3087 1095/2131/3183
s 174
f 1100/2133/3184 837/2132/3185 850/2135/3186 1147/2134/3187
f 1147/2134/3187 850/2135/3186 838/2067/3100 1146/2066/3099
s 171
f 1148/1975/3004 836/1974/3003 849/2136/3188 1152/2137/3189
s 164
f 1149/1884/2843 1148/1889/2842 1152/2138/3190 1153/2139/3191
s 163
f 1150/1885/2838 1149/1884/2837 1153/2139/3192 1154/2140/3193
s 165
f 1151/1903/2878 1150/1885/2877 1154/2140/3194 1112/2141/3195
s 171
f 1152/2137/3189 849/2136/3188 835/2169/3196 1010/2168/3197
s 164
f 1153/2139/3191 1152/2138/3190 1010/2170/3198 1011/2171/3199
s 163
f 1154/2140/3193 1153/2139/3192 1011/2171/3200 1022/2172/3201
s 165
f 1112/2141/3195 1154/2140/3194 1022/2172/3202 955/2122/3203
s 138
f 847/1614/3204 1156/1630/2344 1155/1629/2343 855/1615/3205
s 139
f 866/1665/3206 1157/1656/2378 1156/1630/2377 847/1614/3207
s 140
f 1158/1662/2387 1157/1656/2386 866/1665/3208 865/2142/3209
s 141
f 845/1659/3210 1076/1680/2428 1158/1679/2427 865/1660/3211
s 170
f 1159/1973/3002 845/1972/3001 892/2143/3212 1163/2144/3213
s 162
f 1160/1880/2835 1159/1883/2834 1163/2145/3214 1164/2146/3215
s 161
f 1161/1881/2832 1160/1880/2831 1164/2146/3216 1165/2147/3217
s 166
f 1162/1809/2884 1161/1881/2883 1165/2147/3218 1166/2148/3219
s 170
f 1163/2144/3213 892/2143/3212 893/2149/3220 1013/2150/3221
s 162
f 1164/2146/3215 1163/2145/3214 1013/2151/3222 1012/2152/3223
s 161
f 1165/2147/3217 1164/2146/3216 1012/2152/3224 1023/2153/3225
s 166
f 1166/2148/3219 1165/2147/3218 1023/2153/3226 948/2154/3227
s 146
f 1369/2551/3228 1151/2552/3229 1112/2155/3230 1167/2156/3231
f 1371/2555/3232 1372/2556/3233 1167/2156/3231 1112/2155/3230
s 145
f 1168/2159/3234 949/2160/3235 954/2163/3236 1169/2162/3237
s 142
f 1170/2161/3238 1169/2162/3239 954/2163/3240 990/2164/3241
s 156
f 1171/2165/3242 1170/2166/3243 990/2167/3244 989/1823/3245
s 149
f 1032/1825/3246 1171/2165/3247 989/1823/3248
s 146
f 1368/2550/2663 1369/2551/3228 1167/2156/3231 1172/1810/2664
f 1372/2556/3233 1373/2557/3159 1172/1810/2664 1167/2156/3231
s 145
f 1173/1808/2659 1168/2159/3234 1169/2162/3237 1174/1791/2660
s 142
f 1175/1792/2637 1174/1791/2636 1169/2162/3239 1170/2161/3238
s 156
f 1176/1831/2774 1175/1849/2773 1170/2166/3243 1171/2165/3242
s 149
f 1177/1828/2742 1176/1831/2741 1171/2165/3247 1032/1825/3246
s 137
f 908/1686/3249 842/1608/3250 836/1607/3251 893/2173/3252
f 864/1643/3253 842/1608/3250 908/1686/3249
f 859/1674/3254 842/1608/3250 864/1643/3253 858/1642/3255
f 859/1674/3254 858/1642/3255 863/1640/3256 871/1609/3257
f 871/1609/3257 863/1640/3256 907/1604/2309 841/1603/2308
s 173
f 894/2174/3258 895/2175/3259 1178/2176/3260 1099/2177/3261
f 1178/2176/3260 895/2175/3259 846/2063/3096 1179/2062/3095
s off
f 839/2178/3262 837/2179/3263 1135/2180/3264 1180/2181/3265
f 835/2182/3266 840/2183/3267 1181/2184/3268 1074/2185/3269
f 870/2186/3270 839/2187/3271 1180/2188/3272 1182/2189/3273
f 840/2190/3274 857/2191/3275 1183/2192/3276 1181/2193/3277
f 857/2194/3278 870/2195/3279 1182/2196/3280 1183/2197/3281
s 178
f 1075/1969/3282 1074/1968/3283 1181/2198/3284 1184/2199/3285
f 1184/2199/3285 1181/2198/3284 1183/2200/3286 1185/2201/3287
f 1185/2201/3287 1183/2200/3286 1182/2202/3288 1186/2203/3289
f 1186/2203/3289 1182/2202/3288 1180/2204/3290 1187/2205/3291
f 1187/2205/3291 1180/2204/3290 1135/2059/3292 1134/2058/3293
s off
f 1078/1992/3294 1075/2008/3295 1134/2098/3296 1133/2083/3297
f 1083/2015/3298 1084/2019/3299 1131/2109/3300 1130/2106/3301
f 1084/2019/3302 1077/1993/3303 1132/2082/3304 1131/2109/3305
f 1077/1993/3306 1078/1992/3307 1133/2083/3308 1132/2082/3309
f 1071/1945/3310 1070/1944/3311 1118/2035/3312 1117/2034/3313
f 1070/1957/3314 1073/1956/3315 1119/2047/3316 1118/2046/3317
f 1073/1953/3318 1066/1952/3319 1120/2043/3320 1119/2042/3321
f 1066/1933/3322 1065/1932/3323 1121/2023/3324 1120/2022/3325
f 1065/1937/3326 1067/1936/3327 1122/2027/3328 1121/2026/3329
f 1067/1961/3330 1069/1960/3331 1123/2051/3332 1122/2050/3333
f 1069/1941/3334 1068/1940/3335 1124/2031/3336 1123/2030/3337
f 1068/1949/3338 1072/1948/3339 1125/2039/3340 1124/2038/3341
f 1072/1997/3342 1079/1996/3343 1126/2087/3344 1125/2086/3345
f 1079/2001/3346 1080/2000/3347 1127/2091/3348 1126/2090/3349
f 1080/2005/3350 1081/2004/3351 1128/2095/3352 1127/2094/3353
f 1081/2012/3354 1082/2011/3355 1129/2102/3356 1128/2101/3357
f 1082/2016/3358 1083/2015/3359 1130/2106/3360 1129/2105/3361
s 179
f 1241/2206/3362 1242/2207/3363 1213/2208/3364 1214/2209/3365
s 180
f 1242/2210/3366 1243/2211/3367 1215/2212/3368 1213/2213/3369
s 181
f 1244/2214/3370 1245/2215/3371 1216/2216/3372 1217/2217/3373
s 182
f 1238/2218/3374 1239/2219/3375 1218/2220/3376 1219/2221/3377
s 183
f 1245/2222/3378 1246/2223/3379 1220/2224/3380 1216/2225/3381
s 184
f 1240/2226/3382 1241/2227/3383 1214/2228/3384 1221/2229/3385
s 185
f 1239/2230/3386 1240/2231/3387 1221/2232/3388 1218/2233/3389
s 186
f 1243/2234/3390 1244/2235/3391 1217/2236/3392 1215/2237/3393
s 187
f 1261/2238/3394 1297/2239/3395 1298/2240/3396 1223/2241/3397
s 188
f 1255/2242/3398 1256/2243/3399 1224/2244/3400 1225/2245/3401
s 189
f 1258/2246/3402 1289/2247/3403 1290/2248/3404 1227/2249/3405
s 190
f 1301/2250/3406 1302/2251/3407 1305/2463/3408 1306/2464/3409
s 191
f 1259/2252/3410 1260/2253/3411 1229/2254/3412 1226/2255/3413
s 192
f 1256/2256/3414 1257/2257/3415 1228/2258/3416 1224/2259/3417
s 193
f 1260/2260/3418 1261/2261/3419 1223/2262/3420 1229/2263/3421
s 194
f 1253/2264/3422 1254/2265/3423 1231/2266/3424 1230/2267/3425
s 195
f 1246/2268/3426 1247/2269/3427 1232/2270/3428 1220/2271/3429
s 196
f 1247/2272/3430 1248/2273/3431 1233/2274/3432 1232/2275/3433
s 197
f 1248/2276/3434 1249/2277/3435 1234/2278/3436 1233/2279/3437
s 198
f 1254/2280/3438 1255/2281/3439 1225/2282/3440 1231/2283/3441
s 199
f 1249/2284/3442 1250/2285/3443 1235/2286/3444 1234/2287/3445
s 200
f 1250/2288/3446 1251/2289/3447 1236/2290/3448 1235/2291/3449
s 201
f 1252/2292/3450 1253/2293/3451 1230/2294/3452 1237/2295/3453
s 202
f 1251/2296/3454 1252/2297/3455 1237/2298/3456 1236/2299/3457
s 182
f 1194/2300/3458 1193/2301/3459 1239/2219/3375 1238/2218/3374
s 185
f 1193/2302/3460 1196/2303/3461 1240/2231/3387 1239/2230/3386
s 184
f 1196/2304/3462 1189/2305/3463 1241/2227/3383 1240/2226/3382
s 179
f 1189/2306/3464 1188/2307/3465 1242/2207/3363 1241/2206/3362
s 180
f 1188/2308/3466 1190/2309/3467 1243/2211/3367 1242/2210/3366
s 186
f 1190/2310/3468 1192/2311/3469 1244/2235/3391 1243/2234/3390
s 181
f 1192/2312/3470 1191/2313/3471 1245/2215/3371 1244/2214/3370
s 183
f 1191/2314/3472 1195/2315/3473 1246/2223/3379 1245/2222/3378
s 195
f 1195/2316/3474 1207/2317/3475 1247/2269/3427 1246/2268/3426
s 196
f 1207/2318/3476 1208/2319/3477 1248/2273/3431 1247/2272/3430
s 197
f 1208/2320/3478 1209/2321/3479 1249/2277/3435 1248/2276/3434
s 199
f 1209/2322/3480 1210/2323/3481 1250/2285/3443 1249/2284/3442
s 200
f 1210/2324/3482 1211/2325/3483 1251/2289/3447 1250/2288/3446
s 202
f 1211/2326/3484 1212/2327/3485 1252/2297/3455 1251/2296/3454
s 201
f 1212/2328/3486 1205/2329/3487 1253/2293/3451 1252/2292/3450
s 194
f 1205/2330/3488 1206/2331/3489 1254/2265/3423 1253/2264/3422
s 198
f 1206/2332/3490 1200/2333/3491 1255/2281/3439 1254/2280/3438
s 188
f 1200/2334/3492 1199/2335/3493 1256/2243/3399 1255/2242/3398
s 192
f 1199/2336/3494 1203/2337/3495 1257/2257/3415 1256/2256/3414
s 190
f 1307/2465/3496 1300/2338/3497 1301/2250/3406 1306/2464/3409
s 189
f 1202/2339/3498 1288/2340/3499 1289/2247/3403 1258/2246/3402
s 191
f 1201/2341/3500 1204/2342/3501 1260/2253/3411 1259/2252/3410
s 193
f 1204/2343/3502 1198/2344/3503 1261/2261/3419 1260/2260/3418
s 187
f 1198/2345/3504 1296/2346/3505 1297/2239/3395 1261/2238/3394
s off
f 1219/2347/3506 1218/2348/3507 1264/2349/3508 1263/2350/3509
f 1218/2351/3510 1221/2352/3511 1265/2353/3512 1264/2354/3513
f 1221/2355/3514 1214/2356/3515 1266/2357/3516 1265/2358/3517
f 1214/2359/3518 1213/2360/3519 1267/2361/3520 1266/2362/3521
f 1213/2363/3522 1215/2364/3523 1268/2365/3524 1267/2366/3525
f 1215/2367/3526 1217/2368/3527 1269/2369/3528 1268/2370/3529
f 1217/2371/3530 1216/2372/3531 1270/2373/3532 1269/2374/3533
f 1216/2375/3534 1220/2376/3535 1271/2377/3536 1270/2378/3537
f 1220/2379/3538 1232/2380/3539 1272/2381/3540 1271/2382/3541
f 1232/2383/3542 1233/2384/3543 1273/2385/3544 1272/2386/3545
f 1233/2387/3546 1234/2388/3547 1274/2389/3548 1273/2390/3549
f 1234/2391/3550 1235/2392/3551 1275/2393/3552 1274/2394/3553
f 1235/2395/3554 1236/2396/3555 1276/2397/3556 1275/2398/3557
f 1236/2399/3558 1237/2400/3559 1277/2401/3560 1276/2402/3561
f 1237/2403/3562 1230/2404/3563 1278/2405/3564 1277/2406/3565
f 1230/2407/3566 1231/2408/3567 1279/2409/3568 1278/2410/3569
f 1231/2411/3570 1225/2412/3571 1280/2413/3572 1279/2414/3573
f 1225/2415/3574 1224/2416/3575 1281/2417/3576 1280/2418/3577
f 1224/2419/3578 1228/2420/3579 1282/2421/3580 1281/2422/3581
s 203
f 1302/2423/3582 1303/2424/3583 1304/2461/3584 1305/2462/3585
s 204
f 1227/2425/3586 1290/2426/3587 1291/2427/3588 1283/2428/3589
s off
f 1226/2429/3590 1229/2430/3591 1285/2431/3592 1284/2432/3593
f 1229/2433/3594 1223/2434/3595 1286/2435/3596 1285/2436/3597
s 205
f 1223/2437/3598 1298/2438/3599 1299/2439/3600 1286/2440/3601
s 189
f 1289/2247/3403 1288/2340/3499 1292/2441/3602 1293/2442/3603
f 1290/2248/3404 1289/2247/3403 1293/2442/3603 1294/2443/3604
s 204
f 1291/2427/3588 1290/2426/3587 1294/2444/3605 1295/2445/3606
s 189
f 1293/2442/3603 1292/2441/3602 1201/2446/3607 1259/2447/3608
f 1294/2443/3604 1293/2442/3603 1259/2447/3608 1226/2448/3609
s 204
f 1295/2445/3606 1294/2444/3605 1226/2449/3610 1284/2450/3611
s 187
f 1297/2239/3395 1296/2346/3505 1197/2451/3612 1262/2452/3613
f 1298/2240/3396 1297/2239/3395 1262/2452/3613 1222/2453/3614
s 205
f 1299/2439/3600 1298/2438/3599 1222/2454/3615 1287/2455/3616
s 190
f 1301/2250/3406 1300/2338/3497 1202/2456/3617 1258/2457/3618
f 1302/2251/3407 1301/2250/3406 1258/2457/3618 1227/2458/3619
s 203
f 1303/2424/3583 1302/2423/3582 1227/2459/3620 1283/2460/3621
f 1305/2462/3585 1304/2461/3584 1282/2467/3622 1228/2466/3623
s 190
f 1306/2464/3409 1305/2463/3408 1228/2469/3624 1257/2468/3625
f 1203/2470/3626 1307/2465/3496 1306/2464/3409 1257/2468/3625
s off
f 604/1316/3627 703/1211/3628 1145/2054/3629 1094/2057/3630
f 703/1211/3631 605/1210/3632 1095/2131/3633 1145/2054/3634
f 605/1209/3635 611/1208/3636 1101/2081/3637 1095/2080/3638
f 611/1207/3639 608/1206/3640 1098/2073/3641 1101/2072/3642
f 608/1311/3643 699/1306/3644 1179/2062/3645 1098/2065/3646
f 699/1306/3647 695/1205/3648 1178/2176/3649 1179/2062/3650
f 695/1205/3651 609/1204/3652 1099/2177/3653 1178/2176/3654
f 609/1321/3655 707/1203/3656 1146/2066/3657 1099/2069/3658
f 1147/2134/3659 1146/2066/3660 707/1203/3661 714/1330/3662
f 1100/2133/3663 1147/2134/3664 714/1330/3665 610/1335/3666
f 610/1202/3667 606/1201/3668 1096/2077/3669 1100/2076/3670
f 606/1200/3671 607/1199/3672 1097/2061/3673 1096/2060/3674
f 607/1198/3675 613/1197/3676 1103/2100/3677 1097/2099/3678
f 613/1196/3679 612/1195/3680 1102/2085/3681 1103/2084/3682
f 612/1194/3683 619/1193/3684 1109/2111/3685 1102/2110/3686
f 619/1192/3687 618/1191/3688 1108/2113/3689 1109/2112/3690
f 618/1190/3691 617/1189/3692 1107/2108/3693 1108/2107/3694
f 617/1188/3695 616/1187/3696 1106/2104/3697 1107/2103/3698
f 616/1186/3699 615/1185/3700 1105/2097/3701 1106/2096/3702
f 615/1184/3703 614/1183/3704 1104/2093/3705 1105/2092/3706
f 614/1182/3707 602/1181/3708 1092/2089/3709 1104/2088/3710
f 602/1180/3711 598/1179/3712 1088/2041/3713 1092/2040/3714
f 598/1178/3715 599/1177/3716 1089/2033/3717 1088/2032/3718
f 599/1176/3719 597/1175/3720 1087/2053/3721 1089/2052/3722
f 597/1174/3723 595/1173/3724 1085/2029/3725 1087/2028/3726
f 595/1172/3727 596/1171/3728 1086/2025/3729 1085/2024/3730
f 596/1170/3731 603/1169/3732 1093/2045/3733 1086/2044/3734
f 603/1168/3735 600/1167/3736 1090/2049/3737 1093/2048/3738
f 600/1166/3739 601/1165/3740 1091/2037/3741 1090/2036/3742
f 493/871/3743 573/870/3744 706/1304/3745 694/1320/3746
f 573/870/3747 494/1021/3748 693/1305/3749 706/1304/3750
f 494/894/3751 497/893/3752 692/1301/3753 693/1300/3754
f 497/886/3755 499/885/3756 691/1297/3757 692/1296/3758
f 499/877/3759 583/880/3760 702/1310/3761 691/1315/3762
f 583/880/3763 584/1033/3764 698/1292/3765 702/1310/3766
f 584/1033/3767 496/1035/3768 690/1293/3769 698/1292/3770
f 496/883/3771 577/882/3772 710/1289/3773 690/1325/3774
f 711/1326/3775 710/1289/3776 577/882/3777 578/1030/3778
f 689/1332/3779 711/1326/3780 578/1030/3781 495/1036/3782
f 495/890/3783 500/889/3784 688/1287/3785 689/1286/3786
f 500/874/3787 504/873/3788 687/1283/3789 688/1282/3790
f 504/914/3791 498/913/3792 686/1279/3793 687/1278/3794
f 498/898/3795 483/897/3796 685/1275/3797 686/1274/3798
f 483/925/3799 507/924/3800 684/1271/3801 685/1270/3802
f 507/928/3803 506/927/3804 683/1267/3805 684/1266/3806
f 506/921/3807 505/920/3808 682/1263/3809 683/1262/3810
f 505/917/3811 503/916/3812 681/1259/3813 682/1258/3814
f 503/910/3815 502/909/3816 680/1255/3817 681/1254/3818
f 502/906/3819 501/905/3820 679/1251/3821 680/1250/3822
f 501/902/3823 485/901/3824 678/1247/3825 679/1246/3826
f 485/854/3827 487/853/3828 677/1243/3829 678/1242/3830
f 487/846/3831 491/845/3832 676/1239/3833 677/1238/3834
f 491/866/3835 489/865/3836 675/1235/3837 676/1234/3838
f 489/842/3839 490/841/3840 674/1231/3841 675/1230/3842
f 490/838/3843 484/837/3844 673/1227/3845 674/1226/3846
f 484/858/3847 492/857/3848 672/1223/3849 673/1222/3850
f 492/862/3851 486/861/3852 671/1219/3853 672/1218/3854
f 486/850/3855 488/849/3856 670/1215/3857 671/1214/3858
f 304/523/3859 384/522/3860 574/961/3861 537/964/3862
f 384/522/3863 305/673/3864 538/1024/3865 574/961/3866
f 305/546/3867 308/545/3868 544/988/3869 538/987/3870
f 308/538/3871 310/537/3872 541/980/3873 544/979/3874
f 310/529/3875 394/532/3876 586/969/3877 541/972/3878
f 394/532/3879 395/685/3880 585/1041/3881 586/969/3882
f 395/685/3883 307/687/3884 542/1042/3885 585/1041/3886
f 307/535/3887 388/534/3888 575/973/3889 542/976/3890
f 576/1027/3891 575/973/3892 388/534/3893 389/682/3894
f 543/1026/3895 576/1027/3896 389/682/3897 306/688/3898
f 306/542/3899 311/541/3900 539/984/3901 543/983/3902
f 311/526/3903 315/525/3904 540/968/3905 539/967/3906
f 315/566/3907 309/565/3908 546/1007/3909 540/1006/3910
f 309/550/3911 294/549/3912 545/992/3913 546/991/3914
f 294/577/3915 318/576/3916 552/1018/3917 545/1017/3918
f 318/580/3919 317/579/3920 551/1020/3921 552/1019/3922
f 317/573/3923 316/572/3924 550/1015/3925 551/1014/3926
f 316/569/3927 314/568/3928 549/1011/3929 550/1010/3930
f 314/562/3931 313/561/3932 548/1004/3933 549/1003/3934
f 313/558/3935 312/557/3936 547/1000/3937 548/999/3938
f 312/554/3939 296/553/3940 535/996/3941 547/995/3942
f 296/506/3943 298/505/3944 531/948/3945 535/947/3946
f 298/498/3947 302/497/3948 532/940/3949 531/939/3950
f 302/518/3951 300/517/3952 530/960/3953 532/959/3954
f 300/494/3955 301/493/3956 528/936/3957 530/935/3958
f 301/490/3959 295/489/3960 529/932/3961 528/931/3962
f 295/510/3963 303/509/3964 536/952/3965 529/951/3966
f 303/514/3967 297/513/3968 533/956/3969 536/955/3970
f 297/502/3971 299/501/3972 534/944/3973 533/943/3974
f 345/596/3975 344/595/3976 720/1431/3977 721/1430/3978
f 344/608/3979 347/607/3980 723/1433/3981 720/1432/3982
f 347/604/3983 340/603/3984 716/1435/3985 723/1434/3986
f 340/584/3987 339/583/3988 715/1437/3989 716/1436/3990
f 339/588/3991 341/587/3992 717/1439/3993 715/1438/3994
f 341/612/3995 343/611/3996 719/1441/3997 717/1440/3998
f 343/592/3999 342/591/4000 718/1443/4001 719/1442/4002
f 342/600/4003 346/599/4004 722/1445/4005 718/1444/4006
f 346/648/4007 358/647/4008 734/1447/4009 722/1446/4010
f 358/652/4011 359/651/4012 735/1449/4013 734/1448/4014
f 359/656/4015 360/655/4016 736/1451/4017 735/1450/4018
f 360/663/4019 361/662/4020 737/1453/4021 736/1452/4022
f 361/667/4023 362/666/4024 738/1455/4025 737/1454/4026
f 362/672/4027 363/671/4028 739/1457/4029 738/1456/4030
f 363/670/4031 356/669/4032 732/1459/4033 739/1458/4034
f 356/644/4035 357/643/4036 733/1461/4037 732/1460/4038
f 357/659/4039 351/658/4040 727/1463/4041 733/1462/4042
f 351/620/4043 350/619/4044 726/1465/4045 727/1464/4046
f 350/636/4047 354/635/4048 730/1467/4049 726/1466/4050
f 834/1593/4051 730/1598/4052 354/678/4053 387/679/4054
f 827/1468/4055 834/1593/4056 387/679/4057 386/625/4058
f 386/625/4059 353/628/4060 729/1584/4061 827/1468/4062
f 353/694/4063 396/693/4064 815/1470/4065 729/1469/4066
f 396/693/4067 397/621/4068 819/1569/4069 815/1470/4070
f 397/621/4071 352/624/4072 728/1574/4073 819/1569/4074
f 352/632/4075 355/631/4076 731/1472/4077 728/1471/4078
f 355/640/4079 349/639/4080 725/1474/4081 731/1473/4082
f 349/676/4083 385/613/4084 823/1476/4085 725/1475/4086
f 385/613/4087 348/616/4088 724/1579/4089 823/1476/4090
s 55
f 170/312/4091 1309/2473/579 1308/2471/578 185/315/4092
s 53
f 96/256/4093 1310/2475/523 1309/2472/522 170/259/4094
s 22
f 17/101/4095 1311/2476/168 1310/2474/167 96/106/4096
s 21
f 17/101/4097 16/102/4098 1312/2477/164 1311/2476/163
s 30
f 16/102/4099 80/151/4100 1313/2478/261 1312/2477/260
s 29
f 80/151/4101 65/142/4102 1314/2479/257 1313/2478/256
s 26
f 65/142/4103 64/143/4104 1315/2480/241 1314/2479/240
s 27
f 64/143/4105 66/146/4106 1316/2481/245 1315/2480/244
s 28
f 66/146/4107 155/148/4108 1317/2482/249 1316/2481/248
s 56
f 1329/2497/4109 1330/2498/4110 1319/2484/583 1318/2483/582
s 54
f 1330/2499/4111 1331/2500/4112 1320/2486/527 1319/2485/526
s 13
f 1331/2501/4113 1332/2502/4114 1321/2488/93 1320/2487/92
s 15
f 1332/2502/4115 1333/2503/4116 1322/2489/124 1321/2488/123
s 2
f 1346/2518/4117 1347/2519/9 1322/2489/12 1333/2503/4118
s 17
f 1334/2505/4119 1335/2506/4120 1324/2492/132 1323/2491/131
s 33
f 1335/2506/4121 1336/2507/4122 1325/2493/273 1324/2492/272
s 16
f 1336/2507/4123 1337/2508/4124 1326/2494/128 1325/2493/127
s 46
f 1337/2508/4125 1338/2509/4126 1327/2495/336 1326/2494/335
s 45
f 1338/2509/4127 1339/2510/4128 1328/2496/332 1327/2495/331
s 56
f 172/316/4129 1330/2498/4110 1329/2497/4109 187/319/4130
s 54
f 102/260/4131 1331/2500/4112 1330/2499/4111 172/263/4132
s 13
f 38/27/4133 1332/2502/4114 1331/2501/4113 102/72/4134
s 15
f 82/26/4135 1333/2503/4116 1332/2502/4115 38/27/4136
s 2
f 82/26/4137 1345/2517/4138 1346/2518/4117 1333/2503/4118
s 17
f 67/97/4139 1335/2506/4120 1334/2505/4119 4/98/4140
s 33
f 5/96/4141 1336/2507/4122 1335/2506/4121 67/97/4142
s 16
f 119/95/4143 1337/2508/4124 1336/2507/4123 5/96/4144
s 46
f 118/182/4145 1338/2509/4126 1337/2508/4125 119/95/4146
s 45
f 152/179/4147 1339/2510/4128 1338/2509/4127 118/182/4148
s off
f 104/82/4149 110/81/4150 796/1504/4151 797/1503/4152
f 110/81/4153 106/79/4154 795/1500/4155 796/1499/4156
f 106/79/4157 107/76/4158 794/1496/4159 795/1495/4160
f 107/76/4161 108/75/4162 793/1492/4163 794/1491/4164
f 108/88/4165 109/87/4166 792/1488/4167 793/1487/4168
f 109/87/4169 103/86/4170 791/1484/4171 792/1483/4172
f 103/86/4173 105/85/4174 790/1480/4175 791/1479/4176
f 147/209/4177 159/241/4178 804/1535/4179 805/1534/4180
f 159/241/4181 145/239/4182 803/1531/4183 804/1530/4184
f 145/239/4185 143/234/4186 802/1527/4187 803/1526/4188
f 143/234/4189 134/233/4190 801/1523/4191 802/1522/4192
f 134/226/4193 132/222/4194 800/1519/4195 801/1518/4196
f 132/222/4197 131/218/4198 799/1515/4199 800/1514/4200
f 131/218/4201 128/214/4202 798/1511/4203 799/1510/4204
f 128/214/4205 104/82/4206 797/1503/4207 798/1507/4208
s 47
f 1341/2512/340 1340/2511/339 1351/2524/4209 1352/2525/4210
s 48
f 1342/2513/345 1341/2512/344 1352/2525/4211 1353/2526/4212
s 3
f 1343/2514/26 1342/2513/25 1353/2526/4213 1354/2527/4214
s 24
f 1344/2515/301 1343/2514/300 1354/2527/4215 1355/2528/4216
s 1
f 1345/2516/6 1344/2515/5 1355/2528/4217 1356/2529/4218
s 2
f 1346/2518/4117 1345/2517/4138 1356/2530/4219 1357/2531/4220
f 1347/2519/9 1346/2518/4117 1357/2531/4220 1358/2532/4221
f 1348/2520/10 1347/2519/9 1358/2532/4221 1359/2533/4222
s 18
f 1349/2521/137 1348/2520/136 1359/2533/4223 1360/2534/4224
s 49
f 1350/2522/365 1349/2521/364 1360/2534/4225 1361/2535/4226
s 206
f 1350/2523/4227 1361/2536/4228 1362/2537/4229
s 47
f 1352/2525/4210 1351/2524/4209 152/184/4230 118/185/4231
s 48
f 1353/2526/4212 1352/2525/4211 118/185/4232 119/22/4233
s 3
f 1354/2527/4214 1353/2526/4213 119/22/4234 5/23/4235
s 24
f 1355/2528/4216 1354/2527/4215 5/23/4236 67/5/4237
s 1
f 1356/2529/4218 1355/2528/4217 67/5/4238 4/6/4239
s 2
f 1334/2504/4240 1357/2531/4220 1356/2530/4219 4/7/4241
f 1323/2490/4242 1358/2532/4221 1357/2531/4220 1334/2504/4240
f 1359/2533/4222 1358/2532/4221 1323/2490/4242 25/8/4243
s 18
f 1360/2534/4224 1359/2533/4223 25/8/4244 3/99/4245
s 49
f 1361/2535/4226 1360/2534/4225 3/99/4246 16/192/4247
s 206
f 17/101/4248 1362/2537/4229 1361/2536/4228 16/102/4249
s off
f 156/149/4250 1317/2482/4251 826/1567/4252 814/1583/4253
f 1317/2482/4254 155/148/4255 813/1568/4256 826/1567/4257
f 155/208/4258 154/187/4259 812/1564/4260 813/1563/4261
f 154/187/4262 153/180/4263 811/1560/4264 812/1559/4265
f 153/180/4266 1328/2496/4267 822/1573/4268 811/1578/4269
f 1328/2496/4270 1339/2510/4271 818/1555/4272 822/1573/4273
f 1339/2510/4274 152/179/4275 810/1556/4276 818/1555/4277
f 152/184/4278 1351/2524/4279 830/1552/4280 810/1588/4281
f 831/1589/4282 830/1552/4283 1351/2524/4284 1340/2511/4285
f 809/1595/4286 831/1589/4287 1340/2511/4288 151/183/4289
f 151/189/4290 150/177/4291 808/1550/4292 809/1549/4293
f 150/177/4294 149/176/4295 807/1546/4296 808/1545/4297
f 149/176/4298 148/232/4299 806/1542/4300 807/1541/4301
f 148/210/4302 147/209/4303 805/1534/4304 806/1538/4305
s 24
f 6/24/198 86/31/197 36/30/4306
s off
f 916/2538/4307 936/2539/4308 1363/2540/4309 917/2541/4310
f 944/2542/4311 921/2543/4312 924/2544/4313 1364/2545/4314
s 155
f 1365/2546/3176 1141/1845/2768 1140/1841/2767 986/2128/4315
s 158
f 1366/2548/2820 1365/2547/2819 986/1871/4316 951/1801/4317
s 144
f 1367/2549/2649 1366/2548/2648 951/1801/4318 959/1802/4319
s 146
f 1162/1809/4320 1368/2550/2663 1367/2549/2662 959/1802/4321
f 1166/2148/4322 1369/2551/3228 1368/2550/2663 1162/1809/4320
f 948/2154/4323 1151/2552/3229 1369/2551/3228 1166/2148/4322
s off
f 1370/2553/4324 1111/1847/4325 990/2115/4326 954/2116/4327
s 175
f 949/2117/4328 1371/2554/3156 1370/2553/3155 954/2116/4329
s 146
f 1168/2157/4330 1372/2556/3233 1371/2555/3232 949/2158/4331
f 1173/2119/4332 1373/2557/3159 1372/2556/3233 1168/2157/4330
f 958/2118/4333 1374/2558/3160 1373/2557/3159 1173/2119/4332
s 144
f 958/2118/4334 950/2120/4335 1375/2559/3162 1374/2558/3161
s 158
f 1376/2561/3164 1375/2559/3163 950/2120/4336 941/2121/4337
s 155
f 1142/1817/4338 1377/2562/3165 1376/2560/3177 941/1867/4339
f 972/1818/4340 1378/2563/3166 1377/2562/3165 1142/1817/4338
s off
f 955/1833/4341 995/1832/4342 1111/1847/4343 1370/2553/4344
f 995/1832/4345 996/1787/4346 1110/1824/4347 1111/1847/4348
f 1031/1772/4349 1030/1775/4350 974/1827/4351 976/1826/4352
f 996/1787/4353 1031/1772/4354 1033/1813/4355 1110/1824/4356
f 975/1814/4357 1033/1813/4358 1031/1772/4359 976/1826/4360
f 935/1778/4361 975/1814/4362 976/1826/4363 943/1756/4364
f 943/1756/4365 945/1750/4366 937/1779/4367 935/1778/4368
f 945/1750/4369 970/1749/4370 968/1783/4371 937/1779/4372
f 970/1749/4373 946/1747/4374 938/1784/4375 968/1783/4376
f 946/1747/4377 947/1744/4378 939/1785/4379 938/1784/4380
f 947/1744/4381 942/1743/4382 940/1786/4383 939/1785/4384
f 942/1759/4385 969/1758/4386 967/1777/4387 940/1776/4388
f 969/1758/4389 944/1753/4390 936/1782/4391 967/1777/4392
f 944/2542/4393 1364/2545/4394 1363/2540/4395 936/2539/4396
